ID,Language_ID,Primary_Text,Analyzed_Word,Gloss,Translated_Text,Meta_Language_ID,LGR_Conformance,Comment,Media_IDs,Position,Audio_Start,Audio_End,graid,add_orthography,Text_ID
gulamera_0001,mctondano,ketarètarè simèdo tabelang,#	ka-tarè-tarè	si=	<um>èdo	tabelang,#	very-RDP-new	3SG.NOM=	<AV>take	hard.bamboo,Firstly he will take the hard bamboo.,en,MORPHEME_ALIGNED,,gulamera_mp3 gulamera_wav gulamera_eaf gulamera_xml gulamera_tsv,,5210,8140,##	other	=pro.h:a_a	v:pred	np:p_a,,gulamera
gulamera_0002,mctondano,pasiwon ntangga,#	pa-siwo-en	ZERO	N=	tangga,#	DYN-do-PV	ZERO	INAN=	ladder,(He) makes a ladder.,en,MORPHEME_ALIGNED,,gulamera_mp3 gulamera_wav gulamera_eaf gulamera_xml gulamera_tsv,,8340,10330,##	v:pred	0.h:a_u	=ln	np:p_u,,gulamera
gulamera_0003,mctondano,pasiwonala entangga tu irèdèimèè witu,#	pa-siwo-en	=na	=la	N=	tangga	#	tu	ZERO	i-rèdèi	ZERO	=mèè	witu,#	DYN-do-PV	=3SG.GEN	=DIR.PROX	INAN=	ladder	#	then	ZERO	CV-stand.up	ZERO	=DIR.MED	PREP2,"He makes a ladder. Then (he) leans (it) on,",en,MORPHEME_ALIGNED,,gulamera_mp3 gulamera_wav gulamera_eaf gulamera_xml gulamera_tsv,,10630,13590,##	v:pred	=pro.h:a_u	=rv	=ln	np:p_u	##	other	0:p_u	v:pred	0.h:a_u	=rv	adp,,gulamera
gulamera_0004,mctondano,mm,N=,INAN=,the,en,MORPHEME_ALIGNED,,gulamera_mp3 gulamera_wav gulamera_eaf gulamera_xml gulamera_tsv,,15310,17110,=ln,,gulamera
gulamera_0005,mctondano,tabelang esa,tabelang	esa,hard.bamboo	one,the first piece of hard bamboo.,en,MORPHEME_ALIGNED,,gulamera_mp3 gulamera_wav gulamera_eaf gulamera_xml gulamera_tsv,,17282,18801,np:l	rn,,gulamera
gulamera_0006,mctondano,tu wa'akesela,#	tu	ZERO	i-wa'akes	ZERO	=la,#	then	ZERO	CV-tie.with.string	ZERO	=DIR.PROX,Then (he) will tie (the hard bamboo) with string.,en,MORPHEME_ALIGNED,,gulamera_mp3 gulamera_wav gulamera_eaf gulamera_xml gulamera_tsv,,18801,20513,##	other	0:p_u	v:pred	0.h:a_u	=rv,,gulamera
gulamera_0007,mctondano,sipaturu'enè nituama esa,#	si=	pa-turu'-en	=pè'	ni=	tuama	esa,#	3SG.NOM=	DYN-indicate-PV	=INCMP	AN.SG.GEN=	man	one,He is still being taught by the first man.,en,MORPHEME_ALIGNED,,gulamera_mp3 gulamera_wav gulamera_eaf gulamera_xml gulamera_tsv,,21490,23830,##	=pro.h:p_u	v:pred	=rv	=ln	np.h:a_u	rn,,gulamera
gulamera_0008,mctondano,kaa simelelongkot itu entabelang,#	ka'a	si=	ma-Ce-longkot	witu	N=	tabelang,#	because	3SG.NOM=	AV.DYN-IRR-climb.up	PREP2	INAN=	hard.bamboo,"Because he will climb up the hard bamboo (ladder),",en,MORPHEME_ALIGNED,,gulamera_mp3 gulamera_wav gulamera_eaf gulamera_xml gulamera_tsv,,24860,27630,#ac	other	=pro.h:s	v:pred	adp	=ln	np:g,,gulamera
gulamera_0009,mctondano,ka'ayomèè witu,i-ka-ayo	=mèè	witu,CV.POT-arrive(until)	=DIR.DIST	PREP2,until (he) reaches...,en,WORD_ALIGNED,,gulamera_mp3 gulamera_wav gulamera_eaf gulamera_xml gulamera_tsv,,27770,29420,adp	=lv	lv,,gulamera
gulamera_0010,mctondano,entowana mbewèanè,N=	towana	#	N=	wewèan,INAN=	roof	#	INAN=	EXIST,"the 'roof' (i.e. the top of the tree), (where) there is,",en,MORPHEME_ALIGNED,,gulamera_mp3 gulamera_wav gulamera_eaf gulamera_xml gulamera_tsv,,31510,35190,=ln	np:g	##	=ln	other:predex,,gulamera
gulamera_0011,mctondano,empaèdoan,N=	pa-èdo-an,INAN=	NR-take-LV,the collection place,en,MORPHEME_ALIGNED,,gulamera_mp3 gulamera_wav gulamera_eaf gulamera_xml gulamera_tsv,,35370,36860,=ln	np:s,,gulamera
gulamera_0012,mctondano,ee timpa',ee	timpa',HES	palm.sugar.sap,(for) palm sugar sap [i.e. there is a palm sugar sap container].,en,MORPHEME_ALIGNED,,gulamera_mp3 gulamera_wav gulamera_eaf gulamera_xml gulamera_tsv,,36920,38500,nc	rn_np,,gulamera
gulamera_0013,mctondano,ka'ayomèè aki ujung sia,#	i-ka-ayo	=mèè	waki	ujung	sia,#	CV.POT-arrive	=DIR.DIST	PREP3	tip	3SG.,Until he is at the end (of the branch).,en,WORD_ALIGNED,,gulamera_mp3 gulamera_wav gulamera_eaf gulamera_xml gulamera_tsv,,39570,42560,##	other	=other	adp	np:pred_l	pro.h:s,,gulamera
gulamera_0014,mctondano,o tu,#	wo	tu,#	and	then,"And then,",en,MORPHEME_ALIGNED,,gulamera_mp3 gulamera_wav gulamera_eaf gulamera_xml gulamera_tsv,,43500,44810,##	other	other,,gulamera
gulamera_0015,mctondano,siminena'apè'la,si=	<im>ana'	=pè'	=la,3SG.NOM=	AV.PST-stay	=INCMP	=DIR.PROX,he has still stopped (there).,en,WORD_ALIGNED,,gulamera_mp3 gulamera_wav gulamera_eaf gulamera_xml gulamera_tsv,,47120,48720,=pro.h:s	v:pred	=rv	=rv,,gulamera
gulamera_0016,mctondano,simaèdopè' ee keteran,#	si=	ma-èdo	=pè'	ZERO	ee	keter-an,#	3SG.NOM=	AV.DYN-take	=INCMP	ZERO	HES	power,He still takes it (the hard bamboo) forcefully.,en,WORD_ALIGNED,,gulamera_mp3 gulamera_wav gulamera_eaf gulamera_xml gulamera_tsv,,51700,55090,##	=pro.h:a_a	v:pred	=rv	0:p_a	nc	rv,,gulamera
gulamera_0017,mctondano,kaa simewewè'èwel,#	ka'a	si=	me-Ce-wè'wèl	ZERO,#	because	3SG.NOM=	AV.DYN-IRR-tap	ZERO,Because he will pound (the palm sugar tree branch).,en,MORPHEME_ALIGNED,,gulamera_mp3 gulamera_wav gulamera_eaf gulamera_xml gulamera_tsv,,57070,58900,#ac	other	=pro.h:a_a	v:pred	0:p_a,,gulamera
gulamera_0018,mctondano,aa minèdomou entabelang,#	aa	ZERO	<im>èdo	=mow	N=	tabelang,#	HES	ZERO	<AV.PST>take	=CMP	INAN=	hard.bamboo,Ah (he's) taken the hard bamboo.,en,MORPHEME_ALIGNED,,gulamera_mp3 gulamera_wav gulamera_eaf gulamera_xml gulamera_tsv,,60830,63280,##	nc	0.h:a_a	v:pred	=rv	=ln	np:p_a,,gulamera
gulamera_0019,mctondano,o ni pewe'akesenapè',#	o	ZERO	nèy	pa-wa'akes-en	=na	=pè',#	PART	ZERO	CV.PST	DYN-tie.with.string-PV	=3SG.GEN	=INCMP,Oh he has still tied (the hard bamboo) with string (to the branch).,en,MORPHEME_ALIGNED,,gulamera_mp3 gulamera_wav gulamera_eaf gulamera_xml gulamera_tsv,,66910,69410,#	nc	0:p_u	lv	v:pred	=pro.h:a_u	=rv,,gulamera
gulamera_0020,mctondano,a ninamou pekewe'akes,#	a	niana	=mow	i-paka-wa'akes	ZERO,#	PART	DEM1	=CMP	CV.COMP-tie.with.string	ZERO,"Ah, (he) has already finished tying it with string.",en,WORD_ALIGNED,,gulamera_mp3 gulamera_wav gulamera_eaf gulamera_xml gulamera_tsv,,73780,75780,##	nc	pro:p_u	=other	v:pred	0.h:a_u,,gulamera
gulamera_0021,mctondano,"kela, ah entè' kouman kapawe'akes tuama iti'i",#	kela	entè'	kowman	ZERO	kapa-we'akes	tuama	iti'i,#	PART	strong	meanwhile	ZERO	MANN-tie.with.string	man	DEM2,"Oh my, meanwhile how forcefully is that man tying it (the hard bamboo) with string.",en,MORPHEME_ALIGNED,,gulamera_mp3 gulamera_wav gulamera_eaf gulamera_xml gulamera_tsv,,77040,80210,##	nc	other	lv	0:p_u	v:pred	np.h:a_u	rn,,gulamera
gulamera_0022,mctondano,"siwitumou ujung enakel, ya",#	si=	witu	=mow	ujung	N=	akel	ya,#	3SG.NOM=	PREP2	=CMP	tip	INAN=	sugar.palm.tree	AFF,"He's already at the tip [of the sago palm tree branch], yes.",en,MORPHEME_ALIGNED,,gulamera_mp3 gulamera_wav gulamera_eaf gulamera_xml gulamera_tsv,,89410,91540,##	=pro.h:s	adp	=other	ln	=ln	np:pred_l	nc,,gulamera
gulamera_0023,mctondano,"a, nèi patumpanamou entabelang esa",#	a	nèy	pa-tumpa-en	=na	=mow	N=	tabelang	esa,#	PART	CV.PST	CV-DYN-descend-PV	=3SG.GEN	=CMP	INAN=	hard.bamboo	one,He's brought down the first length of hard bamboo.,en,WORD_ALIGNED,,gulamera_mp3 gulamera_wav gulamera_eaf gulamera_xml gulamera_tsv,,93230,95590,##	nc	lv	v:pred	=pro.h:a_u	=rv	=ln	np:p_u	rn,,gulamera
gulamera_0024,mctondano,"entabalang esa it'i ni'itumou, ee",#	N=	tabalang	esa	it'i	ni'itu	=mow	ee,#	INAN=	hard.bamboo	one	DEM2	DEM2	=CMP	HES,"The one length of hard bamboo, so that then,",en,MORPHEME_ALIGNED,,gulamera_mp3 gulamera_wav gulamera_eaf gulamera_xml gulamera_tsv,,97370,100050,##	=ln	np:dt	rn	rn	other	=rn	nc,,gulamera
gulamera_0025,mctondano,siniwona potung,s<in>iwo-en	=na	potung,<PST>do-PV	=3SG.GEN	bamboo.tube,he has made (it into) a tube [for collecting palm sugar sap].,en,MORPHEME_ALIGNED,,gulamera_mp3 gulamera_wav gulamera_eaf gulamera_xml gulamera_tsv,,100130,101980,v:pred	=pro.h:a_u	np:p_u,,gulamera
gulamera_0026,mctondano,tiniboian nituama esa,#	ZERO	t<in>inboi-an	ni=	tuama	esa,#	ZERO	<PST>grasp-LV	AN.SG.GEN=	man	one,(It) was held on to by the first man.,en,MORPHEME_ALIGNED,,gulamera_mp3 gulamera_wav gulamera_eaf gulamera_xml gulamera_tsv,,105940,107900,##	0:p_u	v:pred	=ln	np.h:a_u	rn,,gulamera
gulamera_0027,mctondano,"siwia rarem siesa, siesa siwia natas",#	si=	wia	rarem	si=	esa	#	si=	esa	si=	wia	N=	atas,#	3SG=	PREP1	inside	AN.SG=	one	#	AN.SG=	one	3SG.NOM=	PREP1	INAN=	above,"One man he is inside (the foliage), one guy he is on top [of the palm sugar tree].",en,MORPHEME_ALIGNED,,gulamera_mp3 gulamera_wav gulamera_eaf gulamera_xml gulamera_tsv,,109200,111890,##	=pro.h:s	adp	np:pred_l	=ln	np.h:dt_s	##	=ln	np.h:dt_s	=pro.h:s	adp	=ln	np:pred_l,,gulamera
gulamera_0028,mctondano,dèi'mou,rèy'	=mow,not	=CMP,no longer [i.e. he has finished].,en,MORPHEME_ALIGNED,,gulamera_mp3 gulamera_wav gulamera_eaf gulamera_xml gulamera_tsv,,112100,113610,other	=other,,gulamera
gulamera_0029,mctondano,empaalinou nituama esa embina'akesanè i'ti'i,#	N=	pa-ali-en	=mow	ni=	tuama	esa	#	N=	w<in>a'akes-an	nè=	i'ti'i,#	3SG.NOM=	DYN-bring-PV	=CMP	AN.SG.GEN=	man	one	#	3SG.NOM=	<PST>tie.with.string-LV	AN.PL.GEN=	DEM2,"It's bought along by the first man, it [the bamboo] has been tied up by these guys.",en,MORPHEME_ALIGNED,,gulamera_mp3 gulamera_wav gulamera_eaf gulamera_xml gulamera_tsv,,116630,120290,##	=pro:p_u	v:pred	=rv	=ln	np.h:a_u	rn	##	=pro:p_u	v:pred	=ln	pro.h:a_u,,gulamera
gulamera_0030,mctondano,namou itumpami,#	niana	=mow	i-tumpa	ZERO	=mi,#	DEM1	=CMP	CV-descend	ZERO	=DIR.DIST,(He) brings (it) down [through the tube].,en,MORPHEME_ALIGNED,,gulamera_mp3 gulamera_wav gulamera_eaf gulamera_xml gulamera_tsv,,121010,122700,##	pro:p_u	=other	v:pred	0.h:a_u	=rv,,gulamera
gulamera_0031,mctondano,o ensiniwona rè'èn ee anu,#	wo	N=	s<in>iwo-en	=na	rè'èn	ee	anu,#	and	3SG.NOM=	<PST>do-PV	=3SG.GEN	PART	HES	NON.SPEC,"And he then does it the, erh, whatsit.",en,MORPHEME_ALIGNED,,gulamera_mp3 gulamera_wav gulamera_eaf gulamera_xml gulamera_tsv,,125830,128740,##	other	=pro:p_u	v:pred	=pro.h:a_u	other	nc	np:dt_p_u,,gulamera
gulamera_0032,mctondano,keteran sianu rimedèi' witu entabelang waki,#	keter-an	si=	anu	r<im>edèi'	ZERO	witu	N=	tabelang	waki,#	power-DEG	AN.SG=	NON.SPEC	<AV.PST>stand	ZERO	there	INAN=	hard.bamboo	PREP3,"Whatstheirname forcefully leans (the bamboo tube) there against,",en,MORPHEME_ALIGNED,,gulamera_mp3 gulamera_wav gulamera_eaf gulamera_xml gulamera_tsv,,131070,135740,##	other	=ln	pro.h:a_a	v:pred	0:p_a	other	=ln	np:l	adp,,gulamera
gulamera_0033,mctondano,towana nakel,towana	N=	akel,roof	INAN=	sugar.palm.tree,"the 'roof' [i.e. top] of the sugar palm tree,",en,MORPHEME_ALIGNED,,gulamera_mp3 gulamera_wav gulamera_eaf gulamera_xml gulamera_tsv,,136410,139000,np:l	=ln	rn_np,,gulamera
gulamera_0034,mctondano,dèi'mou sime'èwèlou,#	rèy'	=mow	si=	<um>wè'wèl	=mow	ZERO,#	not	=CMP	3SG.NOM=	<AV>tap	=CMP	ZERO,He no longer will hit (the sugar palm tree branch).,en,MORPHEME_ALIGNED,,gulamera_mp3 gulamera_wav gulamera_eaf gulamera_xml gulamera_tsv,,139440,141220,##neg	other	=other	=pro.h:a_a	v:pred	=rv	0:p_a,,gulamera
gulamera_0035,mctondano,"taan, nirisenapè'la rior",#	ta'an	<in>iris-en	=na	=pè'	=la	ZERO	rior,#	however	<PST>slice-PV	=3SG.GEN	=INCMP	=DIR.PROX	ZERO	fast,"However, it [the tree branch] was still being cut by him beforehand.",en,MORPHEME_ALIGNED,,gulamera_mp3 gulamera_wav gulamera_eaf gulamera_xml gulamera_tsv,,143570,146140,##	other	v:pred	=pro.h:a_u	=rv	=rv	0:p_u	other,,gulamera
gulamera_0036,mctondano,sia mè'èwèl,#	sia	<um>wè'wèl	ZERO,#	3SG	<AV>tap	ZERO,He will hit it [the palm sugar tree branch].,en,MORPHEME_ALIGNED,,gulamera_mp3 gulamera_wav gulamera_eaf gulamera_xml gulamera_tsv,,147250,148920,##	pro.h:a_a	v:pred	0:p_a,,gulamera
gulamera_0037,mctondano,matè siurè,#	<um>patè	si=	ka-urè,#	PART	3SG.NOM=	very-long,Oh dear! How long is he [taking to do this].,en,MORPHEME_ALIGNED,,gulamera_mp3 gulamera_wav gulamera_eaf gulamera_xml gulamera_tsv,,152520,154120,##	nc	=pro.h:s	other:pred,,gulamera
gulamera_0038,mctondano,mengurangura situama iti'i?,#	meN-kura-kura	si=	tuama	iti'i,#	AV.DYN-RDP-how	AN.SG=	tuama	DEM1,How [i.e. what] is this man doing?,en,MORPHEME_ALIGNED,,gulamera_mp3 gulamera_wav gulamera_eaf gulamera_xml gulamera_tsv,,154180,156040,##	v:pred	=ln	np.h:s	rn,,gulamera
gulamera_0039,mctondano,"o, sima",o	si=	ma,PART	HES	HES,"Oh, he's...",en,WORD_ALIGNED,,gulamera_mp3 gulamera_wav gulamera_eaf gulamera_xml gulamera_tsv,,156980,158620,nc	nc	nc,,gulamera
gulamera_0040,mctondano,parou'unamou embaya unjungena kaa npewe,#	pa-row'-en	=na	=mow	N=	waya	unjung	=na	#	ka'a	N=	pewe,#	DYN-far-PV	=3SG.GEN	=CMP	INAN=	all	tip	=3SG.GEN	#	because	HES	HES,"He's removing [i.e. unblocking] everything from its end [of the tube]. Because,",en,WORD_ALIGNED,,gulamera_mp3 gulamera_wav gulamera_eaf gulamera_xml gulamera_tsv,,158830,161860,##	v:pred	=pro.h:a_u	=rv	=ln	ln	np:p_u	=rn_pro:poss	#ac.neg	other	nc	nc,,gulamera
gulamera_0041,mctondano,ndè'pè' winè'èwèl empaarou'namou enujung,N=	rèy'	=pè'	ZERO	w<in>è'wèl-en	ZERO	#	N=	paarou'namou	=na	=mow	N=	enujung,INAN=	NEG	=INCMP	ZERO	<PST>tap	ZERO	#	3SG.NOM=	DYN-far-PV	=3SG.GEN	=CMP	INAN=	tip,"(he) hasn't hit, struck it [the branch] (yet). He clears it out, the end [of the branch where the sap comes out].",en,WORD_ALIGNED,,gulamera_mp3 gulamera_wav gulamera_eaf gulamera_xml gulamera_tsv,,165390,168650,=other	other	=other	0:p_u	v:pred	0.h:a_u	##	=pro:p_u	v:pred	=pro.h:a_u	=rv	=ln	np:dt_p_u,,gulamera
gulamera_0042,mctondano,"e, esh",e	esh,PART	PART,Eh...,en,MORPHEME_ALIGNED,,gulamera_mp3 gulamera_wav gulamera_eaf gulamera_xml gulamera_tsv,,168680,174270,nc	nc,,gulamera
gulamera_0043,mctondano,ndè',#	N=	rèy',#	INAN=	not,"It's not,",en,MORPHEME_ALIGNED,,gulamera_mp3 gulamera_wav gulamera_eaf gulamera_xml gulamera_tsv,,177830,178780,##neg	nc	nc,,gulamera
gulamera_0044,mctondano,dèi'pè sapa sapa?,ZERO	rèy'	=pè'	sapa	sapa,ZERO	not	=INCMP	RDP	sapa,what's not yet (happening)?,en,MORPHEME_ALIGNED,,gulamera_mp3 gulamera_wav gulamera_eaf gulamera_xml gulamera_tsv,,179030,181310,0:s	other	=other	other	other:pred,,gulamera
gulamera_0045,mctondano,minèdomoutè empepatilna merou'la mbaya nujungena,#	ZERO	<im>èdo	=mow	=itè	N=	pepatil	=na	#	ZERO	ma-row'	=la	N=	waya	N=	ujung	=na,#	ZERO	<AV.PST>take	=CMP	=LIM	INAN=	machete	=3SG.GEN	#	ZERO	DYN.AV-far	=DIR.PROX	INAN=	all	INAN=	tip	=3SG.GEN,(He's) already just taken his machete. (He) clears out everything from its end.,en,MORPHEME_ALIGNED,,gulamera_mp3 gulamera_wav gulamera_eaf gulamera_xml gulamera_tsv,,188990,192870,##	0.h:a_a	v:pred	=rv	=rv	=ln	np:p_a	=rn_pro.h:poss	##	0.h:a_a	v:pred	=rv	=ln	ln	=ln	np:p_a	=rn_pro:poss,,gulamera
gulamera_0046,mctondano,pewewè'èwèlena è empewe'akesenamou,#	ZERO	pa-Ce-wè'wèl-en	=na	èy	#	N=	pa-wa'akes-en	=na	=mow,#	ZERO	DYN-IRR-tap-PV	=3SG.GEN	PART	#	3SG.NOM=	DYN-tie.with.string-PV	=3SG.GEN	=CMP,"Hey, he will hit it [the sugar palm tree branch]. He ties it [the tube] off with string.",en,MORPHEME_ALIGNED,,gulamera_mp3 gulamera_wav gulamera_eaf gulamera_xml gulamera_tsv,,193080,196010,##	0:p_u	v:pred	=pro.h:a_u	nc	##	=pro:p_u	v:pred	=pro.h:a_u	=rv,,gulamera
gulamera_0047,mctondano,siwitu tarè ka'anoumi witu ntambelang,#	si=	witu	tarè	i-ka-ana'	ZERO	=mow	=mi	witu	tabelang,#	3SG.NOM=	there	new	CV.POT-stay	ZERO	=CMP	=DIR.DIST	PREP2	hard.bamboo,He's now stopped there (by another man) on the hard bamboo tube [ladder].,en,WORD_ALIGNED,,gulamera_mp3 gulamera_wav gulamera_eaf gulamera_xml gulamera_tsv,,200230,203170,##	=pro.h:p_u	other	lv	v:pred	0.h:a_u	=rv	=rv	adp	np:g,,gulamera
gulamera_0048,mctondano,yala siminakèmou kudah kudah,#	yala	si=	<im>pakè	=mow	kudah	kudah,#	HES	3SG.NOM=	<AV.PST>use	=CMP	RDP	strut,"He has used, fastened struts [to the hard bamboo].",en,MORPHEME_ALIGNED,,gulamera_mp3 gulamera_wav gulamera_eaf gulamera_xml gulamera_tsv,,206473,210144,##	nc	=pro.h:a_a	v:pred	=rv	ln_np	np:p_a,,gulamera
gulamera_0049,mctondano,paawesanè kasi tabelang esa pasil,#	pa-awes-an	ZERO	=pè'	kasi	tabelang	esa	pasil,#	DYN-add-LV	ZERO	=INCMP	more	hard.bamboo	one	PART,"He's again adding the first bamboo pole, oh dear.",en,MORPHEME_ALIGNED,,gulamera_mp3 gulamera_wav gulamera_eaf gulamera_xml gulamera_tsv,,212680,215220,##	v:pred	0.h:a_u	=rv	rv	np:p_u	rn	nc,,gulamera
gulamera_0050,mctondano,"enpotung ndèi' kaa witu, aaaiiii",#	N=	potung	N=	dèi'	ka'a	witu	aaaiiii,#	INAN=	bamboo.tube	INAN=	NEG	because	there	HES,"The palm sugar sap collection tube, it's not, because there.",en,MORPHEME_ALIGNED,,gulamera_mp3 gulamera_wav gulamera_eaf gulamera_xml gulamera_tsv,,220538,223920,#nc	nc	nc	nc	nc	nc	nc	nc,,gulamera
gulamera_0051,mctondano,a nèi patumpanamou,#	a	ZERO	nèy	pa-tumpa-en	=na	=mow,#	HES	ZERO	CV.PST	DYN-descend-PV	=3SG.GEN	=CMP,Ah he has brought down (the bamboo tube with the palm sugar sap).,en,MORPHEME_ALIGNED,,gulamera_mp3 gulamera_wav gulamera_eaf gulamera_xml gulamera_tsv,,226120,227910,##	nc	0:p_u	lv	v:pred	=pro.h:a_u	=rv,,gulamera
gulamera_0052,mctondano,"a, ninamou wèè witu nujungena ndè'imou",#	a	niana	=mow	i-wèè	ZERO	witu	N=	ujung	=na	N=	rèy'	=mow,#	PART	DEM2	=CMP	CV-give	ZERO	PREP2	INAN=	tip	=3SG.GEN	INAN=	not	=CMP,"Ah (he) will put it [the bamboo tube] at the tip [of the palm sugar tree branch], no more.",en,MORPHEME_ALIGNED,,gulamera_mp3 gulamera_wav gulamera_eaf gulamera_xml gulamera_tsv,,232280,235160,##	nc	pro:p_u	=rn	v:pred	0.h:a_u	adp	=ln	np:l	=rn_pro:poss	=ln	other	=other,,gulamera
gulamera_0053,mctondano,"kelaarou, sianu ma'akesla ni'itu",#	klaar	=mow	si=	anu	<um>wa'akes	=la	ni'itu,#	finish	=CMP	AN.SG=	NON.SPEC	<AV>tie.with.string	=DIR.PROX	DEM2,"Finished, whatstheirname will tie that off with string.",en,MORPHEME_ALIGNED,,gulamera_mp3 gulamera_wav gulamera_eaf gulamera_xml gulamera_tsv,,236600,239320,##	other	=other	=ln	np.h:a_a	v:pred	=rv	pro:p_a,,gulamera
gulamera_0054,mctondano,tantumou itu makaluaroumi entimpa',#	tantu	=mow	itu	ma-kaluar	=mow	=mi	N=	timpa',#	definitely	=CMP	DEM2	EV.STAT-go.out	=CMP	=DIR.DIST	INAN=	palm.sugar.sap,"Definitely this, the palm sugar sap comes out [of the bamboo tube].",en,MORPHEME_ALIGNED,,gulamera_mp3 gulamera_wav gulamera_eaf gulamera_xml gulamera_tsv,,241390,244550,##	other	=other	other	v:pred	=rv	=rv	=ln	np:s,,gulamera
gulamera_0055,mctondano,siminèamou waki sabua,#	si=	<im>èa	=mow	waki	sabua,#	3SG.NOM=	<AV.PST>go	=CMP	PREP3	hut,He's gone to a hut.,en,MORPHEME_ALIGNED,,gulamera_mp3 gulamera_wav gulamera_eaf gulamera_xml gulamera_tsv,,249300,251010,##	=pro.h:s	v:pred	=rv	adp	np:g,,gulamera
gulamera_0056,mctondano,nialimou niesa mpotung esa tantu mbutamou,#	<in>ali-en	=mow	ni=	esa	N=	potung	esa	#	ZERO	tantu	N=	wuta	=mow,#	<PST>bring-PV	=CMP	AN.SG.GEN=	one	INAN=	bamboo.tube	one	#	ZERO	definite	INAN=	full	=CMP,The first man has brought along the collection tube that is really full up [with sap].,en,MORPHEME_ALIGNED,,gulamera_mp3 gulamera_wav gulamera_eaf gulamera_xml gulamera_tsv,,255590,258750,##	v:pred	=rv	=ln	np.h:a_u	=ln	np:p_u	rn	#rc_rn	0:s	other	=ln	other:pred	=rv,,gulamera
gulamera_0057,mctondano,wo ni nèimou isèlokela witu rumping,#	wo	ini	nèy	=mou	i-sèlok	ZERO	=la	witu	rumping,#	and	DEM1	CV.PST	=CMP	CV-move	ZERO	=DIR.PROX	PREP2	wok,(He) has moved this to the wok.,en,MORPHEME_ALIGNED,,gulamera_mp3 gulamera_wav gulamera_eaf gulamera_xml gulamera_tsv,,261570,264520,#	other	pro:p_u	lv	=other	v:pred	0.h:a_u	=rv	adp	np:g,,gulamera
gulamera_0058,mctondano,patouanou api',#	pa-tow-an	=mow	ZERO	api',#	DYN-person-LV	=CMP	ZERO	fire,(He) lights the fire [i.e. 'makes it live'].,en,MORPHEME_ALIGNED,,gulamera_mp3 gulamera_wav gulamera_eaf gulamera_xml gulamera_tsv,,265200,266740,##	v:pred	=rv	0.h:a_u	np:p_u,,gulamera
gulamera_0059,mctondano,pakatowala api itu ndè'imou,#	i-paka-tow	=la	ZERO	api	itu	N=	rèy'	=mow,#	CV-COMP-person	=DIR.PROX	ZERO	fire	DEM2	INAN=	not	=CMP,"(After) (he) lights that fire, done.",en,MORPHEME_ALIGNED,,gulamera_mp3 gulamera_wav gulamera_eaf gulamera_xml gulamera_tsv,,268500,270840,##	v:pred	=rv	0.h:a_u	np:p_u	rn	=ln	neg	=other,,gulamera
gulamera_0060,mctondano,ngkayo'onèamou,#	N=	kayo-en	=nèa	=mow,#	3SG.NOM=	stir-PV	=3PL.GEN	=CMP,They'll stir it [the palm sugar sap in the wok].,en,MORPHEME_ALIGNED,,gulamera_mp3 gulamera_wav gulamera_eaf gulamera_xml gulamera_tsv,,271180,272750,##	=pro:p_u	v:pred	=pro.h:a_u	=rv,,gulamera
gulamera_0061,mctondano,a ye'i nitu wèè,#	a	ye'i	ni'tu	i-wèè	ZERO,#	HES	now	DEM2	CV-give	ZERO,And now (they'll) add this.,en,MORPHEME_ALIGNED,,gulamera_mp3 gulamera_wav gulamera_eaf gulamera_xml gulamera_tsv,,275200,276860,##	nc	other	pro:p_u	v:pred	0.h:a_u,,gulamera
gulamera_0062,mctondano,makaro'ko'mou o,#	ZERO	ma-karo'ko'	=mow	o,#	ZERO	EV.STAT-froth	=CMP	PART,"(The palm sugar) boils, oh.",en,MORPHEME_ALIGNED,,gulamera_mp3 gulamera_wav gulamera_eaf gulamera_xml gulamera_tsv,,277400,279770,##	0:s	v:pred	=rv	nc,,gulamera
gulamera_0063,mctondano,"dèi'mou, mamualimou gula itu",#	dèi'	=mow	ma-muali	=mow	gula	itu,#	not	=CMP	EV.STAT-be	=CMP	sugar	DEM2,"Finish [i.e. boiling, it's done], it becomes (hard) palm sugar.",en,MORPHEME_ALIGNED,,gulamera_mp3 gulamera_wav gulamera_eaf gulamera_xml gulamera_tsv,,280590,283190,##neg	other	=other	v:pred	=rv	np:s	rn,,gulamera
gulamera_0064,mctondano,makaro'ko luar biasa ye,#	ma-karo'ko'	luar	biasa	ye'i,#	EV.STAT-froth	outside	normal	DEM1,It's boiling extraordinarily.,en,MORPHEME_ALIGNED,,gulamera_mp3 gulamera_wav gulamera_eaf gulamera_xml gulamera_tsv,,285290,287490,##	v:pred	rv	rv	pro:s,,gulamera
gulamera_0065,mctondano,oo,oo,PART,Oh.,en,MORPHEME_ALIGNED,,gulamera_mp3 gulamera_wav gulamera_eaf gulamera_xml gulamera_tsv,,287510,288560,nc,,gulamera
gulamera_0066,mctondano,mèmangou kouman luar biasa engula ye'i,#	mèmang	=mow	kowman	luar	biasa	N=	gula	ye'i,#	truly	=CMP	definitely	outside	ordinary	INAN=	palm.sugar.sap	DEM1,This palm sugar sap is really incredible.,en,MORPHEME_ALIGNED,,gulamera_mp3 gulamera_wav gulamera_eaf gulamera_xml gulamera_tsv,,289080,291830,##	other	=other	other	np:pred	rn	=ln	np:s	rn,,gulamera
gulamera_0067,mctondano,nemis kasa,#	ZERO	N=	emis	kasa,#	ZERO	INAN=	sweet	very,(It) is very sweet.,en,MORPHEME_ALIGNED,,gulamera_mp3 gulamera_wav gulamera_eaf gulamera_xml gulamera_tsv,,291890,293200,##	0:s	=ln	other:pred	other,,gulamera
gulamera_0068,mctondano,ka'a ntimpa' tantu itu timpa' emis,#	ka'a	N=	timpa'	tantu	itu	timpa'	emis,#	because	INAN=	palm.sugar.sap	like.thus	DEM2	palm.sugar.sap	sweet,Because palm sugar sap like this (is) sweet palm sugar sap.,en,MORPHEME_ALIGNED,,gulamera_mp3 gulamera_wav gulamera_eaf gulamera_xml gulamera_tsv,,294290,296730,#ac	other	=ln	np:s	rn	rn	np:pred	rn,,gulamera
gulamera_0069,mctondano,oo matè,oo	<um>patè,PART	PART,Oh dear me.,en,MORPHEME_ALIGNED,,gulamera_mp3 gulamera_wav gulamera_eaf gulamera_xml gulamera_tsv,,301300,302650,nc	nc,,gulamera
gulamera_0070,mctondano,karo'oko'ena luar biasa,#	ZERO	karo'ko'-en	=na	luar	biasa,#	ZERO	froth-PV	=3SG.GEN	outside	ordinary,He will boil (it) intensely.,en,MORPHEME_ALIGNED,,gulamera_mp3 gulamera_wav gulamera_eaf gulamera_xml gulamera_tsv,,303240,305240,##	0:p_u	v:pred	=pro.h:a_u	rv	rv,,gulamera
gulamera_0071,mctondano,siesa simalumumi,#	si=	esa	si=	ma-lumu	=mi,#	AN.SG=	one	3SG.NOM=	AV.DYN-add.wood.	=DIR.DIST,The one (guy) he adds wood.,en,MORPHEME_ALIGNED,,gulamera_mp3 gulamera_wav gulamera_eaf gulamera_xml gulamera_tsv,,308330,309820,##	=ln	np.h:dt_s	=pro.h:s	v:pred	=rv,,gulamera
gulamera_0072,mctondano,o kala mbinèèanamou panci,#	o	kala	w<in>èè-an	=na	=mow	panci,#	PART	PART	<PST>give-LV	=3SG.GEN	=CMP	pan,"Oh dear, he's already added the pan [i.e. put it on the fire].",en,MORPHEME_ALIGNED,,gulamera_mp3 gulamera_wav gulamera_eaf gulamera_xml gulamera_tsv,,311850,314340,##	nc	nc	v:pred	=pro.h:a_u	=rv	np:p_u,,gulamera
gulamera_0073,mctondano,"ya ensu, rèi' toro sumewu",#	ya	ensu	ZERO	rèy'	toro	s<um>ewu,#	AFF	HES	ZERO	don't	AUX.can	<AV>foam,(The palm sugar) can't foam up too much [i.e. it can't be left to boil too much].,en,MORPHEME_ALIGNED,,gulamera_mp3 gulamera_wav gulamera_eaf gulamera_xml gulamera_tsv,,315030,317870,##neg	nc	nc	0:s	other	aux	v:pred,,gulamera
gulamera_0074,mctondano,jadi makaro'ko' sè itu sumewu mbèèananoula panci witu nuner,#	jadi	ZERO	ma-karo'ko'	#	sa	itu	s<um>ewu	#	wèè-en	=na	=mow	=la	panci	witu	N=	uner,#	thus	ZERO	EV.STAT-froth	#	if	DEM2	<AV>foam	#	give-PV	=3SG.GEN	=CMP	=DIR.DIST	pan	PREP2	INAN=	middle,So it boils. If it foams up he puts the pan in the middle [of the wok; relates to a large round pan that sits in the middle of the boiling palm sugar sap].,en,MORPHEME_ALIGNED,,gulamera_mp3 gulamera_wav gulamera_eaf gulamera_xml gulamera_tsv,,318210,322290,##	other	0:s	v:pred	#ac	other	pro:s	v:pred	##	v:pred	=pro.h:a_u	=rv	=rv	np:p_u	adp	=ln	np:l,,gulamera
gulamera_0075,mctondano,du makaro'oko' luar biasa nemis kasa ngula ni,#	adu	ZERO	ma-karo'ko'	luar	biasa	#	N=	emis	kasa	N=	gula	ini,#	PART	ZERO	STAT.EV-froth	outside	ordinary	#	INAN=	sweet	very	INAN=	sugar	DEM1,"Wow, (it) boils intensely, this palm sugar sap is very sweet.",en,MORPHEME_ALIGNED,,gulamera_mp3 gulamera_wav gulamera_eaf gulamera_xml gulamera_tsv,,327450,331150,##	nc	0:s	v:pred	rv	rv	##	=ln	other:pred	rv	=ln	np:s	rn,,gulamera
gulamera_0076,mctondano,"tuang paka, pakaro'ko'ana luar biasa",#	tuang	paka	ZERO	pa-karo'ko'-an	=na	luar	biasa,#	PART	HES	ZERO	DYN-froth-LV	=3SG.GEN	outside	ordinary,Oh dear (now) he boils it up so much.,en,MORPHEME_ALIGNED,,gulamera_mp3 gulamera_wav gulamera_eaf gulamera_xml gulamera_tsv,,335940,338630,##	nc	nc	0:p_u	v:pred	=pro.h:a_u	rv	rv,,gulamera
gulamera_0077,mctondano,èi parou'namou mpanci,#	èy	pa-row'-en	=na	=mow	N=	panci,#	PART	DYN-far-PV	=3SG.GEN	=CMP	INAN=	pan,"Hey, he, he cleans out the wok.",en,MORPHEME_ALIGNED,,gulamera_mp3 gulamera_wav gulamera_eaf gulamera_xml gulamera_tsv,,338910,340950,##	nc	v:pred	=pro.h:a_u	=rv	=ln	np:p_u,,gulamera
gulamera_0078,mctondano,kaa entawimou malutu',#	ka'a	N=	tawi	=mow	ma-lutu',#	because	3SG.NOM=	close	=CMP	EV.STAT-ripe,Because it [the palm sugar] is almost cooking [boiling].,en,MORPHEME_ALIGNED,,gulamera_mp3 gulamera_wav gulamera_eaf gulamera_xml gulamera_tsv,,341290,343100,#ac	other	=pro:s	lv	=other	v:pred,,gulamera
gulamera_0079,mctondano,mamualimou gula,#	ZERO	ma-muali	=mow	gula,#	ZERO	EV.STAT-become	=CMP	sugar,Now (the palm sugar sap) becomes (hard) palm sugar.,en,MORPHEME_ALIGNED,,gulamera_mp3 gulamera_wav gulamera_eaf gulamera_xml gulamera_tsv,,343460,344930,##	0:s	v:pred	=rv	np:other,,gulamera
gulamera_0080,mctondano,wo' mokan wona' stenga jam dèi'mou,#	wo	=mowkan	wona'	stenga	jam	dèi'	=mow,#	and	=definitely	maybe	half	hour	NEG	=CMP,And only maybe half an hour is no longer [the palm sugar sap is done].,en,MORPHEME_ALIGNED,,gulamera_mp3 gulamera_wav gulamera_eaf gulamera_xml gulamera_tsv,,348990,352190,#nc	nc	nc	nc	nc	nc	nc	nc,,gulamera
gulamera_0081,mctondano,mamualimou gula,#	ZERO	ma-muali	=mow	gula,#	ZERO	EV.STAT-be	=CMP	sugar,(Now it) is palm sugar.,en,MORPHEME_ALIGNED,,gulamera_mp3 gulamera_wav gulamera_eaf gulamera_xml gulamera_tsv,,352480,353940,##	0:s	v:pred	=rv	np:other,,gulamera
gulamera_0082,mctondano,sèmasadiamou uka,#	sè=	ma-sadia	=mow	uka,#	3PL.NOM=	AV.DYN-prepare	=CMP	(half)coconut.shell,They prepare halved coconut shells [to hold the palm sugar].,en,MORPHEME_ALIGNED,,gulamera_mp3 gulamera_wav gulamera_eaf gulamera_xml gulamera_tsv,,354110,355710,##	=pro.h:a_a	v:pred	=rv	np:p_a,,gulamera
gulamera_0083,mctondano,kaa nyii,#	ka'a	N=	ye'i,#	because	INAN=	now,"Because now,",en,MORPHEME_ALIGNED,,gulamera_mp3 gulamera_wav gulamera_eaf gulamera_xml gulamera_tsv,,356010,357280,#ac	other	=ln	other,,gulamera
gulamera_0084,mctondano,niireta'mou wia ntana enuka ka'a embèanou,<in>reta'-en	=mow	ZERO	wia	N=	tana'	N=	uka	#	ka'a	N=	wewèan	=mow,PST-free-PV	=CMP	ZERO	PREP1	INAN=	earth/land	INAN=	(half)coconut.shell	#	because	3SG.NOM=	EXIST	=CMP,"(they) have detached the half coconut shells on the ground, because there is it,",en,WORD_ALIGNED,,gulamera_mp3 gulamera_wav gulamera_eaf gulamera_xml gulamera_tsv,,357910,362000,v:pred	=rv	0.h:a_u	adp	=ln	np:l	=ln	np:p_u	#ac	other	=pro:dt	other:predex	=other,,gulamera
gulamera_0085,mctondano,ngula siniwola ntadi,N=	gula	#	ZERO	s<in>iwo-en	ZERO	=la	N=	tadi,INAN=	sugar	#	ZERO	<PST>do-PV	ZERO	=DIR.PROX	INAN=	earlier,the palm sugar that (they) made earlier.,en,MORPHEME_ALIGNED,,gulamera_mp3 gulamera_wav gulamera_eaf gulamera_xml gulamera_tsv,,362760,364630,=ln	np:s	#rc_rn	0:p_u	v:pred	0.h:a_u	=rv	=ln	other,,gulamera
gulamera_0086,mctondano,"ta'an ka'a mpasu'pè papaghe'gheranèamou, è ola",#	ta'an	ka'a	N=	pasu'	=pè'	#	ZERO	pa-pa-ghe'gher-an	=nèa	=mow	è	ola,#	however	because	3SG.NOM=	hot	=INCMP	#	ZERO	CAUS-DYN-cold-LV	=3PL.GEN	=CMP	HES	HES,"But because it's still hot, they cool (the hot palm sugar) down.",en,MORPHEME_ALIGNED,,gulamera_mp3 gulamera_wav gulamera_eaf gulamera_xml gulamera_tsv,,364950,368260,#ac	other	other	=pro:s	other:pred	=rv	##	0:p_u	v:pred	=pro.h:a_u	=rv	nc	nc,,gulamera
gulamera_0087,mctondano,makaro'oko'pè',#	ZERO	ma-karo'oko'	=pè',#	ZERO	EV.STAT-froth	=INCMP,(It) still boils.,en,MORPHEME_ALIGNED,,gulamera_mp3 gulamera_wav gulamera_eaf gulamera_xml gulamera_tsv,,368840,370260,##	0:s	v:pred	=rv,,gulamera
gulamera_0088,mctondano,binunu'nèamo napi,#	w<in>unu'-en	=nèa	=mow	N=	api',#	<PST>extinguish-PV	=3PL.GEN	=CMP	INAN=	fire,They've already put out the fire.,en,MORPHEME_ALIGNED,,gulamera_mp3 gulamera_wav gulamera_eaf gulamera_xml gulamera_tsv,,373080,374690,##	v:pred	=pro.h:a_u	=rv	=ln	np:p_u,,gulamera
gulamera_0089,mctondano,dèi'mou,rèy'	=mow,not	=CMP,(it's) no longer [i.e. already done].,en,MORPHEME_ALIGNED,,gulamera_mp3 gulamera_wav gulamera_eaf gulamera_xml gulamera_tsv,,375220,376140,other	=other,,gulamera
gulamera_0090,mctondano,pasodoanèami tu pawèèla itu ndano situ rèi'mou makerut,#	ZERO	pa-sodo-an	=nèa	=mi	#	tu	ZERO	i-pa-wèè	ZERO	=la	witu	N=	rano	#	sa	itu	rèy'	=mow	ma-kerut,#	ZERO	DYN-ladle-LV	=3PL.GEN	=DIR.DIST	#	then	ZERO	CV-DYN-give	ZERO	=DIR.PROX	PREP2	INAN=	water	#	if	DEM2	not	=CMP	EV.STAT-crust,"They ladle (some of the palm sugar) out. Then (they) put (it) in some cold water, if it does not stick [to the side of the wok].",en,MORPHEME_ALIGNED,,gulamera_mp3 gulamera_wav gulamera_eaf gulamera_xml gulamera_tsv,,376180,380770,##	0:p_u	v:pred	=pro.h:a_u	=rv	##	other	0:p_u	v:pred	0.h:a_u	=rv	adp	=ln	np:g	#ac.neg	other	pro:s	other	=other	v:pred,,gulamera
gulamera_0091,mctondano,tou ngulamou itu,#	tow	N=	gula	=mow	itu,#	like	INAN=	palm.sugar	=CMP	DEM2,This is like (hard) palm sugar.,en,MORPHEME_ALIGNED,,gulamera_mp3 gulamera_wav gulamera_eaf gulamera_xml gulamera_tsv,,381480,383330,##	other	=ln	np:pred	=rn	pro:s,,gulamera
gulamera_0092,mctondano,a dè'imou,a	rèy'	=mow,HES	not	=CMP,"Ah, (it's) no longer [i.e. boiling, it's already finished].",en,MORPHEME_ALIGNED,,gulamera_mp3 gulamera_wav gulamera_eaf gulamera_xml gulamera_tsv,,386840,388090,nc	other	=other,,gulamera
gulamera_0093,mctondano,minamualimou gula,#	ZERO	m<in>a-muali	=mow	gula,#	ZERO	EV.PST.STAT-be	=CMP	sugar,(It) has become palm sugar.,en,MORPHEME_ALIGNED,,gulamera_mp3 gulamera_wav gulamera_eaf gulamera_xml gulamera_tsv,,388550,390270,##	0:s	v:pred	=rv	np:other,,gulamera
gulamera_0094,mctondano,èi wèènèamou itu nuka',#	nèy	wèè	=nèa	=mow	ZERO	witu	N=	uka,#	CV.PST	give	=3PL.GEN	=CMP	ZERO	PREP2	INAN=	(half)coconut.shell,They have put (it) into the coconut shell.,en,MORPHEME_ALIGNED,,gulamera_mp3 gulamera_wav gulamera_eaf gulamera_xml gulamera_tsv,,392330,394070,##	lv	v:pred	=pro.h:a_u	=rv	0:p_u	adp	=ln	np:g,,gulamera
gulamera_0095,mctondano,empakipè'anamou situama,#	N=	i-paki-pè'an	=na	=mow	si=	tuama,#	3SG.NOM=	REQ.CV-try	=3SG.GEN	=CMP	AN.SG=	man,He asks the (other) man to try it [the palm sugar].,en,WORD_ALIGNED,,gulamera_mp3 gulamera_wav gulamera_eaf gulamera_xml gulamera_tsv,,396110,398200,##	=pro:p_u	v:pred	=pro.h:a_u	=rv	=ln	np.h:obl,,gulamera
gulamera_0096,mctondano,èi pekaanenou nituama niairum,#	èy	ZERO	pa-kaan-en	=mow	ni=	tuama	niairum,#	PART	ZERO	DYN-rice-PV	=CMP	AN.SG.GEN=	man	NC,Hey the man eats (the palm sugar).,en,MORPHEME_ALIGNED,,gulamera_mp3 gulamera_wav gulamera_eaf gulamera_xml gulamera_tsv,,398730,401200,##	nc	0:p_u	v:pred	=rv	=ln	np.h:a_u	nc,,gulamera
gulamera_0097,mctondano,èi isesepoukan,#	èy	ZERO	i-sesep	ZERO	=mowkan,#	PART	ZERO	CV-slurp	ZERO	=definitely,Hey (he) will really slurp (the hardening palm sugar).,en,MORPHEME_ALIGNED,,gulamera_mp3 gulamera_wav gulamera_eaf gulamera_xml gulamera_tsv,,402510,404310,##	nc	0:p_u	v:pred	0.h:a_u	=rv,,gulamera
gulamera_0098,mctondano,aa dè'imou,a	rèy'	=mow,HES	not	=CMP,"Ok, no longer [i.e. already done, finished].",en,MORPHEME_ALIGNED,,gulamera_mp3 gulamera_wav gulamera_eaf gulamera_xml gulamera_tsv,,407790,409490,nc	neg	=other,,gulamera
gulamera_0099,mctondano,sèmawèèmou wia,#	sè=	ma-wèè	=mow	ZERO	wia,#	3PL.NOM=	AV.DYN-give	=CMP	ZERO	PREP1,"They put (the plam sugar) in,",en,MORPHEME_ALIGNED,,gulamera_mp3 gulamera_wav gulamera_eaf gulamera_xml gulamera_tsv,,413554,415581,##	=pro.h:a_a	v:pred	=rv	0:p_a	adp,,gulamera
gulamera_0100,mctondano,ntampa pawèè' wia lulut mbalina,N=	tampa	#	ZERO	i-pa-wèè'	ZERO	wia	lulut	N=	walina,INAN=	place	#	ZERO	CV-DYN-give	ZERO	PREP1	bamboo	INAN=	other,at (its) place. (They) put (the plam sugar) in the other bamboo tube.,en,MORPHEME_ALIGNED,,gulamera_mp3 gulamera_wav gulamera_eaf gulamera_xml gulamera_tsv,,415990,419230,=ln	np:g	##	0:p_u	v:pred	0.h:a_u	adp	np:g	=ln	rn,,gulamera
gulamera_0101,mctondano,papumpun ia lulut oki'i,#	ZERO	i-pa-pumpun	ZERO	wia	lulut	oki'	ye'i,#	ZERO	CV-DYN-put.inside	ZERO	PREP1	bamboo	small	DEM1,(They) put (the palm sugar) in this small bamboo tube.,en,MORPHEME_ALIGNED,,gulamera_mp3 gulamera_wav gulamera_eaf gulamera_xml gulamera_tsv,,421950,424180,##	0:p_u	v:pred	0.h:a_u	adp	np:g	rn	rn,,gulamera
gulamera_0102,mctondano,"wo pekekuran tuama ti'i kouman, èi nimpumpun tu lulut",#	wo	ZERO	pa-Ce-kura-en	ni=	tuama	iti'i	kowman	#	èy	N=	i-pumpun-en	ZERO	witu	lulut,#	and	ZERO	DYN.IRR-how-PV	AN.SG.GEN=	man	DEM1	meanwhile	#	PART	3SG.NOM=	CV-put.inside	ZERO	PREP2	bamboo,"Meanwhile how will this man [put the hot palm sugar in the tube]. Hey, he will put it inside the bamboo tube.",en,WORD_ALIGNED,,gulamera_mp3 gulamera_wav gulamera_eaf gulamera_xml gulamera_tsv,,426830,430800,##	other	0:p_u	v:pred	=ln	np.h:a_u	rn	other	##	nc	=pro:p_u	v:pred	0.h:a_u	adp	np:g,,gulamera
gulamera_0103,mctondano,sangawoka kouman empekayo'en api kaa empapaghegheran e,#	sangawoka	kowman	N=	pa-kayo'-en	ZERO	api	#	ka'a	ZERO	papaghegheran	ZERO	e,#	opposite	meanwhile	3SG=	DYN-stir-PV	ZERO	fire	#	because	ZERO	CAUS-DYN-cold-LV	ZERO	HES,Meanwhile (the man) opposite him stirs the fire because (the other man) cools it down.,en,WORD_ALIGNED,,gulamera_mp3 gulamera_wav gulamera_eaf gulamera_xml gulamera_tsv,,431640,435460,##	other	other	=pro:dt_p_u	v:pred	0.h:a_u	np:p_u	#ac	other	0:p_u	v:pred	0.h:a_u	nc,,gulamera
gulamera_0104,mctondano,sè tu ghergherou ndèi'mou niwèèanamou wia nuka',#	sa	itu	ghergher	=mow	N=	rèy'	=mow	#	ZERO	<in>wèè-an	=na	=mow	wia	N=	uka,#	if	DEM2	cold	=CMP	INAN=	not	=CMP	#	ZERO	<PST>give-LV	=3SG.GEN	=CMP	PREP1	INAN=	(half)coconut.shell,"If that's already cool, finished. He has put (it) in the coconut shells.",en,MORPHEME_ALIGNED,,gulamera_mp3 gulamera_wav gulamera_eaf gulamera_xml gulamera_tsv,,435970,438860,#ac	other	pro:s	other:pred	=rv	=ln	other	=other	##	0:p_u	v:pred	=pro.h:a_u	=rv	adp	=ln	np:g,,gulamera
gulamera_0105,mctondano,kalakeran nuka matè mbèèanitè,#	ka-laker-an	ZERO	N=	uka	<um>patè	#	N=	wèè-an	ZERO	=itè,#	POT-many-LV	ZERO	INAN=	(half)coconut.shell	PART	#	3SG.NOM=	give-LV	ZERO	=LIM,(He) increases the (amount of) coconut shells. Oh dear (he) will just put them there.,en,MORPHEME_ALIGNED,,gulamera_mp3 gulamera_wav gulamera_eaf gulamera_xml gulamera_tsv,,441220,443950,##	v:pred	0.h:a_u	=ln	np:p_u	nc	##	=pro:p_u	v:pred	0.h:a_u	=rv,,gulamera
gulamera_0106,mctondano,o pasil,#	o	pasil,#	PART	PART,Oh dear.,en,MORPHEME_ALIGNED,,gulamera_mp3 gulamera_wav gulamera_eaf gulamera_xml gulamera_tsv,,446860,448160,#nc	nc	nc,,gulamera
gulamera_0107,mctondano,e rumping ngkasela,N=	rumping	N=	ka-sela,INAN=	wok	INAN=	very-big,A really big wok.,en,MORPHEME_ALIGNED,,gulamera_mp3 gulamera_wav gulamera_eaf gulamera_xml gulamera_tsv,,448600,450210,nc	nc	nc	nc,,gulamera
gulamera_0108,mctondano,siesa pawèè wia,#	si=	esa	i-pa-wèè	ZERO	wia,#	AN.SG=	one	CV-DYN-give	ZERO	PREP1,"(He) adds the one [coconut shell] into,",en,MORPHEME_ALIGNED,,gulamera_mp3 gulamera_wav gulamera_eaf gulamera_xml gulamera_tsv,,452230,454180,##	=ln	np:p_u	v:pred	0.h:a_u	adp,,gulamera
gulamera_0109,mctondano,ndames o pe,N=	rames	#	wo	pe,INAN=	small.bamboo	#	and	HES,"a small bamboo . And,",en,MORPHEME_ALIGNED,,gulamera_mp3 gulamera_wav gulamera_eaf gulamera_xml gulamera_tsv,,454590,456840,=ln	np:g	##	other	nc,,gulamera
gulamera_0110,mctondano,siwona gula sapaitu empawèènè itu ndames rintek iti'i,siwo-en	=na	gula	#	sapa	itu	#	N=	pa-wèè-en	ZERO	=pè'	witu	N=	rames	rintek	iti'i,do-PV	=3SG.GEN	sugar	#	what	DEM2	#	3SG.NOM=	DYN-give-PV	ZERO	=INCMP	PREP2	INAN=	small.bamboo	small	DEM1,he will make palm sugar. What is this? (He) still puts (it) in the small bamboo (tube).,en,MORPHEME_ALIGNED,,gulamera_mp3 gulamera_wav gulamera_eaf gulamera_xml gulamera_tsv,,457160,460880,v:pred	=pro.h:a_u	np:p_u	##	other:pred	pro:s	##	=pro:p_u	v:pred	0.h:a_u	=rv	adp	=ln	np:g	rn	rn,,gulamera
gulamera_0111,mctondano,ola siesa pawèèmou wia enuka,#	ola	si=	esa	i-pa-wèè	ZERO	=mow	wia	N=	uka,#	PART	AN.SG=	one	CV-DYN-give	ZERO	=CMP	PREP1	INAN=	(half)coconut.shell,(He) puts the first (palm sugar) in the coconut shells.,en,MORPHEME_ALIGNED,,gulamera_mp3 gulamera_wav gulamera_eaf gulamera_xml gulamera_tsv,,462020,464640,##	nc	=ln	np:p_u	v:pred	0.h:a_u	=rv	adp	=ln	np:g,,gulamera
gulamera_0112,mctondano,tuana ngkelaker itu satu rumping,#	tuana	N=	ka-laker	itu	satu	rumping,#	thus	INAN=	very-many	DEM2	one	wok,So that is a lot (of palm sugar from) one wok.,en,MORPHEME_ALIGNED,,gulamera_mp3 gulamera_wav gulamera_eaf gulamera_xml gulamera_tsv,,467060,469310,##	other	=ln	other:pred	pro:s	ln	np:other,,gulamera
gulamera_0113,mctondano,wo'o mamuali,#	wo'o	ZERO	ma-muali,#	maybe	ZERO	EV.STAT-become,"Maybe it's become,",en,MORPHEME_ALIGNED,,gulamera_mp3 gulamera_wav gulamera_eaf gulamera_xml gulamera_tsv,,471517,473477,##	other	0:s	nc,,gulamera
gulamera_0114,mctondano,mamuali wona' lima puluh batu rè',ma-muali	wona'	lima	puluh	batu	rè'èn,EV.STAT-become	perhaps	five	ten	stone	PART,(It) becomes perhaps 50 shells (of palm sugar) then.,en,MORPHEME_ALIGNED,,gulamera_mp3 gulamera_wav gulamera_eaf gulamera_xml gulamera_tsv,,477690,480370,v:pred	other	ln	ln	np:other	nc,,gulamera
gulamera_0115,mctondano,sanga rumping ensela,#	sanga	rumping	N=	sela,#	one	wok	INAN=	big,One large wok.,en,MORPHEME_ALIGNED,,gulamera_mp3 gulamera_wav gulamera_eaf gulamera_xml gulamera_tsv,,488790,490840,#nc	nc	nc	nc	nc,,gulamera
gulamera_0116,mctondano,dèi'kantè' lima puluh batu palo'ongkula èy,#	rèy'	=kan	=itè'	lima	puluh	batu	pa-lo'o-en	=ku	èy,#	not	=also	=LIM	five	ten	stone	DYN-see-PV	=1SG.GEN	PART,I see not just [i.e no more than] fifty rocks (of palm sugar) hey.,en,MORPHEME_ALIGNED,,gulamera_mp3 gulamera_wav gulamera_eaf gulamera_xml gulamera_tsv,,491050,493650,##neg	other	=other	=other	ln	ln	np:p_u	v:pred	=pro.1:a_u	nc,,gulamera
gulamera_0117,mctondano,"m, cuma sodomi",#	m	ZERO	cuma	i-sodo	ZERO	=mi,#	HES	ZERO	only	CV-ladle	ZERO	=DIR.DIST,Ah (he) will just ladle out (the hot palm sugar).,en,MORPHEME_ALIGNED,,gulamera_mp3 gulamera_wav gulamera_eaf gulamera_xml gulamera_tsv,,499390,501660,##	nc	0:p_u	lv	v:pred	0.h:a_u	=rv,,gulamera
gulamera_0118,mctondano,simodomou kasi o dèimoula kouman nokimokan,#	ZERO	s<im>odo	=mow	ZERO	kasi	#	o	rèy'	=mow	=la	kowman	ZERO	N=	oki'	=mowkan,#	ZERO	<AV.PST>ladle	=CMP	ZERO	more	#	PART	not	=CMP	=DIR.PROX	meanwhile	ZERO	INAN=	small	definitely,"(He) has already ladled out more (palm sugar). Oh, no more [finished], on the other it's really just a little bit.",en,WORD_ALIGNED,,gulamera_mp3 gulamera_wav gulamera_eaf gulamera_xml gulamera_tsv,,505070,507920,##	0.h:a_a	v:pred	=rv	0:p_a	rv	##	nc	other	=other	=other	other	0:s	=ln	other:pred	=other,,gulamera
gulamera_0119,mctondano,pakasodonami itu ndèi'mou,#	paka-sodo-en	=na	=mi	itu	N=	rèi'	=mow,#	COMP-ladle-PV	=3SG.GEN	=DIR.DIST	DEM2	INAN=	not	=CMP,"It has finished being ladeled by him, it's no longer [i.e. it's done].",en,MORPHEME_ALIGNED,,gulamera_mp3 gulamera_wav gulamera_eaf gulamera_xml gulamera_tsv,,511060,514190,##	v:pred	=pro.h:a_u	=rv	pro:p_u	=other	other	=other,,gulamera
gulamera_0120,mctondano,papagegerala ni'itu mamualimou gula mea',#	i-pa-pa-ghegher	=la	ZERO	ni'itu	#	ZERO	ma-muali	=mow	gula	mèa',#	CV-CAUS-DYN-cold	=DIR.PROX	ZERO	DEM2	#	ZERO	EV.STAT-become	=CMP	sugar	red,(He) has cooled it down. (It) becomes (hard) palm sugar.,en,MORPHEME_ALIGNED,,gulamera_mp3 gulamera_wav gulamera_eaf gulamera_xml gulamera_tsv,,516310,520000,##	v:pred	=rv	0.h:a_u	pro:p_u	##	0:s	v:pred	=rv	np:other	rn,,gulamera
gulamera_0121,mctondano,ndè'imou ipapasu'enèami itu minamualimou gula batu merah,#	N=	rèy'	=mow	i-pa-pasu'-en	=nèa	=mi	itu	#	ZERO	ma<in>a-muali	=mow	gula	batu	mèra',#	INAN=	not	=CMP	CV-DYN-hot	=3PL.GEN	=DIR.DIST	DEM2	#	ZERO	EV.PST.STAT-become	=CMP	sugar	rock	red,"It's no longer [it's done], they warm that up [the palm sugar liquid]. (It) has already become hard palm sugar.",en,WORD_ALIGNED,,gulamera_mp3 gulamera_wav gulamera_eaf gulamera_xml gulamera_tsv,,523920,528670,##	=ln	other	=other	v:pred	=pro.h:a_u	=rv	pro:p_u	##	0:s	v:pred	=rv	np:other	rn	rn,,gulamera
gulamera_0122,mctondano,sudah,sudah,already,It's already done,en,MORPHEME_ALIGNED,,gulamera_mp3 gulamera_wav gulamera_eaf gulamera_xml gulamera_tsv,,530430,531610,nc,,gulamera
gulamera_0123,mctondano,"dèi'moula, dèi' empa",rèi'	=mow	=la	rèy'	empa,not	=CMP	=DIR.PROX	not	HES,"No longer [i.e. it's finished], not.",en,MORPHEME_ALIGNED,,gulamera_mp3 gulamera_wav gulamera_eaf gulamera_xml gulamera_tsv,,541050,542640,other	=other	=other	other	nc,,gulamera
gulamera_0124,mctondano,wo nokimoukan witu rumping engkimerutou,#	wo	N=	oki'	=mowkan	witu	rumping	#	N=	k<im>erut	=mow,#	and	INAN=	small	=definitely	PREP2	wok	#	3SG.NOM=	<AV.PST>stick	=CMP,And just a little bit is in the wok. It has stuck [to the inside of the wok].,en,MORPHEME_ALIGNED,,gulamera_mp3 gulamera_wav gulamera_eaf gulamera_xml gulamera_tsv,,547470,550770,##	other	=ln	np:s	=rn	adp	np:pred_l	##	=pro:s	v:pred	=rv,,gulamera
gulamera_0125,mctondano,wewèanè parou'mi witu nuka',#	wewèan	=pè'	#	ZERO	i-pa-row'	ZERO	=mi	witu	N=	uka,#	EXIST	=INCMP	#	ZERO	CV-DYN-far	ZERO	=DIR.DIST	PREP2	INAN=	(half)coconut.shell,There's still (that which) (he) removed from the coconut shell.,en,MORPHEME_ALIGNED,,gulamera_mp3 gulamera_wav gulamera_eaf gulamera_xml gulamera_tsv,,557510,560160,##	other:predex	=rv	#rc:s	0:p_u	v:pred	0.h:a_u	=rv	adp	=ln	np:g,,gulamera
gulamera_0126,mctondano,sanga,#	sanga,#	one,One.,en,MORPHEME_ALIGNED,,gulamera_mp3 gulamera_wav gulamera_eaf gulamera_xml gulamera_tsv,,567290,568780,#nc	nc,,gulamera
gulamera_0127,mctondano,rumping ensela ti'i dèi'kantè lima puluh batu lèbè rè'èn to,#	rumping	N=	sela	iti'i	rèy'	=kan	=itè'	lima	puluh	batu	lèbè	rè'èn	to,#	wok	INAN=	big	DEM1	not	=also	=LIM	five	ten	rock	more	PART	PART,"that big wok isn't just fifty rocks [half shells worth of hard palm sugar], more perhaps, right?",en,MORPHEME_ALIGNED,,gulamera_mp3 gulamera_wav gulamera_eaf gulamera_xml gulamera_tsv,,570550,575863,##neg	np:s	=ln	rn	rn	other	=other	=other	ln	ln	np:pred	other	nc	nc,,gulamera
gulamera_0128,mctondano,e kua se,e	ku'a	se,PART	PART	HES,"Eh, then...",en,MORPHEME_ALIGNED,,gulamera_mp3 gulamera_wav gulamera_eaf gulamera_xml gulamera_tsv,,576361,578051,nc	nc	nc,,gulamera
gulamera_0129,mctondano,a sekarang so jadi,#	a	sekarang	so	jadi,#	HES	now	already	become,"Ah now it's already done [code-switching to Manado Malay],",en,MORPHEME_ALIGNED,,gulamera_mp3 gulamera_wav gulamera_eaf gulamera_xml gulamera_tsv,,592820,594900,#nc	nc	nc	nc	nc,,gulamera
gulamera_0130,mctondano,sudah,sudah,sudah,Already [done].,en,MORPHEME_ALIGNED,,gulamera_mp3 gulamera_wav gulamera_eaf gulamera_xml gulamera_tsv,,594990,596120,nc,,gulamera
gulamera_0131,mctondano,gula merah,#	gula	merah,#	sugar	red,"The palm sugar (is),",en,MORPHEME_ALIGNED,,gulamera_mp3 gulamera_wav gulamera_eaf gulamera_xml gulamera_tsv,,596600,598170,##	np:s	rn,,gulamera
gulamera_0132,mctondano,sudah selesai,sudah	selesai,already	completed,already finished [code-switching to Bahasa Indonesia].,en,MORPHEME_ALIGNED,,gulamera_mp3 gulamera_wav gulamera_eaf gulamera_xml gulamera_tsv,,599239,600779,other	v:pred,,gulamera
gulamera_0133,mctondano,dia sudah lepas dari tempat lihat itu,#	dia	sudah	lepas	dari	tempat	#	ZERO	lihat	itu,#	3.SG	already	free	PREP	place	#	ZERO	see	DEM2,"He's already done with this place now, (I) see that. [code-switching to Bahasa Indonesia].",en,MORPHEME_ALIGNED,,gulamera_mp3 gulamera_wav gulamera_eaf gulamera_xml gulamera_tsv,,601060,603840,##	pro.h:s	lv	v:pred	adp	np:l	##	0.1:a_a	v:pred	pro:p_a,,gulamera
gulamera_0134,mctondano,dèpè tempat itu,#	dèpè	tempat	itu,#	3SG.GEN	place	DEM2,"That place of his,",en,MORPHEME_ALIGNED,,gulamera_mp3 gulamera_wav gulamera_eaf gulamera_xml gulamera_tsv,,606085,608495,#nc	nc	nc	nc,,gulamera
gulamera_0135,mctondano,tempurung,tempurung,(half)coconut.shell,coconut shells.,en,MORPHEME_ALIGNED,,gulamera_mp3 gulamera_wav gulamera_eaf gulamera_xml gulamera_tsv,,608760,610090,nc,,gulamera
gulamera_0136,mctondano,dia kasih balik sudah jadi gula,#	dia	kasih	balik	#	sudah	jadi	gula,#	3.SG	more	return	#	already	become	sugar,He returns (home) again (as) the palm sugar is already made [code-switching to Bahasa Indonesia].,en,MORPHEME_ALIGNED,,gulamera_mp3 gulamera_wav gulamera_eaf gulamera_xml gulamera_tsv,,610310,613290,##	pro.h:s	rv	v:pred	##	lv	v:pred	np:s,,gulamera
holiday_0001,mctondano,"sipuyunku, sèurangku sèa aki brisbèn",#	si=	puyun	=ku	sè=	urang	=ku	sèa	waki	Brisbane,#	AN.PL=	grandchild	=1SG.GEN	AN.PL=	child	=1.SG.GEN	3PL	PREP3	PN,"My grandchild, my children they are in Brisbane.",en,MORPHEME_ALIGNED,,holiday_mp3 holiday_wav holiday_eaf holiday_xml holiday_tsv,,10640,15350,##	nc	nc	nc	=ln	np.h:dt_s	=rn_pro.1:poss	pro.h:s	adp	np:pred_l,,holiday
holiday_0002,mctondano,sipuyungku esa siwaki sidni,#	si=	puyun	=ku	esa	si=	waki	Sydney,#	AN.SG=	child	=1SG.GEN	one	3SG.NOM=	PREP3	PN,My first grandchild she is in Sydney.,en,MORPHEME_ALIGNED,,holiday_mp3 holiday_wav holiday_eaf holiday_xml holiday_tsv,,15570,18660,##	=ln	np.h:dt_s	=rn_pro.1:poss	rn	=pro.h:s	adp	np:pred_l,,holiday
holiday_0003,mctondano,jadi,#	jadi,#	thus,"so,",en,MORPHEME_ALIGNED,,holiday_mp3 holiday_wav holiday_eaf holiday_xml holiday_tsv,,19010,20660,##	other,,holiday
holiday_0004,mctondano,torang itu mateku tiga bulan manamèè,torang	itu	ma-tèku	tiga	bulan	mana	=mèè,1PL	DEM2	AV.DYN-stay	three	month	there	=DIR.MED,we stay there for three months.,en,MORPHEME_ALIGNED,,holiday_mp3 holiday_wav holiday_eaf holiday_xml holiday_tsv,,21230,24790,pro.1:s	rn	v:pred	ln	np:other	other	=other,,holiday
holiday_0005,mctondano,minemasimasiarla,#	ZERO	m<in>a-masiar-masiar	=la,#	ZERO	AV.DYN-PST-RDP-travel	=DIR.PROX,(We) travelled around there.,en,WORD_ALIGNED,,holiday_mp3 holiday_wav holiday_eaf holiday_xml holiday_tsv,,24930,26900,##	0.1:s	v:pred	=rv,,holiday
holiday_0006,mctondano,empaana'anèa,#	N=	pa-ana'-an	=nèa,#	INAN=	DYN-stay-LV	=3PL.GEN,Their house (lit. 'place of staying) (is),en,MORPHEME_ALIGNED,,holiday_mp3 holiday_wav holiday_eaf holiday_xml holiday_tsv,,26970,28210,##	=ln	np:s	=rn_pro.h:poss,,holiday
holiday_0007,mctondano,ee engkampung,ee	N=	kampung,HES	INAN=	quarter,the suburb,en,MORPHEME_ALIGNED,,holiday_mp3 holiday_wav holiday_eaf holiday_xml holiday_tsv,,28240,30540,nc	=ln	np:pred,,holiday
holiday_0008,mctondano,dèisi hil,Daisy	Hill,PN	PN,Daisy Hill.,en,MORPHEME_ALIGNED,,holiday_mp3 holiday_wav holiday_eaf holiday_xml holiday_tsv,,30570,31840,rn_np	rn_np,,holiday
holiday_0009,mctondano,mèmang waki kota,#	ZERO	mèmang	waki	kota,#	ZERO	truly	PREP3	city,(It's) really in the city,en,MORPHEME_ALIGNED,,holiday_mp3 holiday_wav holiday_eaf holiday_xml holiday_tsv,,32360,34210,##	0:s	other	other:pred	np:l,,holiday
holiday_0010,mctondano,brisben,Brisbane,PN,(of) Brisbane.,en,MORPHEME_ALIGNED,,holiday_mp3 holiday_wav holiday_eaf holiday_xml holiday_tsv,,34360,35870,rn_np,,holiday
holiday_0011,mctondano,o kèisa hari duminggu kèimaya si muntep,#	wo	kèy=	sa	hari	duminggu	kèy=	waya	si	<um>untep,#	and	HES	if	day	Sunday	1PL.EX.NOM=	all	HES	<AV>enter.church,"And we, if it's sunday we will all go to church",en,WORD_ALIGNED,,holiday_mp3 holiday_wav holiday_eaf holiday_xml holiday_tsv,,36170,39560,##	other	nc	other	np:other	rn_np	=pro.1:s	rn	nc	v:pred,,holiday
holiday_0012,mctondano,"waki tomboren, odo matè ndou'mèè",waki	Tamborine	adu	<um>patè	N=	row'	=mèè,PREP3	PN	PART	PART	INAN=	far	=DIR.MED,"at Tamborine, oh dear me, far away (from Brisbane city),",en,MORPHEME_ALIGNED,,holiday_mp3 holiday_wav holiday_eaf holiday_xml holiday_tsv,,39900,42460,adp	np:l	nc	nc	=other	other	=other,,holiday
holiday_0013,mctondano,tumawimoumèè laut sabla,t<um>awii	=mow	=mèè	laut	sabla,<AV>close	=CMP	=DIR.DIST	sea	next.to,next to the sea.,en,MORPHEME_ALIGNED,,holiday_mp3 holiday_wav holiday_eaf holiday_xml holiday_tsv,,42920,45310,other	=other	=other	np:l	rn,,holiday
holiday_0014,mctondano,sala sala mèmang musti mèa muntep,#	salah	salah	mèmang	ZERO	musti	<um>èa	<um>untep,#	RDP	mistake	truly	ZERO	AUX.must	<AV>go	<AV>enter.church,Maybe (we) really would have to go to church.,en,MORPHEME_ALIGNED,,holiday_mp3 holiday_wav holiday_eaf holiday_xml holiday_tsv,,45670,48310,##	ln_np	np:other	other	0.1:s	aux	lv	v:pred,,holiday
holiday_0015,mctondano,jam sebalas marèngi,#	jam	sebelas	ZERO	<um>warèng	=mi,#	hour	eleven	ZERO	<AV>return.home	=DIR.DIST,At eleven o'clock (we) would return home.,en,MORPHEME_ALIGNED,,holiday_mp3 holiday_wav holiday_eaf holiday_xml holiday_tsv,,48990,50940,##	np:other	rn	0.1:s	v:pred	=rv,,holiday
holiday_0016,mctondano,o kèymèa kasi waki,#	wo	kèy=	<um>èa	kasi	waki,#	and	1PL.EX.NOM=	<AV>go	more	PREP3,And we would go again to,en,MORPHEME_ALIGNED,,holiday_mp3 holiday_wav holiday_eaf holiday_xml holiday_tsv,,51230,53500,##	other	=pro.1:s	v:pred	rv	adp,,holiday
holiday_0017,mctondano,e dabel yu,e	double	yu,HES	Double	U,Big W (department store).,en,MORPHEME_ALIGNED,,holiday_mp3 holiday_wav holiday_eaf holiday_xml holiday_tsv,,53500,54860,nc	np:l	rn,,holiday
holiday_0018,mctondano,"èimèa aki dabel yu, mèa tumelesla labung",#	kèy=	<um>èa	waki	double	yu	#	ZERO	<um>èa	t<um>eles	=la	labung,#	1PL.EX.NOM=	<AV>go	PREP3	Double	U	#	ZERO	<AV>go	<AV>buy	=DIR.PROX	clothes,We would go to Big W. (we) would go to buy clothes (and),en,MORPHEME_ALIGNED,,holiday_mp3 holiday_wav holiday_eaf holiday_xml holiday_tsv,,55470,59080,##	=pro.1:s	v:pred	adp	np:l	rn	##	0.1:a_a	lv	v:pred	=rv	ln_np,,holiday
holiday_0019,mctondano,pa'ayangen nèoki,pa'ayang-en	nè=	oki',work-PV	AN.PL.GEN=	small,children's toys.,en,MORPHEME_ALIGNED,,holiday_mp3 holiday_wav holiday_eaf holiday_xml holiday_tsv,,59210,61100,np:p_a	=rn	rn_np.h:poss,,holiday
holiday_0020,mctondano,kèymèa aki,#	kèy=	<um>èa	waki,#	1PL.EX.NOM=	<AV>go	PREP3,"We would go to,",en,MORPHEME_ALIGNED,,holiday_mp3 holiday_wav holiday_eaf holiday_xml holiday_tsv,,61690,63180,##	=pro.1:s	v:pred	adp,,holiday
holiday_0021,mctondano,haperdom,Hyperdome,Hyperdome,Hyperdome.,en,MORPHEME_ALIGNED,,holiday_mp3 holiday_wav holiday_eaf holiday_xml holiday_tsv,,63940,65400,np:l,,holiday
holiday_0022,mctondano,haperdom itu wiya enanu ya,#	Hyperdome	itu	waya	N=	anu	ya,#	Hyperdome	DEM2	all	INAN=	NON.SPEC	AFF,"That Hyperdome (is) everything, yes (it sells many different types of items).",en,MORPHEME_ALIGNED,,holiday_mp3 holiday_wav holiday_eaf holiday_xml holiday_tsv,,66350,68540,##	np:s	rn	other	nc	nc	nc,,holiday
holiday_0023,mctondano,spesial pewangkeran rupa rupa,spesial	pa-wangkèr-an	rupa	rupa,special	DYN-sell-LV	RDP	type,all types of special sales,en,MORPHEME_ALIGNED,,holiday_mp3 holiday_wav holiday_eaf holiday_xml holiday_tsv,,69860,72590,ln	np:pred	rn	rn,,holiday
holiday_0024,mctondano,taan tou mol kua nitu,#	ta'an	tow	mol	ku'a	ni'tu,#	however	like	mall	PART	DEM2,But that (it) is like a mall then.,en,MORPHEME_ALIGNED,,holiday_mp3 holiday_wav holiday_eaf holiday_xml holiday_tsv,,73110,75390,##	other	other	np:pred	nc	pro:s,,holiday
holiday_0025,mctondano,makatelesi mbengimou,#	ZERO	maka-teles	=mi	ZERO	N=	bengi	=mow,#	ZERO	AV.COMP-buy	=DIR.DIST	ZERO	INAN=	night	=CMP,After (we) buy (things) it's already night time.,en,MORPHEME_ALIGNED,,holiday_mp3 holiday_wav holiday_eaf holiday_xml holiday_tsv,,76150,77680,##	0.1:a_a	v:pred	=rv	0:p_a	=ln	np:other	=other,,holiday
holiday_0026,mctondano,marèngoumi kasi aki walè,#	ZERO	<um>warèng	=mow	=mi	kasi	waki	walè,#	ZERO	<AV>return.home	=CMP	=DIR.DIST	more	PREP3	house,(Then we) would return home again to the house.,en,MORPHEME_ALIGNED,,holiday_mp3 holiday_wav holiday_eaf holiday_xml holiday_tsv,,77740,79530,##	0.1:s	v:pred	=rv	=rv	rv	adp	np:l,,holiday
holiday_0027,mctondano,siurangku waki brisbèn,#	si=	urang	=ku	waki	Brisbane,#	AN.SG=	child	=1SG.GEN	PREP3	PN,My child is in Brisbane.,en,MORPHEME_ALIGNED,,holiday_mp3 holiday_wav holiday_eaf holiday_xml holiday_tsv,,79592,81608,##	=ln	np.h:s	=rn_pro.1:poss	adp	np:pred_l,,holiday
holiday_0028,mctondano,simepa'ayang mana,#	si=	ma-pa'ayang	mana,#	1SG.NOM=	AV.DYN-work	there,She works there.,en,MORPHEME_ALIGNED,,holiday_mp3 holiday_wav holiday_eaf holiday_xml holiday_tsv,,82150,84250,##	=pro.h:s	v:pred	other,,holiday
holiday_0029,mctondano,èmepa'ayang waya,#	sè=	ma-pa'ayang	waya,#	3PL.NOM=	AV.DYN-work	all,They (she and her husband) do all sorts of work.,en,MORPHEME_ALIGNED,,holiday_mp3 holiday_wav holiday_eaf holiday_xml holiday_tsv,,84340,86000,##	=pro.h:s	v:pred	other,,holiday
holiday_0030,mctondano,"situama mapa'ayang kantor, siurangku wewènè",#	si=	tuama	ma-pa'ayang	kantor	#	si=	urang	=ku	wewènè,#	AN.SG=	man	AV.DYN-work	office	#	AN.SG=	child	=1SG.GEN	woman,The husband works (in) an office. My girl child,en,MORPHEME_ALIGNED,,holiday_mp3 holiday_wav holiday_eaf holiday_xml holiday_tsv,,86040,89630,##	=ln	np.h:s	v:pred	np:l	##	=ln	np.h:s	=rn_pro.1:poss	rn_np.h,,holiday
holiday_0031,mctondano,ma,ma-,AV.DYN,does,en,WORD_ALIGNED,,holiday_mp3 holiday_wav holiday_eaf holiday_xml holiday_tsv,,89880,91520,nc,,holiday
holiday_0032,mctondano,"tèrapi, tèrapi spor dèngan akupungtur",therapy	therapy	sport	dèngan	acupuncture,HES	therapy	sport	with	acupuncture,"therapy, sports therapy with acupuncture.",en,MORPHEME_ALIGNED,,holiday_mp3 holiday_wav holiday_eaf holiday_xml holiday_tsv,,91840,95010,nc	v:pred	rv_np	adp	np:obl,,holiday
holiday_0033,mctondano,sia siwaki,#	sia	si=	waki,#	3SG	3SG.NOM=	PREP3,"She, she is in,",en,MORPHEME_ALIGNED,,holiday_mp3 holiday_wav holiday_eaf holiday_xml holiday_tsv,,96140,98010,##	pro.h:dt_s	=pro.h:s	adp,,holiday
holiday_0034,mctondano,ee brisbèn,ee	Brisbane,HES	PN,"erh, Brisbane.",en,MORPHEME_ALIGNED,,holiday_mp3 holiday_wav holiday_eaf holiday_xml holiday_tsv,,98440,100240,nc	np:pred_l,,holiday
holiday_0035,mctondano,ndou'mèè embalè mpa,#	N=	row'	=mèè	N=	walè	N=	pa,#	INAN=	far	=DIR.MED	INAN=	house	INAN=	HES,"Far away the house,",en,MORPHEME_ALIGNED,,holiday_mp3 holiday_wav holiday_eaf holiday_xml holiday_tsv,,101040,103350,##	=ln	other	=other	=ln	np:p_u	nc	nc,,holiday
holiday_0036,mctondano,pa'anaana matè,pa-ana'-ana'-an	ZERO	<um>patè,DYN-RDP-stay-LV	ZERO	PART,"she is living, oh dear me.",en,MORPHEME_ALIGNED,,holiday_mp3 holiday_wav holiday_eaf holiday_xml holiday_tsv,,103561,105101,v:pred	0.h:a_u	nc,,holiday
holiday_0037,mctondano,tou wia ntoundano ka'ayomèè mpinèlèng,#	tow	wia	N=	tondano	ka-ayo	=mèè	N=	pinèlèng,#	like	PREP1	INAN=	PN	until	=DIR.MED	INAN=	PN,(It's) like from Tondano until Pinèlèng.,en,WORD_ALIGNED,,holiday_mp3 holiday_wav holiday_eaf holiday_xml holiday_tsv,,105710,108830,#nc	nc	nc	nc	nc	nc	nc	nc	nc,,holiday
holiday_0038,mctondano,hari hari sumèrèt oto,#	hari	hari	ZERO	s<um>èrèt	oto,#	RDP	day	ZERO	<AV>ride	car,Every day (they) would drive a car.,en,MORPHEME_ALIGNED,,holiday_mp3 holiday_wav holiday_eaf holiday_xml holiday_tsv,,109371,111091,##	ln_np	np:other	0.h:a_a	v:pred	np:p_a,,holiday
holiday_0039,mctondano,"ya, mbayanèa sèwèan waya oto",#	ya	N=	waya	=nèa	sè=	wewèan	waya	oto,#	AFF	INAN=	all	=3PL.GEN	3PL=	EXIST	all	car,"All of them, they have cars.",en,MORPHEME_ALIGNED,,holiday_mp3 holiday_wav holiday_eaf holiday_xml holiday_tsv,,111440,114310,##	nc	=ln	other	=rn_pro.h:poss	=pro.h:dt	other:predex	rn	np:s,,holiday
holiday_0040,mctondano,papakènèa kaa tu,#	ZERO	pa-pakè-en	=nèa	#	ka'a	tu,#	ZERO	DYN-use-PV	=3PL.GEN	#	because	then,They use (cars). Because then,en,MORPHEME_ALIGNED,,holiday_mp3 holiday_wav holiday_eaf holiday_xml holiday_tsv,,115370,116810,##	0.h:p_u	v:pred	=pro.h:a_u	#ac	other	other,,holiday
holiday_0041,mctondano,pigi datang pigi datang,ZERO	pigi	datang	#	ZERO	pigi	datang,ZERO	go	come	#	ZERO	go	come,"(they) come and go (they) come and go (unmarked Manado Malay verbal roots),",en,MORPHEME_ALIGNED,,holiday_mp3 holiday_wav holiday_eaf holiday_xml holiday_tsv,,116810,118560,0.h:s	lv	v:pred	##	0.h:s	lv	v:pred,,holiday
holiday_0042,mctondano,ka'ayomèè witu,i-ka-ayo	=mèè	witu,CV-POT-arrive	=DIR.MED	PREP2,until (they) are there.,en,MORPHEME_ALIGNED,,holiday_mp3 holiday_wav holiday_eaf holiday_xml holiday_tsv,,118900,120770,other	=other	other,,holiday
holiday_0043,mctondano,"okèi, lila'mula sèa èi kèi",#	okèy	i-lila'	=mu	=la	sèa	#	kèy=,#	PART	CV-tongue	=2SG.GEN	=DIR.PROX	3PL	#	1PL.EX.NOM=,"Okay, you would say to him/her ""we",en,MORPHEME_ALIGNED,,holiday_mp3 holiday_wav holiday_eaf holiday_xml holiday_tsv,,121460,124280,##	nc	v:pred	=pro.2:a_u_ds	=rv	pro.h:p_u	#ds	=pro.1:s,,holiday
holiday_0044,mctondano,laamou,ma-laa	=mow,AV.DYN-go	=CMP,go,en,MORPHEME_ALIGNED,,holiday_mp3 holiday_wav holiday_eaf holiday_xml holiday_tsv,,124469,125617,v:pred	=rv,,holiday
holiday_0045,mctondano,lima bulan wia kèi,lima	bulan	wia	#,five	month	here	#,here for five months. You,en,MORPHEME_ALIGNED,,holiday_mp3 holiday_wav holiday_eaf holiday_xml holiday_tsv,,125700,127700,ln	np:other	other	##,,holiday
holiday_0046,mctondano,"kèitaangeniumou wia, sudah kèimarèngou",kèy=	taang-en	=miu	=mow	wia	sudah	#	kèy=	<um>warèng	=mow,1PL.EX.NOM=	intercept-PV	=2PL.GEN	=CMP	here	already	#	1PL.EX.NOM=	<AV>return.home	=CMP,would stop us here (for five months). We will return home.,en,MORPHEME_ALIGNED,,holiday_mp3 holiday_wav holiday_eaf holiday_xml holiday_tsv,,127700,130590,=pro.1:p_u	v:pred	=pro.1:a_u	=rv	other	other	##	=pro.1:s	v:pred	=rv,,holiday
holiday_0047,mctondano,mèmang mpaspormèi minèitè ka'ayo itu mbulan,#	mèmang	N=	paspor	=mèy	<im>èy	=itè	i-ka'ayo	itu	N=	bulan,#	truly	INAN=	passport	=1PL.EX.GEN	<AV.PST>come	=LIM	CV-POT-arrive	DEM2	INAN=	month,"Really our passports only came (were valid) until that month of,",en,WORD_ALIGNED,,holiday_mp3 holiday_wav holiday_eaf holiday_xml holiday_tsv,,130630,133990,##	other	=ln	np:s	=rn_pro.1:poss	v:pred	=rv	adp	ln	=ln	np:obl,,holiday
holiday_0048,mctondano,ee yuni,ee	Juni,HES	PN,"erh, June.",en,MORPHEME_ALIGNED,,holiday_mp3 holiday_wav holiday_eaf holiday_xml holiday_tsv,,134430,135660,nc	rn_np,,holiday
holiday_0049,mctondano,"ala niniampitena, ndèi awesenèla",#	ZERO	i-lila'	=la	ni	ni=	apmit	=na	#	N=	rèy'	N=	awes-en	ZERO	=la,#	ZERO	CV-tongue	=DIR.PROX	HES	AN.SG.GEN=	spouse	=3SG.GEN	#	INAN=	don't	3SG.NOM=	add-PV	ZERO	=DIR.PROX,"Her husband said (to us) ""(you) don't extend (your passport)"".",en,MORPHEME_ALIGNED,,holiday_mp3 holiday_wav holiday_eaf holiday_xml holiday_tsv,,136050,139050,##	0.h:p_u	v:pred	=rv	nc	=ln	np.h:a_u_ds	=rn_pro.h:poss	#ds	=other	neg	=pro:p_u	v:pred	0.h:a_u	=rv,,holiday
holiday_0050,mctondano,"konèng kumekaaniawesi aki kantor, jadi niawesanèla dua bulan, kèyminarèngoukeni bulun yuni",#	konèng	ku=	m<in>aka-awes	=mi	ZERO	waki	kantor	#	jadi	<in>awes-en	ZERO	=la	dua	bulan	#	kèy=	<im>warèng	=mow	=keni	bulan	Juni,#	directly	1SG.NOM=	AV.COMP.PST-add	=DIR.DIST	ZERO	PREP3	office	#	thus	<PST>add-PV	ZERO	=DIR.PROX	two	month	#	1PL.EX.NOM=	<AV.PST>return.home	=CMP	PART	month	PN,"Straight away I had extended (my passport) at the immigration office, so (I) added another two months, so then we returned home in the month of June.",en,WORD_ALIGNED,,holiday_mp3 holiday_wav holiday_eaf holiday_xml holiday_tsv,,139630,146360,##	other	=pro.1:a_a	v:pred	=rv	0:p_a	adp	np:l	##	other	v:pred	0.1:a_u	=rv	ln	np:p_u	##	=pro.1:s	v:pred	=rv	=rv	np:other	rn_np,,holiday
holiday_0051,mctondano,abis bulan,abis	bulan,finsh	month,at the end of the month,en,MORPHEME_ALIGNED,,holiday_mp3 holiday_wav holiday_eaf holiday_xml holiday_tsv,,146550,147690,other	np:other,,holiday
holiday_0052,mctondano,sampè di rèi,sampai	di	rèy',until	of	not,"up until, of not",en,MORPHEME_ALIGNED,,holiday_mp3 holiday_wav holiday_eaf holiday_xml holiday_tsv,,148330,149290,nc	nc	nc,,holiday
holiday_0053,mctondano,nèi'mou ka'ayo wia ntondano,#	ZERO	nèy	=mow	i-ka-'ayo	ZERO	wia	N=	Tondano,#	ZERO	CV.PST	=CMP	CV-POT-arrive	ZERO	PREP1	INAN=	PN,(We) had been bought back to Tondano.,en,MORPHEME_ALIGNED,,holiday_mp3 holiday_wav holiday_eaf holiday_xml holiday_tsv,,149450,152610,##	0.1:p_u	lv	=lv	v:pred	0.h:a_u	adp	=ln	np:l,,holiday
holiday_0054,mctondano,ya tuang,ya	tuang,AFF	PART,"Yes, oh God",en,MORPHEME_ALIGNED,,holiday_mp3 holiday_wav holiday_eaf holiday_xml holiday_tsv,,158190,159370,nc	nc,,holiday
holiday_0055,mctondano,mèmang manamèè sedap,#	ZERO	mèmang	mana	=mèè	sedap,#	ZERO	truly	there	=DIR.MED	tasty,(Brisbane is) truly pleasent there.,en,MORPHEME_ALIGNED,,holiday_mp3 holiday_wav holiday_eaf holiday_xml holiday_tsv,,159540,161540,##	0:s	other	other	=other	other:pred,,holiday
holiday_0056,mctondano,ta'an,#	ta'an,#	however,"But,",en,MORPHEME_ALIGNED,,holiday_mp3 holiday_wav holiday_eaf holiday_xml holiday_tsv,,161600,162190,##	other,,holiday
holiday_0057,mctondano,èla,wèlow,PART,"oh wow,",en,MORPHEME_ALIGNED,,holiday_mp3 holiday_wav holiday_eaf holiday_xml holiday_tsv,,162560,163360,nc,,holiday
holiday_0058,mctondano,"pèila'an rèimou pakè dolar, ndèikan tou wia entondano",ZERO	pa-lila'-an	ZERO	#	rèy'	=mow	i-pakè	ZERO	dollar	#	N=	rèy'	=kan	tow	wia	N=	Tondano,ZERO	DYN-tongue-LV	ZERO	#	not	=CMP	CV-use	ZERO	dollar	#	INAN=	not	=also	like	PREP1	INAN=	PN,"(they) say (to us) ""(they) no longer use (American) dollars"", also not like in Tondano.",en,MORPHEME_ALIGNED,,holiday_mp3 holiday_wav holiday_eaf holiday_xml holiday_tsv,,164840,168930,0.h:p_u	v:pred	0.h:a_u	#ds	neg	=other	v:pred	0.h:a_u	np:p_u	#nc	nc	nc	nc	nc	nc	nc	nc,,holiday
holiday_0059,mctondano,"megenagenangitèmi kinatouan, ha ha ha",#	ZERO	meN-ghenang-ghenang	=itè	=mi	k<in>a-tow-an	ha ha ha,#	ZERO	EV.STAT-RDP-think	=LIM	=DIR.DIST	STAT.PST-person-LV	ha.ha.ha,"(They) are remembering their birthplace (when far away from it),",en,MORPHEME_ALIGNED,,holiday_mp3 holiday_wav holiday_eaf holiday_xml holiday_tsv,,169420,173010,##	0.h:a_a	v:pred	=rv	=rv	np:p_a	nc,,holiday
holiday_0060,mctondano,"waki tana nètou, mèmang sènang ta'an magènangi bia entondano è kala",waki	tana'	nè=	tow	mèmang	sènang	#	ta'an	ZERO	ma-ghenang	=mi	ZERO	wia	Tondano	o	kela,PREP3	land	AN.PL.GEN=	person	truly	happy	#	however	ZERO	EV.STAT-think	=DIR.DIST	ZERO	PREP1	PN	PART	PART,"in the land of the (original) people, truly happy. But (they) think about (they birthplace) in Tondano, oh dear me.",en,MORPHEME_ALIGNED,,holiday_mp3 holiday_wav holiday_eaf holiday_xml holiday_tsv,,173150,178950,adp	np:l	=rn	rn_np.h:poss	other	other	##	other	0.h:a_a	v:pred	=rv	0:p_a	adp	np:l	nc	nc,,holiday
holiday_0061,mctondano,marèngou,#	ZERO	<um>warèng	=mow,#	ZERO	<AV>return.home	=CMP,(They) would return home.,en,MORPHEME_ALIGNED,,holiday_mp3 holiday_wav holiday_eaf holiday_xml holiday_tsv,,179100,180510,##	0.h:s	v:pred	=rv,,holiday
holiday_0062,mctondano,sa urèurè wia,#	sa	ZERO	urè-urè	wia,#	if	ZERO	RDP-long	here,If (they) are here for a long time.,en,MORPHEME_ALIGNED,,holiday_mp3 holiday_wav holiday_eaf holiday_xml holiday_tsv,,181320,182910,##	other	0.h:s	other:pred	other,,holiday
holiday_0063,mctondano,payah kua,#	ZERO	payah	ku'a,#	ZERO	tired	PART,(They) are tired then,en,MORPHEME_ALIGNED,,holiday_mp3 holiday_wav holiday_eaf holiday_xml holiday_tsv,,183450,184890,##	0.h:s	other:pred	nc,,holiday
holiday_0064,mctondano,megenagenangtèmi mbalè aki tondano jadi,#	ZERO	ma-ghenang-ghenang	=itè	=mi	N=	walè	waki	Tondano	#	jadi,#	ZERO	EV.STAT-RDP-think	=LIM	=DIR.DIST	INAN=	house	PREP3	PN	#	thus,(They) are just thinking (about) the house in Tondano. So,en,MORPHEME_ALIGNED,,holiday_mp3 holiday_wav holiday_eaf holiday_xml holiday_tsv,,185230,189530,##	0.h:a_a	v:pred	=rv	=rv	=ln	np:p_a	adp	np:l	##	other,,holiday
holiday_0065,mctondano,pas nèi awese niginè dua bulan,pas	nèy	awes	ni=	Ginè	dua	bulan,exactly	CV.PST	add	AN.SG.GEN=	NC	two	month,the [UNCLEAR] added two months (to my passport).,en,MORPHEME_ALIGNED,,holiday_mp3 holiday_wav holiday_eaf holiday_xml holiday_tsv,,189660,192890,other	lv	v:pred	=ln	np:a_u	ln	np:p_u,,holiday
holiday_0066,mctondano,kunèi ka'ayola enem bulan waki australi,#	ku=	nèy	ka-ayo	=la	enem	bulan	waki	Australia,#	1SG.NOM=	CV.PST	POT-arrive	=DIR.PROX	six	month	PREP3	PN,I then arrived (spent time) for six months in Australia.,en,MORPHEME_ALIGNED,,holiday_mp3 holiday_wav holiday_eaf holiday_xml holiday_tsv,,192940,195690,##	=pro.h:s	lv	v:pred	=rv	ln	np:other	adp	np:l,,holiday
holiday_0067,mctondano,o matè,o	<um>patè,PART	PART,"oh dear me,",en,MORPHEME_ALIGNED,,holiday_mp3 holiday_wav holiday_eaf holiday_xml holiday_tsv,,195820,196720,nc	nc,,holiday
holiday_0068,mctondano,masimasiarla noto,#	ZERO	ma-masiar-masiar	=la	N=	oto,#	ZERO	AV.DYN-RDP-travel	=DIR.PROX	INAN=	car,(We) are travelling around (with) the car.,en,MORPHEME_ALIGNED,,holiday_mp3 holiday_wav holiday_eaf holiday_xml holiday_tsv,,196970,198870,##	0.1:s	v:pred	=rv	=ln	np:obl,,holiday
holiday_0069,mctondano,pigi datang o embaya entokotoko kèymèa waki gol gos,#	ZERO	pigi	datang	wo	N=	waya	N=	toko	toko	#	kèy=	<um>èa	waki	Gold	Coast,#	ZERO	go	come	and	INAN=	all	INAN=	RDP	shop	#	1PL.EX.NOM=	<AV>go	PREP3	PN	PN,"(We) come and go with all the shops. We would go to the Gold Coast,",en,MORPHEME_ALIGNED,,holiday_mp3 holiday_wav holiday_eaf holiday_xml holiday_tsv,,198990,202930,##	0.1:s	lv	v:pred	ln	=ln	ln	=ln	ln_np	np:obl	##	=pro.1:s	v:pred	adp	ln_np	np:l,,holiday
holiday_0070,mctondano,"ka'ayo aki gol gos, ya",i-ka-ayo	waki	Gold	Coast	ya,CV.POT-arrive	PREP3	PN	PN	AFF,until at the Gold Coast yes.,en,WORD_ALIGNED,,holiday_mp3 holiday_wav holiday_eaf holiday_xml holiday_tsv,,203120,205270,other	adp	ln	np:l	nc,,holiday
holiday_0071,mctondano,pemaksamaksanèa ma'ayangoukè,#	ZERO	pa-maksa-maksa-an	=nèa	#	ZERO	<um>pa'ayang	=mow	=kè,#	ZERO	DYN-RDP-coerce	=3PL.GEN	#	ZERO	<AV>work	=CMP	=EPIS,They forced (us). Apparently we would play,en,WORD_ALIGNED,,holiday_mp3 holiday_wav holiday_eaf holiday_xml holiday_tsv,,205490,208240,##	0.1:p_u	v:pred	=pro.h:a_u	##	0.1:a_a	v:pred	=rv	=rv,,holiday
holiday_0072,mctondano,njakpot odo o matè,N=	jackpot	odo	o	<um>patè,INAN=	jackpot	PART	PART	PART,"the jackpot (gambling machines), oh wow oh dear me.",en,MORPHEME_ALIGNED,,holiday_mp3 holiday_wav holiday_eaf holiday_xml holiday_tsv,,208340,210850,=ln	np:p_a	nc	nc	nc,,holiday
holiday_0073,mctondano,"mèmang ma'abis eloit sa mèa aki jakpot, ha ha",#	ZERO	mèmang	ma-abis	N=	loit	#	sa	ZERO	<um>èa	waki	jackpot	he he,#	ZERO	truly	AV.DYN-finish	INAN=	money	#	if	ZERO	<AV>go	PREP3	jackpot	he.he,(We) truly finish (our) money if (we) go to the jackpot.,en,MORPHEME_ALIGNED,,holiday_mp3 holiday_wav holiday_eaf holiday_xml holiday_tsv,,211080,214660,##	0.1:a_a	other	v:pred	=ln	np:p_a	#ac	other	0.1:s	v:pred	adp	np:l	nc,,holiday
holiday_0074,mctondano,mèa mpèila'anèatè kua mèa mepa'ayang piano ha ha,#	ZERO	<um>èa	#	N=	pa-lila'-an	=nèa	=itè	ku'a	#	ZERO	<um>èa	ma-pa'ayang	piano	ha ha,#	ZERO	<AV>go	#	3SG.NOM=	DYN-tongue-LV	=3PL.GEN	=LIM	PART	#	ZERO	<AV>go	AV.DYN-work	piano	ha.ha,"(We) go. They say it that ""(we) go to play the piano (i.e when we win the jackpot the music plays)"".",en,MORPHEME_ALIGNED,,holiday_mp3 holiday_wav holiday_eaf holiday_xml holiday_tsv,,214990,218990,##	0.1:s	v:pred	##	=pro:p_u	v:pred	=pro.h:a_u_ds	=rv	nc	#ds	0.1:a_a	lv	v:pred	np:p_a	nc,,holiday
holiday_0075,mctondano,o matè,o	<um>patè,PART	PART,oh dear me,en,MORPHEME_ALIGNED,,holiday_mp3 holiday_wav holiday_eaf holiday_xml holiday_tsv,,219130,220280,nc	nc,,holiday
holiday_0076,mctondano,waki gol gos ti'i mèmang luar biasa,#	waki	Gold	Coast	iti'i	ZERO	mèmang	luar	biasa,#	PREP3	PN	PN	DEM2	ZERO	truly	outside	normal,"At this Gold Coast, (it's) truly extraordinary.",en,MORPHEME_ALIGNED,,holiday_mp3 holiday_wav holiday_eaf holiday_xml holiday_tsv,,220460,223010,##	adp	ln	np:l	rn	0:s	other	ln	other:pred,,holiday
holiday_0077,mctondano,kèyki minatekel aki walè o tèi,#	kèy=	ki	m<in>a-tekel	waki	walè	#	wo	rèy',#	1PL.EX.NOM=	HES	AV.DYN.PST-sleep	PREP3	house	#	and	HES,We slept at the house and not,en,MORPHEME_ALIGNED,,holiday_mp3 holiday_wav holiday_eaf holiday_xml holiday_tsv,,223420,226630,##	=pro.1:s	nc	v:pred	adp	np:l	##	other	nc,,holiday
holiday_0078,mctondano,dèi awes satu minggu,rèy'	awes	satu	minggu,not	add	one	week,"one week not added (is not enough),",en,MORPHEME_ALIGNED,,holiday_mp3 holiday_wav holiday_eaf holiday_xml holiday_tsv,,226720,228170,neg	other:pred	ln	np:s,,holiday
holiday_0079,mctondano,soalnya,#	soal	=nya,#	issue	=3SG.GEN,Because,en,MORPHEME_ALIGNED,,holiday_mp3 holiday_wav holiday_eaf holiday_xml holiday_tsv,,228400,229990,#ac	other	=rn_pro:poss,,holiday
holiday_0080,mctondano,siurangku waki brisbèn,si=	urang	=ku	waki	Brisbane,AN.SG=	child	=1SG.GEN	PREP3	PN,my child is in Brisbane.,en,MORPHEME_ALIGNED,,holiday_mp3 holiday_wav holiday_eaf holiday_xml holiday_tsv,,230200,233080,=ln	np.h:s	=rn_pro.1:poss	adp	np:pred_l,,holiday
holiday_0081,mctondano,sèwewèan anu mana gol gos,#	sè=	wewèan	anu	mana	Gold	Coast,#	3PL=	EXIST	NON.SPEC	PREP2	PN	PN,They have a what'sit on the Gold Coast.,en,MORPHEME_ALIGNED,,holiday_mp3 holiday_wav holiday_eaf holiday_xml holiday_tsv,,233920,236710,##	=pro.h:dt	other:predex	np:s	adp	ln_np	np:l,,holiday
holiday_0082,mctondano,wewèan,#	wewèan,#	EXIST,There is,en,MORPHEME_ALIGNED,,holiday_mp3 holiday_wav holiday_eaf holiday_xml holiday_tsv,,237000,237970,##	other:predex,,holiday
holiday_0083,mctondano,saham,saham,stock,a time share.,en,MORPHEME_ALIGNED,,holiday_mp3 holiday_wav holiday_eaf holiday_xml holiday_tsv,,238010,238940,np:s,,holiday
holiday_0084,mctondano,"jadi, meokiokila mèa tumekel aki",#	jadi	ma-oki'oki'	=la	ZERO	<um>èa	t<um>ekel	waki,#	thus	EV.STAT-RDP-small	=DIR.PROX	ZERO	<AV>go	<AV>sleep	PREP3,So occasionally (we) would go and sleep at,en,WORD_ALIGNED,,holiday_mp3 holiday_wav holiday_eaf holiday_xml holiday_tsv,,238980,243150,##	other	lv	=other	0.1:s	lv	v:pred	adp,,holiday
holiday_0085,mctondano,gol gos,Gold	Coast,PN	PN,the Gold Coast.,en,MORPHEME_ALIGNED,,holiday_mp3 holiday_wav holiday_eaf holiday_xml holiday_tsv,,243180,244500,ln	np:l,,holiday
holiday_0086,mctondano,mèa tumekel manamèè ya mete'umoukani kumaanou,#	ZERO	<um>èa	t<um>ekel	mana	=mèè	ya	#	ZERO	ma-te'u	=mowkan	=mi	#	ZERO	k<um>aan	=mow	ZERO,#	ZERO	<AV>go	<AV>sleep	there	=DIR.DIST	AFF	#	ZERO	EV.STAT-know	=definitely	=DIR.DIST	#	ZERO	<AV>eat	=CMP	ZERO,(We) would go to stay there yes. (We) definitely know that (we) would eat (lots of food).,en,MORPHEME_ALIGNED,,holiday_mp3 holiday_wav holiday_eaf holiday_xml holiday_tsv,,244690,248310,##	0.1:s	lv	v:pred	other	=other	nc	##	0.1:a_a	v:pred	=rv	=rv	#cc:p_a	0.1:a_a	v:pred	=rv	0:p_a,,holiday
holiday_0087,mctondano,mekekaala,#	ZERO	ma-Ce-kaan	=la,#	ZERO	AV.DYN-IRR-rice	=DIR.PROX,(We) will eat,en,MORPHEME_ALIGNED,,holiday_mp3 holiday_wav holiday_eaf holiday_xml holiday_tsv,,248410,249770,##	0.1:a_a	v:pred	=rv,,holiday
holiday_0088,mctondano,waya ano ee,waya	ano	ee,all	NON.SPEC	HES,"all the what'sits, eh.",en,MORPHEME_ALIGNED,,holiday_mp3 holiday_wav holiday_eaf holiday_xml holiday_tsv,,249850,251570,ln	np:p_a	nc,,holiday
holiday_0089,mctondano,pema'ayama'ayangen manamèè mema'ayama'ayang wo sè,#	ZERO	peN-pa'ayang-pa'ayang-en	ZERO	mana	=mèè	#	ZERO	meN-pa'ayang-pa'ayang	ZERO	wo	sè=,#	ZERO	DYN-RDP-work-PV	ZERO	there	=DIR.MED	#	ZERO	AV.DYN-RDP-work	ZERO	with	HES,"(We) played (slot machines) there, (we) played (slot machines) with the",en,WORD_ALIGNED,,holiday_mp3 holiday_wav holiday_eaf holiday_xml holiday_tsv,,251590,255170,##	0:p_u	v:pred	0.1:a_u	other	=other	##	0.1:a_a	v:pred	0:p_a	ln	nc,,holiday
holiday_0090,mctondano,sètou bulè bulè mana,sè=	tow	bulè	bulè	mana,AN.PL=	person	RDP	whitey	there,the Westerners there.,en,MORPHEME_ALIGNED,,holiday_mp3 holiday_wav holiday_eaf holiday_xml holiday_tsv,,255410,258150,=ln	np.h:obl	rn_np	rn	other,,holiday
holiday_0091,mctondano,pokonya mina,#	pokok	=nya	ZERO	m<in>a,#	primary	=3SG.GEN	ZERO	AV.DYN-PST,Mainly (they) were making,en,WORD_ALIGNED,,holiday_mp3 holiday_wav holiday_eaf holiday_xml holiday_tsv,,258540,260150,##	other	=rn_pro:poss	0.h:a_a	v:pred,,holiday
holiday_0092,mctondano,"ruparupa pa'ayangen, pema'ayama'ayangenou mèa mengatongato sèmanèrènèrète",rupa-rupa	pa'ayang-en	#	ZERO	peN-pa'ayang-pa'ayang-en	ZERO	=mow	#	ZERO	<um>èa	meN-ato-ato	#	sè=	meN-sèrèt-sèrèt	ZERO,RDP-type	work-PV	#	ZERO	DYN-RDP-work-PV	ZERO	=CMP	#	ZERO	<AV>go	AV.DYN-look	#	3PL.NOM=	AV.DYN-RDP-ride	ZERO,"different games. (They) are playing (them), (we) go to watch (them) riding (the the fun fair rides) at",en,WORD_ALIGNED,,holiday_mp3 holiday_wav holiday_eaf holiday_xml holiday_tsv,,260190,265380,rv	np:p_a	##	0:p_u	v:pred	0.1:a_u	=rv	##	0.1:a_a	lv	v:pred	#cc:p_a	=pro.h:a_a	v:pred	0:p_a,,holiday
holiday_0093,mctondano,ee drèimoulan,ee	Dreamland,HES	PN,"erh, Dreamland (fun park).",en,MORPHEME_ALIGNED,,holiday_mp3 holiday_wav holiday_eaf holiday_xml holiday_tsv,,265500,267570,nc	np:l,,holiday
holiday_0094,mctondano,mulèimèè ni'tu lilala niurangku sa koso'omou memiamia,#	mulè	=mèè	ni'tu	ZERO	i-lila'	=la	ni=	urang	=ku	#	sa	ko=	so'o	=mow	meN-wia-wia,#	begin	=DIR.MED	DEM2	ZERO	CV-tongue	=DIR.PROX	AN.SG.GEN=	child	=1SG.GEN	#	if	2SG.NOM=	don't.want	=CMP	EV.STAT-RDP-here,"From that (time) my child said (to me) that ""if you don't want to be here.",en,MORPHEME_ALIGNED,,holiday_mp3 holiday_wav holiday_eaf holiday_xml holiday_tsv,,267840,272210,##	other	=other	other	0.1:p_u	v:pred	=rv	=ln	np.h:a_u_ds	=rn_pro.1:poss	#ds	other	=pro.2:s	aux	=rv	v:pred,,holiday
holiday_0095,mctondano,ee tanggal tiga pulu yuni kokotoromou mèdola tiket ya,#	ee	tangal	tiga	puluh	Juni	ko=	ko=	toro	=mow	<um>èdo	=la	ticket,#	HES	day	three	ten	June	HES	2SG.NOM=	AUX.can	=CMP	<AV>take	=DIR.PROX	ticket,"Erh, on the 31st day of June you you can get a ticket"".",en,WORD_ALIGNED,,holiday_mp3 holiday_wav holiday_eaf holiday_xml holiday_tsv,,272330,277450,##	nc	np:other	rn	rn	rn_np	nc	=pro.2:a_a	aux	=rv	v:pred	=rv	np:p_a,,holiday
holiday_0096,mctondano,ya sudah mèdomi tiket kèyokèy,#	ya	sudah	ZERO	<um>èdo	=mi	ticket	#	kèy=	wo	kèy=,#	AFF	already	ZERO	<AV>take	=DIR.DIST	ticket	#	HES	and	1PL.EX.NOM=,"Yes (I) already would get a ticket. And we, then we",en,WORD_ALIGNED,,holiday_mp3 holiday_wav holiday_eaf holiday_xml holiday_tsv,,277470,280510,##	nc	other	0.1:a_a	v:pred	=rv	np:p_a	##	nc	nc	=pro.1:s,,holiday
holiday_0097,mctondano,marèngi kèy,<um>warèng	=mi	#	kèy=,<AV>return.home	=DIR.DIST	#	1PL.EX.NOM=,would return home. We,en,MORPHEME_ALIGNED,,holiday_mp3 holiday_wav holiday_eaf holiday_xml holiday_tsv,,280570,282280,v:pred	=rv	##	=pro.1:s,,holiday
holiday_0098,mctondano,"minèi ketarè sumèrèti kapal, kèyminèi ka'ayomi ngkuala lumpur, malaysia",<im>èy	ka-tarè	#	ZERO	s<um>èrèt	=mi	kapal	#	kèy=	<im>èy	i-ka'ayo	=mi	N=	Kuala	Lumpur	Malaysia,<AV.PST>come	very-new	#	ZERO	<AV>ride	=DIR.DIST	boat	#	1PL.EX.NOM=	<AV.PST>come	CV-POT-arrive	=DIR.DIST	INAN=	PN	PN	PN,"firstly came. (We) took a boat. We came to Kulala Lumpur, Malaysia.",en,WORD_ALIGNED,,holiday_mp3 holiday_wav holiday_eaf holiday_xml holiday_tsv,,282360,287650,v:pred	rv	##	0.1:a_a	v:pred	=rv	np:p_a	##	=pro.1:s	v:pred	adp	=other	=ln	ln_np	ln_np	np:l,,holiday
holiday_0099,mctondano,manamoukan kasi o kèisumèrèti kasi kapal ka'ayomi jakarta,#	mana	=mowkan	kasi	wo	kèy=	s<um>èrèt	=mi	kasi	kapal	i-ka-ayo	=mi	Jakarta,#	there	=definitely	again	and	1PL.EX.NOM=	<AV>ride	=DIR.DIST	more	boat	CV-POT-arrive	=DIR.DIST	PN,Again just there and we would again get a boat to Jakarta.,en,MORPHEME_ALIGNED,,holiday_mp3 holiday_wav holiday_eaf holiday_xml holiday_tsv,,287690,292310,##	other	=other	other	other	=pro.1:a_a	v:pred	=rv	rv	np:p_a	adp	=other	np:l,,holiday
holiday_0100,mctondano,manamoukan jakarta kosumèrèti kasi,#	mana	=mowkan	Jakarata	ku=	s<um>èrèt	=mi	kasi,#	there	=definitely	PN	1SG.NOM=	<AV>ride	=DIR.DIST	more,Just there in Jakarta I would get again,en,MORPHEME_ALIGNED,,holiday_mp3 holiday_wav holiday_eaf holiday_xml holiday_tsv,,292690,295650,##	other	=other	np:l	=pro.1:a_a	v:pred	=rv	rv,,holiday
holiday_0101,mctondano,"kapal kumèi wia embènang, ka'ayomi entondano",kapal	#	ku=	<um>èy	wia	N=	Wènang	i-ka-ayo	=mi	N=	Tondano,boat	#	1SG.NOM=	<AV>come	PREP1	INAN=	PN	CV-POT-arrive	=DIR.DIST	INAN=	PN,"a boat. I would come to Manado, until Tondano.",en,MORPHEME_ALIGNED,,holiday_mp3 holiday_wav holiday_eaf holiday_xml holiday_tsv,,295760,298790,np:p_a	##	=pro.1:s	v:pred	adp	=ln	np:l	adp	=other	=ln	np:l,,holiday
holiday_0102,mctondano,ya sudah,ya	sudah,AFF	already,"Yes, already (finished)",en,MORPHEME_ALIGNED,,holiday_mp3 holiday_wav holiday_eaf holiday_xml holiday_tsv,,298870,299770,nc	other,,holiday
holiday_0103,mctondano,he he he he,he he he he,he.he.he.he,[LAUGHTER],en,MORPHEME_ALIGNED,,holiday_mp3 holiday_wav holiday_eaf holiday_xml holiday_tsv,,299800,302220,nc,,holiday
holiday_0104,mctondano,ehe he he,ehe he he,ehe.he.he,[LAUGHTER],en,MORPHEME_ALIGNED,,holiday_mp3 holiday_wav holiday_eaf holiday_xml holiday_tsv,,303700,305800,nc,,holiday
holiday_0105,mctondano,ter he he,ter he he,ter.he.he,[LAUGHTER],en,MORPHEME_ALIGNED,,holiday_mp3 holiday_wav holiday_eaf holiday_xml holiday_tsv,,306380,308360,nc,,holiday
holiday_0106,mctondano,malam,malam,night,Good night.,en,MORPHEME_ALIGNED,,holiday_mp3 holiday_wav holiday_eaf holiday_xml holiday_tsv,,308760,311470,nc,,holiday
kiniar01_0001,mctondano,tabèa patuari,#	tabèa	patuari,#	good.morning	nuclear.family,Good afternoon everyone.,en,MORPHEME_ALIGNED,,kiniar01_mp3 kiniar01_wav kiniar01_eaf kiniar01_xml kiniar01_tsv,,4160,6260,#nc	nc	nc,,kiniar01
kiniar01_0002,mctondano,koupinutaranoula filem nitim,#	kow=	p<in>utar-an	ZERO	=mow	=la	film	ni=	Tim,#	2PL.NOM=	<PST>roll-LV	ZERO	=CMP	=DIR.PROX	film	AN.SG.GEN=	PN,"(I) rolled (i.e. showed, narrated) to you Tim's film.",en,MORPHEME_ALIGNED,,kiniar01_mp3 kiniar01_wav kiniar01_eaf kiniar01_xml kiniar01_tsv,,9708,12310,##	=pro.2:p_u	v:pred	0.1:a_u	=rv	=rv	np:obl	=rn	rn_np.h:poss,,kiniar01
kiniar01_0003,mctondano,èi ruparupamou paloo'la ni,#	èy	rupa	rupa	=mow	i-pa-loo'	ZERO	=la	ini,#	PART	RDP	type	=CMP	CV-DYN-see	ZERO	=DIR.PROX	DEM1,"the many many (things), (I) see those.",en,MORPHEME_ALIGNED,,kiniar01_mp3 kiniar01_wav kiniar01_eaf kiniar01_xml kiniar01_tsv,,12310,14340,##	nc	ln_np	np:dt_p_u	=rn	v:pred	0.1:a_u	=rv	pro:p_u,,kiniar01
kiniar01_0004,mctondano,wèan sileloi' kinetor,#	wewèan	si=	leloi'	#	ZERO	k<in>etor-en	ZERO,#	EXIST	AN.SG=	snake	#	ZERO	<PST>slice-PV	ZERO,There are snakes which (he - the seller) sliced up.,en,MORPHEME_ALIGNED,,kiniar01_mp3 kiniar01_wav kiniar01_eaf kiniar01_xml kiniar01_tsv,,14370,16840,##	other:predex	=ln	np:s	#rc_rn	0:p_u	v:pred	0.h:a_u,,kiniar01
kiniar01_0005,mctondano,engkokong nèleloi',N=	kokong	nè=	leloi',INAN=	head	AN.PL.GEN=	snake,"snakes heads,",en,MORPHEME_ALIGNED,,kiniar01_mp3 kiniar01_wav kiniar01_eaf kiniar01_xml kiniar01_tsv,,16990,19160,=ln	rn_np	=rn	rn_np:poss,,kiniar01
kiniar01_0006,mctondano,ikawok tinunu,#	ZERO	si=	kawok	#	ZERO	t<in>unun-en	=mu,#	ZERO	AN.SG=	mouse	#	ZERO	<PST>grill-PV	=2SG.GEN,(There are) the mice that you (i.e. the trader in the video) grilled.,en,MORPHEME_ALIGNED,,kiniar01_mp3 kiniar01_wav kiniar01_eaf kiniar01_xml kiniar01_tsv,,21353,24350,##	0:pred	=ln	np:s	#rc_rn	0:p_u	v:pred	=pro.2:a_u,,kiniar01
kiniar01_0007,mctondano,"tinu deipè', deipè' bineresi",#	tinu	rèy'	=pè'	rèy'	=pè'	w<in>eresi-en	ZERO,#	HES	not	=INCMP	not	=INCMP	<PST>clean-PV	ZERO,"He has not yet, not yet cleaned (gutted)",en,MORPHEME_ALIGNED,,kiniar01_mp3 kiniar01_wav kiniar01_eaf kiniar01_xml kiniar01_tsv,,24619,26700,##neg	nc	nc	nc	other	=other	v:pred	0.h:a_u,,kiniar01
kiniar01_0008,mctondano,pèrèt ti,pèrèt	iti'i,bat	DEM1,that bat.,en,MORPHEME_ALIGNED,,kiniar01_mp3 kiniar01_wav kiniar01_eaf kiniar01_xml kiniar01_tsv,,26700,27910,np:p_u	rn,,kiniar01
kiniar01_0009,mctondano,wèan tuama ti'i,#	wewèan	tuama	iti'i,#	EXIST	man	DEM2,There is that man.,en,MORPHEME_ALIGNED,,kiniar01_mp3 kiniar01_wav kiniar01_eaf kiniar01_xml kiniar01_tsv,,27998,29366,##	other:predex	np.h:s	rn,,kiniar01
kiniar01_0010,mctondano,nèi angkatnamoumi pèrètou ya pitarnala,#	nèy	angkat	=na	=mow	=mi	pèrèt	=mow	ya	#	ZERO	pitar-en	=na	=la,#	CV.PST	remove	=3SG.GEN	=CMP	=DIR.DIST	bat	=CMP	AFF	#	ZERO	wide.open-PV	=3SG.GEN	=DIR.PROX,"The bat has been removed (from the pile) by the man, yes. He will open up (the bat -i.e. gut it).",en,MORPHEME_ALIGNED,,kiniar01_mp3 kiniar01_wav kiniar01_eaf kiniar01_xml kiniar01_tsv,,29623,32746,##	lv	v:pred	=pro.h:a_u	=rv	=rv	np:p_u	=rv	nc	##	0:p_u	v:pred	=pro.h:a_u	=rv,,kiniar01
kiniar01_0011,mctondano,mèmang,#	mèmang,#	truly,Truly,en,MORPHEME_ALIGNED,,kiniar01_mp3 kiniar01_wav kiniar01_eaf kiniar01_xml kiniar01_tsv,,33065,34433,##	other,,kiniar01
kiniar01_0012,mctondano,kasa selako,kasa	sela	=ko,very	big	=2SG.NOM,you are very big.,en,MORPHEME_ALIGNED,,kiniar01_mp3 kiniar01_wav kiniar01_eaf kiniar01_xml kiniar01_tsv,,34470,36060,other	other:pred	=pro.2:s,,kiniar01
kiniar01_0013,mctondano,sèi si,sèy	si=,who	3SG,"Who, he",en,WORD_ALIGNED,,kiniar01_mp3 kiniar01_wav kiniar01_eaf kiniar01_xml kiniar01_tsv,,39580,42010,nc	nc,,kiniar01
kiniar01_0014,mctondano,dèi'mou wurè toto'kenèamou sèpèrèt ni,#	rèy'	=mow	wurè	to'tok-en	=nèa	=mow	sè=	pèrèt	ini,#	not	=CMP	easy	chop-PV	=3PL.GEN	=CMP	AN.PL=	bat	DEM1,(it will be) no longer easy for them to chop up these bats (they are now trying to hack off the wings).,en,MORPHEME_ALIGNED,,kiniar01_mp3 kiniar01_wav kiniar01_eaf kiniar01_xml kiniar01_tsv,,42239,45906,##neg	other	=other	lv	v:pred	=pro.h:a_u	=rv	=ln	np:p_u	rn,,kiniar01
kiniar01_0015,mctondano,paèdonou nituama esa,#	ZERO	pa-èdo-en	=mow	ni=	tuama	esa,#	ZERO	DYN-take-PV	=CMP	AN.SG.GEN=	man	one,The first man takes (the bats).,en,MORPHEME_ALIGNED,,kiniar01_mp3 kiniar01_wav kiniar01_eaf kiniar01_xml kiniar01_tsv,,48073,50483,##	0:p_u	v:pred	=rv	=ln	np.h:a_u	rn,,kiniar01
kiniar01_0016,mctondano,papaloo'anami ye'i itim,#	pa-pa-loo'-an	=na	=mi	ye'i	si=	Tim,#	CAUS-DYN-look-LV	=3SG.GEN	=DIR.DIST	DEM1	AN.SG=	PN,He shows this (bat) to Tim.,en,MORPHEME_ALIGNED,,kiniar01_mp3 kiniar01_wav kiniar01_eaf kiniar01_xml kiniar01_tsv,,52311,54229,##	v:pred	=pro.h:a_u	=rv	pro:p_u	=ln	np.h:obl,,kiniar01
kiniar01_0017,mctondano,papaloo'an tu kamèra rèè,#	pa-pa-loo'-an	ZERO	itu	kamèra	rè'èn,#	CAUS-DYN-see-LV	ZERO	DEM2	camera	PART,(He) shows that camera (to the second man) then.,en,MORPHEME_ALIGNED,,kiniar01_mp3 kiniar01_wav kiniar01_eaf kiniar01_xml kiniar01_tsv,,54418,56566,##	v:pred	0.h:a_u	ln	np:p_u	nc,,kiniar01
kiniar01_0018,mctondano,pèaloo'la nitim wo,#	ZERO	i-pa-loo'	=la	ni=	Tim	#	wo,#	ZERO	CV-DYN-see	=DIR.PROX	AN.SG.GEN=	PN	#	and,"Tim sees (It - the bat ) and,",en,MORPHEME_ALIGNED,,kiniar01_mp3 kiniar01_wav kiniar01_eaf kiniar01_xml kiniar01_tsv,,56888,59971,##	0:p_u	v:pred	=rv	=ln	np.h:a_u	##	other,,kiniar01
kiniar01_0019,mctondano,mèmang,mèmang,truly,truly,en,MORPHEME_ALIGNED,,kiniar01_mp3 kiniar01_wav kiniar01_eaf kiniar01_xml kiniar01_tsv,,60257,61442,other,,kiniar01
kiniar01_0020,mctondano,kasa wangko',ZERO	kasa	wangko',ZERO	very	big,(the bat) is very big.,en,MORPHEME_ALIGNED,,kiniar01_mp3 kiniar01_wav kiniar01_eaf kiniar01_xml kiniar01_tsv,,61844,63160,0:s	other	other:pred,,kiniar01
kiniar01_0021,mctondano,o wia empasar sè,#	o	wia	N=	pasar	sè=,#	PART	PREP1	INAN=	market	HES,"Oh at the market,",en,WORD_ALIGNED,,kiniar01_mp3 kiniar01_wav kiniar01_eaf kiniar01_xml kiniar01_tsv,,64610,67380,##	nc	adp	=ln	np:l	nc,,kiniar01
kiniar01_0022,mctondano,sèmewangker pèrèt sèti'i,sè=	ma-wangkèr	pèrèt	sè=	iti'i,3PL.NOM=	AV.DYN-sell	bat	AN.PL=	DEM1,"they sell bats, these guys.",en,MORPHEME_ALIGNED,,kiniar01_mp3 kiniar01_wav kiniar01_eaf kiniar01_xml kiniar01_tsv,,67390,70280,=pro.h:a_a	v:pred	np:p_a	=ln	pro.h:dt_a_a,,kiniar01
kiniar01_0023,mctondano,"aa paketoren, paberesinèamou paketorenèamou",#	aa	ZERO	pa-ketor-en	ZERO	#	ZERO	pa-beresi-en	=nèa	=mow	#	ZERO	pa-ketor-en	=nèa	=mow,#	HES	ZERO	DYN-slice-PV	ZERO	#	ZERO	DYN-clean-PV	=3PL.GEN	=CMP	#	ZERO	DYN-slice-PV	=3PL.GEN	=CMP,"Aah, (they) slice (it-the bat), they clean (the bat), they slice (the bat).",en,MORPHEME_ALIGNED,,kiniar01_mp3 kiniar01_wav kiniar01_eaf kiniar01_xml kiniar01_tsv,,71910,75034,##	nc	0:p_u	v:pred	0.h:a_u	##	0:p_u	v:pred	=pro.h:a_u	=rv	##	0:p_u	v:pred	=pro.h:a_u	=rv,,kiniar01
kiniar01_0024,mctondano,parou' embaya empengit,#	i-pa-row'	ZERO	N=	waya	N=	pengit,#	CV.DYN-far	ZERO	INAN=	all	INAN=	entrail,(They) remove all of the entrails.,en,WORD_ALIGNED,,kiniar01_mp3 kiniar01_wav kiniar01_eaf kiniar01_xml kiniar01_tsv,,75100,77560,##	v:pred	0.h:a_u	=ln	ln	=ln	np:p_u,,kiniar01
kiniar01_0025,mctondano,baya dèi pekaanen parou'nèa,#	waya	ZERO	rèy'	pe-kaan-en	ZERO	#	ZERO	i-pa-rou'	=nèa,#	all	ZERO	not	DYN-rice-PV	ZERO	#	ZERO	CV.DYN-far	=3PL.GEN,"All (the parts) (they) don't eat, they remove (them).",en,WORD_ALIGNED,,kiniar01_mp3 kiniar01_wav kiniar01_eaf kiniar01_xml kiniar01_tsv,,78506,80479,##neg	ln	0:p_u	other	v:pred	0.h:a_u	##	0:p_u	v:pred	=pro.h:a_u,,kiniar01
kiniar01_0026,mctondano,"paketorenèamou, a",#	ZERO	pa-ketor-en	=nèa	=mow	a,#	ZERO	DYN-slice-PV	=3PL.GEN	=CMP	PART,"They slice up (the bat), ah.",en,MORPHEME_ALIGNED,,kiniar01_mp3 kiniar01_wav kiniar01_eaf kiniar01_xml kiniar01_tsv,,86760,88514,##	0:p_u	v:pred	=pro.h:a_u	=rv	nc,,kiniar01
kiniar01_0027,mctondano,parou' embaya ti'ni'i,#	i-pa-rou'	ZERO	N=	waya	iti'i,#	CV-DYN-slice-PV	ZERO	INAN=	all	DEM2,(They) remove all of it those (entrails).,en,WORD_ALIGNED,,kiniar01_mp3 kiniar01_wav kiniar01_eaf kiniar01_xml kiniar01_tsv,,91584,94236,##	v:pred	0.h:a_u	=ln	other	pro:p_u,,kiniar01
kiniar01_0028,mctondano,paloo'ngkumèè tanta ti'i,#	pa-loo'-en	=ku	=mèè	tanta	iti'i,#	DYN-see-PV	=3SG.GEN	=DIR.DIST	aunt	DEM2,I can see that auntie (gutting the bat).,en,MORPHEME_ALIGNED,,kiniar01_mp3 kiniar01_wav kiniar01_eaf kiniar01_xml kiniar01_tsv,,96255,98124,##	v:pred	=pro.1:a_u	=rv	np.h:p_u	rn,,kiniar01
kiniar01_0029,mctondano,"labutetè' empaloo'engkumèè, maberesi ti'i",#	labutetè'	N=	pa-loo'-en	=ku	=mèè	#	ZERO	ma-beresi	iti'i,#	NC	3SG.NOM=	DYN-see-PV	=1SG.GEN	=DIR.MED	#	ZERO	AV.DYN-clean	DEM2,"(unclear) I can see it (the bat), (she) cleans it.",en,MORPHEME_ALIGNED,,kiniar01_mp3 kiniar01_wav kiniar01_eaf kiniar01_xml kiniar01_tsv,,98250,101010,##	nc	=pro:p_u	v:pred	=pro.1:a_u	=rv	##	0.h:a_a	v:pred	pro:p_a,,kiniar01
kiniar01_0030,mctondano,taa paloo'engkumèè wewènè ya,#	ta'an	pa-loo'en	=ku	=mèè	wewènè	ya,#	however	DYN-see-PV	=1SG.GEN	=DIR.MED	woman	AFF,"But I can seee the woman, yes (i.e. I am more interested in looking at women than bats!).",en,WORD_ALIGNED,,kiniar01_mp3 kiniar01_wav kiniar01_eaf kiniar01_xml kiniar01_tsv,,101527,103565,##	other	v:pred	=pro.1:a_u	=rv	np.h:p_u	nc,,kiniar01
kiniar01_0031,mctondano,"bineresimou, kin, tino'tokou",#	ZERO	w<in>eresi-en	ZERO	=mow	kin	#	ZERO	t<in>o'tok-en	ZERO	=mow,#	ZERO	<PST>clean-PV	ZERO	=CMP	PART	#	ZERO	<PST>chop-PV	ZERO	=CMP,(She) cleaned (the bat). (She) cut up (the bat).,en,MORPHEME_ALIGNED,,kiniar01_mp3 kiniar01_wav kiniar01_eaf kiniar01_xml kiniar01_tsv,,105085,108140,##	0:p_u	v:pred	0.h:a_u	=rv	nc	##	0:p_u	v:pred	0.h:a_u	=rv,,kiniar01
kiniar01_0032,mctondano,"patimbangenou, o imanamou embalè ni",#	ZERO	pa-timbang-en	ZERO	=mow	#	o	si=	<um>ana'	=mow	N=	walè	ni=,#	ZERO	DYN-balance-PV	ZERO	=CMP	#	PART	3SG.NOM=	<AV>stay	=CMP	INAN=	house	AN.SG.GEN=,"(She) weighs out (the bat). Oh, he stays (in) the house of..",en,MORPHEME_ALIGNED,,kiniar01_mp3 kiniar01_wav kiniar01_eaf kiniar01_xml kiniar01_tsv,,113463,116730,##	0:p_u	v:pred	0.h:a_u	=rv	##	nc	=pro.h:s	v:pred	=rv	=ln	np:l	nc,,kiniar01
kiniar01_0033,mctondano,"pa, o, paawesen, pa, patununen",#	pa—	o	ZERO	pa-awes-en	ZERO	pa	#	ZERO	pa-tunun-en	ZERO,#	HES	PART	ZERO	DYN-add-PV	ZERO	HES	#	ZERO	DYN-grill-PV	ZERO,"Oh, (he) adds (the bat). (He) burns (it - the hair of the bat).",en,MORPHEME_ALIGNED,,kiniar01_mp3 kiniar01_wav kiniar01_eaf kiniar01_xml kiniar01_tsv,,117714,122332,##	nc	nc	0:p_u	v:pred	0.h:a_u	nc	##	0:p_u	v:pred	0.h:a_u,,kiniar01
kiniar01_0034,mctondano,pasiruan sapa,#	pa-siru-an	ZERO	sapa,#	DYN-burn.hair-LV	ZERO	what,"(He) burns, removes hair (from) what,",en,MORPHEME_ALIGNED,,kiniar01_mp3 kiniar01_wav kiniar01_eaf kiniar01_xml kiniar01_tsv,,122728,124560,##	v:pred	0.h:a_u	nc,,kiniar01
kiniar01_0035,mctondano,"a kalè'kèw, kalè'kèw nipèrèt",a	kalè'kèw	kalè'kèw	ni=	pèrèt,HES	HES	wing	AN.SG.GEN=	bat,"ah, the bat, bat's wing.",en,MORPHEME_ALIGNED,,kiniar01_mp3 kiniar01_wav kiniar01_eaf kiniar01_xml kiniar01_tsv,,124560,128720,nc	nc	np:p_u	=rn	rn_np:poss,,kiniar01
kiniar01_0036,mctondano,paawasanèamou kalè'kèw nipèrèt,#	pa-awes-an	=nèa	=mow	kalè'kèw	ni=	pèrèt,#	DYN-add-LV	=3PL.GEN	=CMP	wing	AN.SG.GEN=	bat,They add the bat's wing.,en,MORPHEME_ALIGNED,,kiniar01_mp3 kiniar01_wav kiniar01_eaf kiniar01_xml kiniar01_tsv,,129650,131950,##	v:pred	=pro.h:a_u	=rv	np:p_u	=rn	rn_np:poss,,kiniar01
kiniar01_0037,mctondano,ta'an kumura kua masusui rè paloo'enè' engionèa,#	ta'an	kumura	ku'a	ZERO	ma-susui	#	rèy'	pa-loo'-en	ZERO	=pè'	N=	gio	=nèa,#	however	how	PART	ZERO	AV.DYN-speak	#	not	DYN-see-PV	ZERO	=INCMP	INAN=	face	=3PL.GEN,But how then (can I) narrate (when) (I) still don't see their faces.,en,MORPHEME_ALIGNED,,kiniar01_mp3 kiniar01_wav kiniar01_eaf kiniar01_xml kiniar01_tsv,,134360,137932,##	other	other	nc	0.1:s	v:pred	##neg	other	v:pred	0.1:a_u	=rv	=ln	np:p_u	=rn_pro.h:poss,,kiniar01
kiniar01_0038,mctondano,pemitanta paketorenou nituama yei,#	pemitanta	pa-ketor-en	=mow	ni=	tuama	ye'i	ZERO,#	NC	DYN-slice-PV	=CMP	AN.SG.GEN=	man	DEM1	ZERO,"This man slices (it, i.e. the bat).",en,MORPHEME_ALIGNED,,kiniar01_mp3 kiniar01_wav kiniar01_eaf kiniar01_xml kiniar01_tsv,,141206,144236,##	nc	v:pred	=rv	=ln	np.h:a_u	rn	0:p_u,,kiniar01
kiniar01_0039,mctondano,paloonamou kokong,#	pa-loo'-en	=na	=mow	kokong,#	DYN-see-PV	=3SG.GEN	=CMP	head,He sees the head (of the bat).,en,MORPHEME_ALIGNED,,kiniar01_mp3 kiniar01_wav kiniar01_eaf kiniar01_xml kiniar01_tsv,,146008,147972,##	v:pred	=pro.h:a_u	=rv	np:p_u,,kiniar01
kiniar01_0040,mctondano,wo paketorena tuana rèè,#	wo	ZERO	pa-ketor-en	=na	tuana	rè'èn,#	and	ZERO	DYN-slice-PV	=3SG.GEN	thus	PART,And he slices (the bat's head) like this then,en,MORPHEME_ALIGNED,,kiniar01_mp3 kiniar01_wav kiniar01_eaf kiniar01_xml kiniar01_tsv,,151017,154870,##	other	0:p_u	v:pred	=pro.h:a_u	other	nc,,kiniar01
kiniar01_0041,mctondano,rou'la o pèdona ti',#	ZERO	i-row'	ZERO	=la	#	o	pa-èdo-en	=na	iti'i,#	ZERO	CV-far	ZERO	=DIR.PROX	#	PART	DYN-take-PV	=3SG.GEN	DEM2,(He will) remove(the bat's head). Oh he takes that (bat).,en,MORPHEME_ALIGNED,,kiniar01_mp3 kiniar01_wav kiniar01_eaf kiniar01_xml kiniar01_tsv,,156030,158930,##	0:p_u	v:pred	0.h:a_u	=rv	##	nc	v:pred	=pro.h:a_u	pro:p_u,,kiniar01
kiniar01_0042,mctondano,ta'ataken,#	ZERO	ta'atak-en	ZERO,#	ZERO	strike-PV	ZERO,(He) will strike (it) (the bat meat).,en,MORPHEME_ALIGNED,,kiniar01_mp3 kiniar01_wav kiniar01_eaf kiniar01_xml kiniar01_tsv,,164002,165400,##	0:p_u	v:pred	0.h:a_u,,kiniar01
kiniar01_0043,mctondano,sè itu sela endui ta'taken patil,#	sa	itu	sela	N=	rui	#	ZERO	ta'atak-en	ZERO	patil,#	if	DEM2	big	INAN=	bone	#	ZERO	strike-PV	ZERO	machete,"If t it is big, the bone, (he) strikes (it) (with) a machete.",en,MORPHEME_ALIGNED,,kiniar01_mp3 kiniar01_wav kiniar01_eaf kiniar01_xml kiniar01_tsv,,165777,168580,#ac	other	pro:s	other:pred	=ln	np:dt_s	##	0:p_u	v:pred	0.h:a_u	np:obl,,kiniar01
kiniar01_0044,mctondano,sè itu dagingitè,#	sa	itu	daging	=itè,#	if	DEM2	meat	=LIM,"If it is just meat (if there is no bone, then you don't need to use a machete).",en,MORPHEME_ALIGNED,,kiniar01_mp3 kiniar01_wav kiniar01_eaf kiniar01_xml kiniar01_tsv,,169097,171797,#ac	other	pro:s	np:pred	=rn,,kiniar01
kiniar01_0045,mctondano,kasa taripis paloo'ngkumèè empèina ti'i,#	kasa	taripis	ZERO	pa-loo'-en	=ku	=mèè	#	N=	paina-en	=na	iti'i,#	very	sharp	ZERO	DYN-see-PV	=1SG.GEN	=DIR.MED	#	3SG.NOM=	weak-PV	=3SG.GEN	DEM2,"I see the very sharp (machete), he will dull it (the blade - by using it to chop through the bone)",en,MORPHEME_ALIGNED,,kiniar01_mp3 kiniar01_wav kiniar01_eaf kiniar01_xml kiniar01_tsv,,173664,176614,##	ln	ln	0:p_u	v:pred	=pro.1:a_u	=rv	##	=pro:p_u	v:pred	=pro.h:a_u	pro:dt_p_u,,kiniar01
kiniar01_0046,mctondano,dèimou ta'ataken,#	rèy'	=mow	ZERO	ta'atak-en	ZERO,#	not	=CMP	ZERO	strike-PV	ZERO,No longer (would he) hit it.,en,MORPHEME_ALIGNED,,kiniar01_mp3 kiniar01_wav kiniar01_eaf kiniar01_xml kiniar01_tsv,,177447,179027,##neg	other	=other	0:p_u	v:pred	0.h:a_u,,kiniar01
kiniar01_0047,mctondano,ta'ataken patil,#	ZERO	ta'atak-en	ZERO	patil,#	ZERO	strike-PV	ZERO	machete,(He) hits (it) (with) a machete.,en,MORPHEME_ALIGNED,,kiniar01_mp3 kiniar01_wav kiniar01_eaf kiniar01_xml kiniar01_tsv,,179037,181607,##	0:p_u	v:pred	0.h:a_u	np:obl,,kiniar01
kiniar01_0048,mctondano,pawèènamoula entu,#	pa-wèè-en	=na	=mow	=la	N=	ZERO	#	tu,#	DYN-give-PV	=3SG.GEN	=CMP	=DIR.PROX	INAN=	ZERO	#	then,"He puts the (bat in the bucket), then",en,MORPHEME_ALIGNED,,kiniar01_mp3 kiniar01_wav kiniar01_eaf kiniar01_xml kiniar01_tsv,,186275,188483,##	v:pred	=pro.h:a_u	=rv	=rv	=ln	0:p_u	##	other,,kiniar01
kiniar01_0049,mctondano,peawasen o,ZERO	pa-awes-en	ZERO	#	o,ZERO	DYN-add-PV	ZERO	#	PART,"(He) adds (it). Oh,",en,MORPHEME_ALIGNED,,kiniar01_mp3 kiniar01_wav kiniar01_eaf kiniar01_xml kiniar01_tsv,,188507,190597,0:p_u	v:pred	0.h:a_u	##	nc,,kiniar01
kiniar01_0050,mctondano,"pawèènèa itu empanci, pawèènou rano kaa paloo'ngkula wo pelelugan",ZERO	pa-wèè-en	=nèa	witu	N=	panci	#	pa-wèè-en	ZERO	=mow	rano	#	ka'a	ZERO	pa-loo'-en	=ku	#	wo	ZERO	pa-Ce-luga-en	ZERO,ZERO	DYN-give-PV	=3PL.GEN	PREP2	INAN=	pan	#	DYN-give-PV	ZERO	=CMP	water	#	because	ZERO	DYN-see-PV	=1SG.GEN	#	and	ZERO	DYN-IRR-boil-PV	ZERO,"They put it (it) into the pan. (They) add water because, I see (it) and (they) will boil (the bat).",en,MORPHEME_ALIGNED,,kiniar01_mp3 kiniar01_wav kiniar01_eaf kiniar01_xml kiniar01_tsv,,190597,195017,0:p_u	v:pred	=pro.h:a_u	adp	=ln	np:g	##	v:pred	0.h:a_u	=rv	np:p_u	#ac	other	0:p_u	v:pred	=pro.1:a_u	##	other	0:p_u	v:pred	0.h:a_u,,kiniar01
kiniar01_0051,mctondano,o paluganèamou,#	o	ZERO	pa-luga-en	=nèa	=mow,#	PART	ZERO	DYN-boil-PV	=3PL.GEN	=CMP,"Oh they boil (it-the mixture of bat, spices, and coconut milk).",en,MORPHEME_ALIGNED,,kiniar01_mp3 kiniar01_wav kiniar01_eaf kiniar01_xml kiniar01_tsv,,195017,197574,##	nc	0:p_u	v:pred	=pro.h:a_u	=rv,,kiniar01
kiniar01_0052,mctondano,"palugan, pelelemèan dagingnèa",#	ZERO	pa-luga-en	ZERO	#	pa-Ce-lemè-an	ZERO	daging	=nèa,#	ZERO	DYN-boil-PV	ZERO	#	DYN-IRR-tender-LV	ZERO	meat	=3PL.GEN,(They) boil (it). (They) will tenderise their meat (by boiling it).,en,MORPHEME_ALIGNED,,kiniar01_mp3 kiniar01_wav kiniar01_eaf kiniar01_xml kiniar01_tsv,,198240,202800,##	0:p_u	v:pred	0.h:a_u	##	v:pred	0.h:a_u	np:p_u	=rn_pro.h:poss,,kiniar01
kiniar01_0053,mctondano,"e, sisimediamou rampa rampa",#	e	si=	s<im>adia	=mow	rampa	rampa,#	HES	3SG.NOM=	<AV.PST>prepare	=CMP	RDP	ingredient,"He has already prepared the ingredients,",en,MORPHEME_ALIGNED,,kiniar01_mp3 kiniar01_wav kiniar01_eaf kiniar01_xml kiniar01_tsv,,204660,208420,##	nc	=pro.h:a_a	v:pred	=rv	ln_np	ln_np,,kiniar01
kiniar01_0054,mctondano,lansuna,lansuna,onion,"red onion,",en,MORPHEME_ALIGNED,,kiniar01_mp3 kiniar01_wav kiniar01_eaf kiniar01_xml kiniar01_tsv,,208537,209831,ln_np,,kiniar01
kiniar01_0055,mctondano,"mèa, lansuna puti'",mèa'	lansuna	puti',red	onion	white,"garlic,",en,MORPHEME_ALIGNED,,kiniar01_mp3 kiniar01_wav kiniar01_eaf kiniar01_xml kiniar01_tsv,,209860,212570,ln	ln_np	rn,,kiniar01
kiniar01_0056,mctondano,lia,lia,ginger,"ginger,",en,MORPHEME_ALIGNED,,kiniar01_mp3 kiniar01_wav kiniar01_eaf kiniar01_xml kiniar01_tsv,,213870,215590,ln_np,,kiniar01
kiniar01_0057,mctondano,n,N=,INAN=,the,en,MORPHEME_ALIGNED,,kiniar01_mp3 kiniar01_wav kiniar01_eaf kiniar01_xml kiniar01_tsv,,216590,218290,=ln,,kiniar01
kiniar01_0058,mctondano,saribata,saibata,lemongrass,"lemongrass,",en,MORPHEME_ALIGNED,,kiniar01_mp3 kiniar01_wav kiniar01_eaf kiniar01_xml kiniar01_tsv,,218530,220140,ln_np,,kiniar01
kiniar01_0059,mctondano,podang,podang,pandanus.leaf,"pandanus leaf,",en,MORPHEME_ALIGNED,,kiniar01_mp3 kiniar01_wav kiniar01_eaf kiniar01_xml kiniar01_tsv,,221550,222900,ln_np,,kiniar01
kiniar01_0060,mctondano,marisa,marisa,chilli,chilli.,en,MORPHEME_ALIGNED,,kiniar01_mp3 kiniar01_wav kiniar01_eaf kiniar01_xml kiniar01_tsv,,223010,224660,np:p_a,,kiniar01
kiniar01_0061,mctondano,"paketorenou, paketorenèamou",#	ZERO	pa-ketor-en	ZERO	=mow	#	ZERO	pa-ketor-en	=nèa	=mow,#	ZERO	DYN-slice-PV	ZERO	=CMP	#	ZERO	DYN-slice-PV	=3PL.GEN	=CMP,(They) slice (the ingredients). They slice (them),en,MORPHEME_ALIGNED,,kiniar01_mp3 kiniar01_wav kiniar01_eaf kiniar01_xml kiniar01_tsv,,226340,229240,##	0:p_u	v:pred	0.h:a_u	=rv	##	0:p_u	v:pred	=pro.h:a_u	=rv,,kiniar01
kiniar01_0062,mctondano,parintekenou lansuna,#	pa-rintek-en	ZERO	=mow	lansuna,#	DYN-small-PV	ZERO	=CMP	onion,(They) dice the onion.,en,MORPHEME_ALIGNED,,kiniar01_mp3 kiniar01_wav kiniar01_eaf kiniar01_xml kiniar01_tsv,,230100,232401,##	v:pred	0.h:a_u	=rv	np:p_u,,kiniar01
kiniar01_0063,mctondano,"aa, rininteknèamou lansuna",#	aa	r<in>intek-en	=nèa	=mow	lansuna,#	HES	<PST>small-PV	=3PL.GEN	=CMP	onion,Ah they have diced the onion.,en,MORPHEME_ALIGNED,,kiniar01_mp3 kiniar01_wav kiniar01_eaf kiniar01_xml kiniar01_tsv,,234300,237140,##	nc	v:pred	=pro.h:a_u	=rv	np:p_u,,kiniar01
kiniar01_0064,mctondano,elia,#	N=	lia,#	INAN=	ginger,The ginger,en,MORPHEME_ALIGNED,,kiniar01_mp3 kiniar01_wav kiniar01_eaf kiniar01_xml kiniar01_tsv,,238070,239580,##	=ln	np:p_u,,kiniar01
kiniar01_0065,mctondano,parinteken wo paloo'engkula petetoomen,pa-rintek-en	ZERO	#	wo	pa-loo'-en	=ku	=la	#	ZERO	pa-Ce-to'om-en	ZERO,DYN-small-PV	ZERO	#	and	DYN-see-PV	=1SG.GEN	=DIR.PROX	#	ZERO	DYN-IRR-pound-PV	ZERO,"is crushed (by him). And I see (the ginger), (that he) will pound (the ginger).",en,MORPHEME_ALIGNED,,kiniar01_mp3 kiniar01_wav kiniar01_eaf kiniar01_xml kiniar01_tsv,,239729,242807,v:pred	0.h:a_u	##	other	v:pred	=pro.1:a_u	=rv	#cc:p_u	0:p_u	v:pred	0.h:a_u,,kiniar01
kiniar01_0066,mctondano,"wèèla lansuna putih, lia o marisa, toomelamou kasi",#	i-wèè	ZERO	=la	lansuna	puti'	lia	wo	marisa	#	ZERO	i-to'om	ZERO	=la	=mow	kasi,#	CV-give	ZERO	=DIR.PROX	onion	white	ginger	and	chilli	#	ZERO	CV-pound	ZERO	=DIR.PROX	=CMP	more,"(He) will add in garlic, ginger, and chilli. (He) grinds (it) up again.",en,MORPHEME_ALIGNED,,kiniar01_mp3 kiniar01_wav kiniar01_eaf kiniar01_xml kiniar01_tsv,,246060,250710,##	v:pred	0.h:a_u	=rv	ln_np	ln	ln_np	ln	np:p_u	##	0:p_u	v:pred	0.h:a_u	=rv	=rv	rv,,kiniar01
kiniar01_0067,mctondano,"wo winèèla wuras, paloo'ngkula",#	#	wo	w<in>èè-en	ZERO	=la	wuras	%	pa-loo'-en	=ku	=la,#	#	and	<PST>give-PV	ZERO	=DIR.PROX	salt	%	DYN-see-PV	=1SG.GEN	=DIR.PROX,And I see that they have added salt.,en,MORPHEME_ALIGNED,,kiniar01_mp3 kiniar01_wav kiniar01_eaf kiniar01_xml kiniar01_tsv,,252743,255346,##	#cc:p_u	other	v:pred	0.h:a_u	=rv	np:p_u	%	v:pred	=pro.1:a_u	=rv,,kiniar01
kiniar01_0068,mctondano,"dèimou ,kelaarou",#	rèy'	=mow	ZERO	klaar	=mow,#	not	=CMP	ZERO	finish	=CMP,"No longer, (the mixture) is finished.",en,MORPHEME_ALIGNED,,kiniar01_mp3 kiniar01_wav kiniar01_eaf kiniar01_xml kiniar01_tsv,,258233,259893,##	other	=other	0:s	other:pred	=rv,,kiniar01
kiniar01_0069,mctondano,"èi, paawesanèla lansuna",#	èy	pa-awes-en	ZERO	=la	lansuna,#	PART	DYN-add-PV	ZERO	=DIR.PROX	onion,"Hey, (he) adds onion.",en,MORPHEME_ALIGNED,,kiniar01_mp3 kiniar01_wav kiniar01_eaf kiniar01_xml kiniar01_tsv,,261491,264002,##	nc	v:pred	0.h:a_u	=rv	np:p_u,,kiniar01
kiniar01_0070,mctondano,"o, patoomen waya, embaya bumbu lansuna",#	o	pa-to'om-en	ZERO	waya	N=	waya	bumbu	lansuna,#	PART	DYN-pound-PV	ZERO	all	INAN=	all	ingredient	onion,"Oh (he) crushes all, all the onion ingredients (the red onion and the garlic).",en,MORPHEME_ALIGNED,,kiniar01_mp3 kiniar01_wav kiniar01_eaf kiniar01_xml kiniar01_tsv,,265523,269479,##	nc	v:pred	0.h:a_u	nc	=ln	ln	np:p_u	rn,,kiniar01
kiniar01_0071,mctondano,lia paketorenou s,#	lia	pa-ketor-en	ZERO	=mow	s,#	ginger	DYN-slice-PV	ZERO	=CMP	HES,"(He) slices up the ginger,",en,MORPHEME_ALIGNED,,kiniar01_mp3 kiniar01_wav kiniar01_eaf kiniar01_xml kiniar01_tsv,,269795,272130,##	np:p_u	v:pred	0.h:a_u	=rv	nc,,kiniar01
kiniar01_0072,mctondano,lelè'os,lelè'os,spring.onion,spring onion,en,MORPHEME_ALIGNED,,kiniar01_mp3 kiniar01_wav kiniar01_eaf kiniar01_xml kiniar01_tsv,,274584,275973,nc,,kiniar01
kiniar01_0073,mctondano,"o imaki'kis po'opo', o pewewèèn po'opo'",#	wo	si=	ma-ki'kis	po'po'	#	o	pa-Ce-wèè-en	ZERO	po'po',#	and	3SG.NOM=	AV.DYN-grate	coconut	#	PART	DYN-IRR-give-PV	ZERO	coconut,"And he grates the coconut, oh he will add the coconut.",en,MORPHEME_ALIGNED,,kiniar01_mp3 kiniar01_wav kiniar01_eaf kiniar01_xml kiniar01_tsv,,278840,282410,##	other	=pro.h:a_a	v:pred	np:p_a	##	nc	v:pred	0.h:a_u	np:p_u,,kiniar01
kiniar01_0074,mctondano,a popo' ti'i makelaarla ki'kisen,#	a	po'po'	iti'i	ma-kelaar	=la	ki'kis-en,#	PART	coconut	DEM2	EV.STAT-finish	=DIR.PROX	grate-PV,"Ah, that coconut finishes (ends up) as shredded (coconut).",en,MORPHEME_ALIGNED,,kiniar01_mp3 kiniar01_wav kiniar01_eaf kiniar01_xml kiniar01_tsv,,283822,287808,##	nc	np:s	rn	v:pred	=rv	np:dt_s,,kiniar01
kiniar01_0075,mctondano,wèènoula rano witu puusen,#	wèè-en	ZERO	=mow	=la	rano	witu	pu'us-en,#	give-PV	ZERO	=CMP	=DIR.PROX	water	PREP2	knead-PV,(He) will put the water in the mixture.,en,MORPHEME_ALIGNED,,kiniar01_mp3 kiniar01_wav kiniar01_eaf kiniar01_xml kiniar01_tsv,,287864,290090,##	v:pred	0.h:a_u	=rv	=rv	np:p_u	adp	np:g,,kiniar01
kiniar01_0076,mctondano,"puusanèla, a pawèènou rano",#	ZERO	pu'us-an	ZERO	=la	#	a	pa-wèè-en	ZERO	=mow	rano,#	ZERO	knead-LV	ZERO	=DIR.PROX	#	PART	DYN-give-PV	ZERO	=CMP	water,(He) would mix ( the shredded coconut mixture). Aah (he) adds the water (to the mixture).,en,MORPHEME_ALIGNED,,kiniar01_mp3 kiniar01_wav kiniar01_eaf kiniar01_xml kiniar01_tsv,,290670,293330,##	0:p_u	v:pred	0.h:a_u	=rv	##	nc	v:pred	0.h:a_u	=rv	np:p_u,,kiniar01
kiniar01_0077,mctondano,pawèènou rano,#	pa-wèè-en	ZERO	rano,#	DYN-give-PV	ZERO	water,(He) adds water.,en,MORPHEME_ALIGNED,,kiniar01_mp3 kiniar01_wav kiniar01_eaf kiniar01_xml kiniar01_tsv,,293430,295156,##	v:pred	0.h:a_u	np:p_u,,kiniar01
kiniar01_0078,mctondano,"a, papuusenou",#	a	ZERO	pa-pu'us-en	ZERO	=mow,#	HES	ZERO	DYN-knead-PV	ZERO	=CMP,"Ah, (he) mixes (the shredded coconut and water).",en,MORPHEME_ALIGNED,,kiniar01_mp3 kiniar01_wav kiniar01_eaf kiniar01_xml kiniar01_tsv,,295434,297426,##	nc	0:p_u	v:pred	0.h:a_u	=rv,,kiniar01
kiniar01_0079,mctondano,papuusenou kaa empèdoan santan,#	ZERO	pa-pu'us-en	ZERO	=mow	#	ka'a	N=	pa-èdo-an	ZERO	santan,#	ZERO	DYN-knead-PV	ZERO	=CMP	#	because	3SG.NOM=	DYN-take-LV	ZERO	coconut.milk,"(He) mixes (it) because (he) takes it, the coconut milk.",en,MORPHEME_ALIGNED,,kiniar01_mp3 kiniar01_wav kiniar01_eaf kiniar01_xml kiniar01_tsv,,297510,301450,##	0:p_u	v:pred	0.h:a_u	=rv	#ac	other	=pro:p_u	v:pred	0.h:a_u	np:dt_p_u,,kiniar01
kiniar01_0080,mctondano,parou'anèamou,#	ZERO	pa-row'-an	=nèa	=mow,#	ZERO	DYN-far-LV	=3PL.GEN	=CMP,They remove (the coconut milk from the bucket).,en,MORPHEME_ALIGNED,,kiniar01_mp3 kiniar01_wav kiniar01_eaf kiniar01_xml kiniar01_tsv,,304869,307465,##	0:p_u	v:pred	=pro.h:a_u	=rv,,kiniar01
kiniar01_0081,mctondano,itu santan,#	itu	santan,#	DEM2	coconut.milk,That is coconut milk.,en,MORPHEME_ALIGNED,,kiniar01_mp3 kiniar01_wav kiniar01_eaf kiniar01_xml kiniar01_tsv,,312985,315295,##	pro:s	np:pred,,kiniar01
kiniar01_0082,mctondano,"o, minamualimou santan, pinuusanèamkola",#	o	ZERO	m<in>a-mulai	=mow	santan	#	ZERO	p<in>u'us-an	=nèa	=mow	=la,#	PART	ZERO	EV.STAT.PST-become	=CMP	coconut.milk	#	ZERO	<PST>knead-LV	=3PL.GEN	=CMP	=DIR.PROX,"Oh, (the shredded coconut and water mixture) has already become coconut milk. They have already mixed (it).",en,MORPHEME_ALIGNED,,kiniar01_mp3 kiniar01_wav kiniar01_eaf kiniar01_xml kiniar01_tsv,,315340,318840,##	nc	0:s	v:pred	=rv	np:other	##	0:p_u	v:pred	=pro.h:a_u	=rv	=rv,,kiniar01
kiniar01_0083,mctondano,tu tuanala ensantan,#	tu	tuana	=la	ZERO	N=	santan,#	then	thus	=DIR.PROX	ZERO	INAN=	coconut.milk,Then therefore (this) is coconut milk.,en,MORPHEME_ALIGNED,,kiniar01_mp3 kiniar01_wav kiniar01_eaf kiniar01_xml kiniar01_tsv,,319470,322420,##	other	other	=rn	0:s	=ln	np:pred,,kiniar01
kiniar01_0084,mctondano,o mèdopè',#	o	ZERO	<um>èdo	=pè'	ZERO,#	PART	ZERO	<AV>take	=INCMP	ZERO,Oh (they) will still take (the coconut milk from the bucket).,en,MORPHEME_ALIGNED,,kiniar01_mp3 kiniar01_wav kiniar01_eaf kiniar01_xml kiniar01_tsv,,325120,327360,##	nc	0.h:a_a	v:pred	=rv	0:p_a,,kiniar01
kiniar01_0085,mctondano,"makatelu ona' kua empamakarua, papuusan ko'ko'",#	maka-telu	wona'	ku'a	N=	N=	i-pa-maka-rua	ZERO	#	pa-pu'us-an	ZERO	ko'ko',#	MULT-three	perhaps	PART	HES	3SG.NOM=	CV-DYN-MULT-two	ZERO	#	DYN-knead-LV	ZERO	chicken,"Three times perhaps, (they) will divide (the mixture) in two. (They) mix in the chicken ( speaker means 'po'po'' and not 'ko'ko'').",en,WORD_ALIGNED,,kiniar01_mp3 kiniar01_wav kiniar01_eaf kiniar01_xml kiniar01_tsv,,327510,331470,##	other	other	nc	nc	=pro:p_u	v:pred	0.h:a_u	##	v:pred	0.h:a_u	nc,,kiniar01
kiniar01_0086,mctondano,a po'opo',a	po'po',PART	coconut,"ah, the coconut",en,MORPHEME_ALIGNED,,kiniar01_mp3 kiniar01_wav kiniar01_eaf kiniar01_xml kiniar01_tsv,,331500,335110,nc	np:p_u,,kiniar01
kiniar01_0087,mctondano,"pelelakeran santan, paloongkula",#	#	pa-Ce-laker-an	ZERO	santan	%	pa-loo'-en	=ku	=la,#	#	DYN-IRR-many-LV	ZERO	coconut.milk	%	DYN-see-PV	=1SG.GEN	=DIR.PROX,I see that (they) will increase (i.e. make more) coconut milk.,en,MORPHEME_ALIGNED,,kiniar01_mp3 kiniar01_wav kiniar01_eaf kiniar01_xml kiniar01_tsv,,335701,338381,##	#cc:p_u	v:pred	0.h:a_u	np:p_u	%	v:pred	=pro.1:a_u	=rv,,kiniar01
kiniar01_0088,mctondano,tuanè patuari waya,#	tuana	patuari	waya,#	thus	nuclear.family	all,"As such everyone,",en,MORPHEME_ALIGNED,,kiniar01_mp3 kiniar01_wav kiniar01_eaf kiniar01_xml kiniar01_tsv,,341113,342955,#ac	other	np:other	other,,kiniar01
kiniar01_0089,mctondano,sa,sa,if,If,en,MORPHEME_ALIGNED,,kiniar01_mp3 kiniar01_wav kiniar01_eaf kiniar01_xml kiniar01_tsv,,343357,345207,other,,kiniar01
kiniar01_0090,mctondano,kopa'ar mekekaan sera' pèrèt,ko=	pa'ar	ma-Ce-kaan	sera'	pèrèt,2SG.NOM=	want.AUX	DYN-IRR-rice	meat	bat,you want to eat bat meat,en,MORPHEME_ALIGNED,,kiniar01_mp3 kiniar01_wav kiniar01_eaf kiniar01_xml kiniar01_tsv,,345405,348276,=pro.2:a_a	aux	v:pred	np:p_a	rn_np,,kiniar01
kiniar01_0091,mctondano,paloongkoela,#	pa-loo'-en	=ko	=la,#	DYN-see-PV	=2SG.GEN	=DIR.PROX,You see,en,MORPHEME_ALIGNED,,kiniar01_mp3 kiniar01_wav kiniar01_eaf kiniar01_xml kiniar01_tsv,,348440,349988,##	v:pred	=pro.2:a_u	=rv,,kiniar01
kiniar01_0092,mctondano,tuana sa masiwo,#	tuana	sa	ZERO	ma-siwo	ZERO,#	thus	if	ZERO	DYN-do	ZERO,when (they) make (bat curry) like this.,en,MORPHEME_ALIGNED,,kiniar01_mp3 kiniar01_wav kiniar01_eaf kiniar01_xml kiniar01_tsv,,350612,352376,#cc:p_u	other	other	0.h:a_a	v:pred	0:p_a,,kiniar01
kiniar01_0093,mctondano,sè itu,#	sa	itu,#	if	DEM2,If it,en,MORPHEME_ALIGNED,,kiniar01_mp3 kiniar01_wav kiniar01_eaf kiniar01_xml kiniar01_tsv,,354021,355783,#ac	nc	nc,,kiniar01
kiniar01_0094,mctondano,"sèitu, lem'è'mou dagingna",sa	itu	lemè'	=mow	daging	=na,if	DEM2	tender	=CMP	meat	=3SG.GEN,"If that is tender, it's meat.",en,MORPHEME_ALIGNED,,kiniar01_mp3 kiniar01_wav kiniar01_eaf kiniar01_xml kiniar01_tsv,,355985,360890,other	pro:dt_s	other:pred	=rv	np:s	=rn_pro:poss,,kiniar01
kiniar01_0095,mctondano,"niangkatnèamou, patèa'mou ndano",#	ZERO	<in>angkat-en	=nèa	=mow	#	i-pa-tèa'	ZERO	=mow	N=	rano,#	ZERO	<PST>remove-PV	=3PL.GEN	=CMP	#	CV-DYN-spill	ZERO	=CMP	INAN=	water,They remove (the bat). (They) throw out the liquid.,en,MORPHEME_ALIGNED,,kiniar01_mp3 kiniar01_wav kiniar01_eaf kiniar01_xml kiniar01_tsv,,361390,364360,##	0:p_u	v:pred	=pro.h:a_u	=rv	##	v:pred	0.h:a_u	=rv	=ln	np:p_u,,kiniar01
kiniar01_0096,mctondano,"linungala ni'tu o' è lutu'mou paloo'nèa, lemèmou",#	l<in>unga-en	=la	ZERO	ni'tu	#	o	èy	ZERO	lutu'	=mow	#	pa-loo'-en	=nèa	#	ZERO	lemè'	=mow,#	<PST>firewood-PV	=DIR.PROX	ZERO	DEM2	#	PART	PART	ZERO	ripe	=CMP	#	DYN-see-PV	=3PL.GEN	#	ZERO	tender	=CMP,"(They) have lit that (the fire). Oh hey it's ready, they see (that), (it's) tender.",en,MORPHEME_ALIGNED,,kiniar01_mp3 kiniar01_wav kiniar01_eaf kiniar01_xml kiniar01_tsv,,364538,368133,##	v:pred	=rv	0.h:a_u	pro:p_u	##	nc	nc	0:s	other:pred	=rv	##	v:pred	=pro.h:a_u	#cc:p_u	0:s	other:pred	=rv,,kiniar01
kiniar01_0097,mctondano,"gorèngenèamou, bumbuna",#	gorèng-en	=nèa	=mow	bumbu	=na,#	fry-PV	=3PL.GEN	=CMP	spice	=3SG.GEN,They will fry its (the curry's) ingredients.,en,MORPHEME_ALIGNED,,kiniar01_mp3 kiniar01_wav kiniar01_eaf kiniar01_xml kiniar01_tsv,,370360,372890,##	v:pred	=pro.h:a_u	=rv	np:p_u	=rn_pro:poss,,kiniar01
kiniar01_0098,mctondano,"pawèèan lana, rumping",#	pa-wèè-an	ZERO	lana	rumping,#	DYN-give-LV	ZERO	oil	wok,(They) put oil (in) the wok,en,MORPHEME_ALIGNED,,kiniar01_mp3 kiniar01_wav kiniar01_eaf kiniar01_xml kiniar01_tsv,,373190,376070,##	v:pred	0.h:a_u	np:p_u	np:g,,kiniar01
kiniar01_0099,mctondano,ee,ee,HES,...,en,MORPHEME_ALIGNED,,kiniar01_mp3 kiniar01_wav kiniar01_eaf kiniar01_xml kiniar01_tsv,,376200,377180,nc,,kiniar01
kiniar01_0100,mctondano,"embaya, baya embumbu pawèèmou itu rumping",#	N=	waya	baya	N=	bumbu	i-pa-wèè	ZERO	=mow	witu	rumping,#	INAN=	all	all	INAN=	spice	CV.DYN-give	ZERO	=CMP	PREP2	wok,"(They) put all, all the ingredients in the wok.",en,WORD_ALIGNED,,kiniar01_mp3 kiniar01_wav kiniar01_eaf kiniar01_xml kiniar01_tsv,,377180,380690,##	=ln	ln	nc	=ln	np:p_u	v:pred	0.h:a_u	=rv	adp	np:g,,kiniar01
kiniar01_0101,mctondano,"winèan lana rumping, lana weru",#	w<in>èè-an	ZERO	lana	rumping	lana	weru,#	<PST>give-LV	ZERO	oil	wok	oil	new,"(They) have put oil (in) the wok, fresh oil.",en,MORPHEME_ALIGNED,,kiniar01_mp3 kiniar01_wav kiniar01_eaf kiniar01_xml kiniar01_tsv,,380690,383500,##	v:pred	0.h:a_u	np:p_u	np:g	np:dt_p_u	rn,,kiniar01
kiniar01_0102,mctondano,"gorèngenèla embumbu walina, paloongkula e",#	#	gorèng-en	=nèa	=la	N=	bumbu	walina	%	pa-loo'-en	=ku	=la	e,#	#	fry-PV	=3PL.GEN	=DIR.PROX	INAN=	spice	other	%	DYN-see-PV	=1SG.GEN	=DIR.PROX	PART,I can see (that) they will fry the other ingredients.,en,MORPHEME_ALIGNED,,kiniar01_mp3 kiniar01_wav kiniar01_eaf kiniar01_xml kiniar01_tsv,,384160,387310,##	#cc:p_u	v:pred	=pro.h:a_u	=rv	=ln	np:p_u	rn	%	v:pred	=pro.1:a_u	=rv	nc,,kiniar01
kiniar01_0103,mctondano,lelè'os,lelè'os,spring.onion,spring onion,en,MORPHEME_ALIGNED,,kiniar01_mp3 kiniar01_wav kiniar01_eaf kiniar01_xml kiniar01_tsv,,388145,389391,nc,,kiniar01
kiniar01_0104,mctondano,lansuna,lansuna,onion,onion,en,MORPHEME_ALIGNED,,kiniar01_mp3 kiniar01_wav kiniar01_eaf kiniar01_xml kiniar01_tsv,,390015,391521,nc,,kiniar01
kiniar01_0105,mctondano,tu wèèla saribata,#	tu	i-wèè	ZERO	=la	saribata,#	then	CV-give	ZERO	=DIR.PROX	lemongrass,Then (they) will add the lemongrass.,en,MORPHEME_ALIGNED,,kiniar01_mp3 kiniar01_wav kiniar01_eaf kiniar01_xml kiniar01_tsv,,394461,396458,##	other	v:pred	0.h:a_u	=rv	ln_np,,kiniar01
kiniar01_0106,mctondano,lalèina,lalèina,leaf,"the leaf,",en,MORPHEME_ALIGNED,,kiniar01_mp3 kiniar01_wav kiniar01_eaf kiniar01_xml kiniar01_tsv,,400928,403168,ln_np,,kiniar01
kiniar01_0107,mctondano,podang,podang,pandanus,"pandanus leaf,",en,MORPHEME_ALIGNED,,kiniar01_mp3 kiniar01_wav kiniar01_eaf kiniar01_xml kiniar01_tsv,,403295,405252,ln_np,,kiniar01
kiniar01_0108,mctondano,lalèina lemon,lalèina	lemon,leaf	citrus,(and) the citrus leaf.,en,MORPHEME_ALIGNED,,kiniar01_mp3 kiniar01_wav kiniar01_eaf kiniar01_xml kiniar01_tsv,,409470,411690,np:p_u	rn_np,,kiniar01
kiniar01_0109,mctondano,o itu wèèla,#	wo	itu	i-wèè	ZERO	=la,#	and	DEM2	CV-give	ZERO	=DIR.PROX,And then (he) will add those (crushed ingredients).,en,MORPHEME_ALIGNED,,kiniar01_mp3 kiniar01_wav kiniar01_eaf kiniar01_xml kiniar01_tsv,,415479,417767,##	other	pro:p_u	v:pred	0.h:a_u	=rv,,kiniar01
kiniar01_0110,mctondano,linuwek tadi,#	ZERO	l<in>uwek-en	ZERO	tadi,#	ZERO	<PST>crush-PV	ZERO	before,(He) crushed (the ingredients) earlier,en,MORPHEME_ALIGNED,,kiniar01_mp3 kiniar01_wav kiniar01_eaf kiniar01_xml kiniar01_tsv,,417929,419360,##	0:p_u	v:pred	0.h:a_u	other,,kiniar01
kiniar01_0111,mctondano,bumbu linuwekanèamou embumbu,#	bumbu	l<in>uwek-an	=nèa	=mow	N=	bumbu,#	spice	<PST>crush-LV	=3PL.GEN	=CMP	INAN=	spice,"They crushed the ingredients, the ingredients.",en,MORPHEME_ALIGNED,,kiniar01_mp3 kiniar01_wav kiniar01_eaf kiniar01_xml kiniar01_tsv,,419630,421856,##	np:p_u	v:pred	=pro.h:a_u	=rv	=ln	np:dt_p_u,,kiniar01
kiniar01_0112,mctondano,lansuna mèa' lansuna puti',#	lansuna	mèa'	lansuna	puti',#	onion	red	onion	white,"Red onion, garlic",en,MORPHEME_ALIGNED,,kiniar01_mp3 kiniar01_wav kiniar01_eaf kiniar01_xml kiniar01_tsv,,422003,424620,##	ln_np	ln	ln_np	ln,,kiniar01
kiniar01_0113,mctondano,marisa wo lia' linuwek,marisa	wo	lia'	l<in>uwek-en	ZERO,chilli	and	ginger	<PST>crush-PV	ZERO,"chilli, and ginger were crushed by him.",en,MORPHEME_ALIGNED,,kiniar01_mp3 kiniar01_wav kiniar01_eaf kiniar01_xml kiniar01_tsv,,424910,427370,ln_np	ln	np:p_u	v:pred	0.h:a_u,,kiniar01
kiniar01_0114,mctondano,a patoa'nèamoula tu rumping,#	a	pa-toa'-en	=nèa	=mow	=la	witu	rumping,#	PART	DYN-spill-PV	=3PL.GEN	=CMP	=DIR.PROX	PREP2	wok,"Ah, they pour (the ingredients) in to the wok,",en,MORPHEME_ALIGNED,,kiniar01_mp3 kiniar01_wav kiniar01_eaf kiniar01_xml kiniar01_tsv,,427800,430700,##	nc	v:pred	=pro.h:a_u	=rv	=rv	adp	np:g,,kiniar01
kiniar01_0115,mctondano,daging linuwek tadi,daging	#	ZERO	l<in>uwek-en	ZERO	tadi,meat	#	ZERO	<PST>crush-PV	ZERO	before,the meat which (they) crushed/diced up earlier.,en,MORPHEME_ALIGNED,,kiniar01_mp3 kiniar01_wav kiniar01_eaf kiniar01_xml kiniar01_tsv,,430700,432760,np:p_u	#rc_rn	0:p_u	v:pred	0.h:a_u	other,,kiniar01
kiniar01_0116,mctondano,"pekayonèamou, pekayonèamou, ndèi'mou urè wèèanèamou santan",#	ZERO	pa-kayo'-en	=nèa	=mow	#	ZERO	pa-kayo'-en	=nèa	=mow	#	rèy'	=mow	urè	wèè-an	=nèa	=mow	santan,#	ZERO	DYN-stir-PV	=3PL.GEN	=CMP	#	ZERO	DYN-stir-PV	=3PL.GEN	=CMP	#	not	=CMP	long	give-LV	=3PL.GEN	=CMP	coconut.milk,"They stir in (the meat mixture). They stir in (the meat mixture), it's done, no longer, they will put in coconut milk.",en,MORPHEME_ALIGNED,,kiniar01_mp3 kiniar01_wav kiniar01_eaf kiniar01_xml kiniar01_tsv,,434540,439170,##	0:p_u	v:pred	=pro.h:a_u	=rv	##	0:p_u	v:pred	=pro.h:a_u	=rv	##	other	=other	other	v:pred	=pro.h:a_u	=rv	np:p_u,,kiniar01
kiniar01_0117,mctondano,a patoa'nèamou santan,#	a	pa-toa'-en	=nèa	=mow	santan,#	HES	DYN-spill-PV	=3PL.GEN	=CMP	coconut.milk,"Ah, they pour in the coconut milk.",en,MORPHEME_ALIGNED,,kiniar01_mp3 kiniar01_wav kiniar01_eaf kiniar01_xml kiniar01_tsv,,439230,442030,##	nc	v:pred	=pro.h:a_u	=rv	np:p_u,,kiniar01
kiniar01_0118,mctondano,"paloongkumèè dè'pe' ma, makaro'ko' taan meneneponewo",#	pa-loo'-en	=ku	=mèè	#	ZERO	rèy'	=pè'	ma-karo'ko'	#	ta'an	meneneponewo,#	DYN-see-PV	=1SG.GEN	=DIR.MED	#	ZERO	not	=INCMP	EV.STAT-froth	#	however	NC,"I see (that it) has not yet boiled, but (unclear).",en,MORPHEME_ALIGNED,,kiniar01_mp3 kiniar01_wav kiniar01_eaf kiniar01_xml kiniar01_tsv,,442892,447112,##	v:pred	=pro.1:a_u	=rv	#cc:p_u	0:s	neg	=other	v:pred	#nc	other	nc,,kiniar01
kiniar01_0119,mctondano,nèi wèè,#	ZERO	nèy	wèè	ZERO,#	ZERO	CV.PST	give	ZERO,(They) have put (it) in.,en,MORPHEME_ALIGNED,,kiniar01_mp3 kiniar01_wav kiniar01_eaf kiniar01_xml kiniar01_tsv,,447200,448490,##	0:p_u	lv	v:pred	0.h:a_u,,kiniar01
kiniar01_0120,mctondano,"o tèa, tèapè' kua",#	o	tèa	tèa	=pè'	ku'a,#	PART	now	now	=INCMP	PART,"O now, not now, then",en,MORPHEME_ALIGNED,,kiniar01_mp3 kiniar01_wav kiniar01_eaf kiniar01_xml kiniar01_tsv,,448490,450530,##	nc	nc	other	=other	nc,,kiniar01
kiniar01_0121,mctondano,"tèakan tumi'pumi, lalèina",tèakan	ZERO	t<um>ipu'	=mi	lalèina,now	ZERO	<AV>pick	=DIR.DIST	leaf,"now (they) will pick out the yellow (pandanus) leaves,",en,MORPHEME_ALIGNED,,kiniar01_mp3 kiniar01_wav kiniar01_eaf kiniar01_xml kiniar01_tsv,,450530,455220,other	0.h:a_a	v:pred	=rv	np:p_a,,kiniar01
kiniar01_0122,mctondano,kunir,kunir,yellow,yellow (yellow pandanus leaves).,en,MORPHEME_ALIGNED,,kiniar01_mp3 kiniar01_wav kiniar01_eaf kiniar01_xml kiniar01_tsv,,455300,457520,rn,,kiniar01
kiniar01_0123,mctondano,pawèèmou kapala santan,#	i-pa-wèè	ZERO	=mow	kapala	santan,#	CV.DYN-give	ZERO	=CMP	head	coconut.milk,"(They) put in the main part (the shredded pulp) of the coconut milk,",en,WORD_ALIGNED,,kiniar01_mp3 kiniar01_wav kiniar01_eaf kiniar01_xml kiniar01_tsv,,458830,461560,##	v:pred	0.h:a_u	=rv	ln_np	ln_np,,kiniar01
kiniar01_0124,mctondano,kokongna santan,kokong	=na	santan,head	=3SG.GEN	coconut.milk,the head of the coconut milk (the coconut milk's head).,en,MORPHEME_ALIGNED,,kiniar01_mp3 kiniar01_wav kiniar01_eaf kiniar01_xml kiniar01_tsv,,462700,464970,np:p_u	=rn_pro:poss	rn_np:poss,,kiniar01
kiniar01_0125,mctondano,o watè karo'komoukan,#	o	<um>patè	ZERO	karo'ko'	=mowkan,#	PART	PART	ZERO	froth	=definitely,Oh wow (ithe curry) is definitely boiled.,en,MORPHEME_ALIGNED,,kiniar01_mp3 kiniar01_wav kiniar01_eaf kiniar01_xml kiniar01_tsv,,467226,469047,##	nc	nc	0:s	other:pred	=other,,kiniar01
kiniar01_0126,mctondano,o wèla,o	wèlow,PART	PART,oh dear me.,en,MORPHEME_ALIGNED,,kiniar01_mp3 kiniar01_wav kiniar01_eaf kiniar01_xml kiniar01_tsv,,469710,471130,nc	nc,,kiniar01
kiniar01_0127,mctondano,paloongkumèè,#	pa-loo'-en	=ku	=mèè,#	DYN-see-PV	=1SG.GEN	=DIR.MED,"I can see (that),",en,MORPHEME_ALIGNED,,kiniar01_mp3 kiniar01_wav kiniar01_eaf kiniar01_xml kiniar01_tsv,,471160,473280,##	v:pred	=pro.1:a_u	=rv,,kiniar01
kiniar01_0128,mctondano,pa'angkatenèamou entu,#	pa-angkat-en	=nèa	=mow	N=	itu,#	DYN-remove-PV	=3PL.GEN	=CMP	INAN=	DEM2,they remove that (wok).,en,MORPHEME_ALIGNED,,kiniar01_mp3 kiniar01_wav kiniar01_eaf kiniar01_xml kiniar01_tsv,,474101,476203,#cc:p_u	v:pred	=pro.h:a_u	=rv	=ln	pro:p_u,,kiniar01
kiniar01_0129,mctondano,maèwèmouko,#	ma-èwè	=mow	=ko,#	EV.STAT-saliva	=CMP	=2SG.NOM,You are drooling.,en,MORPHEME_ALIGNED,,kiniar01_mp3 kiniar01_wav kiniar01_eaf kiniar01_xml kiniar01_tsv,,478510,480870,##	v:pred	=rv	=pro.2:s,,kiniar01
kiniar01_0130,mctondano,o matè,o	<um>patè,PART	PART,oh dear me.,en,MORPHEME_ALIGNED,,kiniar01_mp3 kiniar01_wav kiniar01_eaf kiniar01_xml kiniar01_tsv,,480980,482870,nc	nc,,kiniar01
kiniar01_0131,mctondano,[unintelligible],NC,NC,(unintelligible),en,MORPHEME_ALIGNED,,kiniar01_mp3 kiniar01_wav kiniar01_eaf kiniar01_xml kiniar01_tsv,,483510,485010,nc,,kiniar01
kiniar01_0132,mctondano,wo tu pemurkimurkitene nitim kokong,#	wo	tu	peN-purikit-purikit-en	ni=	Tim	kokong,#	and	then	DYN-RDP-turn.over-PV	AN.SG.GEN=	PN	head,And then Tim is tasting the head (of the bat).,en,MORPHEME_ALIGNED,,kiniar01_mp3 kiniar01_wav kiniar01_eaf kiniar01_xml kiniar01_tsv,,485250,488430,##	other	other	v:pred	=ln	np.h:a_u	np:p_u,,kiniar01
kiniar01_0133,mctondano,mapèlèngtè' daging tii rèè' paloongkumèè,#	#	ZERO	mapèlèng	=itè	daging	iti'i	rè'èn	%	pa-loo'-en	=ku	=mèè,#	#	ZERO	DYN-choose	=LIM	meat	DEM2	PART	%	DYN-see-PV	=1SG.GEN	=DIR.DIST,I see that (he) chooses only that meat then.,en,WORD_ALIGNED,,kiniar01_mp3 kiniar01_wav kiniar01_eaf kiniar01_xml kiniar01_tsv,,488500,491520,##	#cc:p_u	0.h:a_a	v:pred	=rv	np:p_a	rn	nc	%	v:pred	=pro.1:a_u	=rv,,kiniar01
kiniar01_0134,mctondano,o situ'a,#	o	si=	tu'a,#	PART	AN.SG=	old,Oh the old,en,MORPHEME_ALIGNED,,kiniar01_mp3 kiniar01_wav kiniar01_eaf kiniar01_xml kiniar01_tsv,,492079,493700,##	nc	=ln	ln,,kiniar01
kiniar01_0135,mctondano,"tuama wo siiti'i, paloongku, o",tuama	wo	si=	iti'i	pa-loo'-en	=ku	#	o,man	and	AN.SG=	DEM1	DYN-see-PV	=1SG.GEN	#	PART,"man and this (guy) I can see oh (i.e. 'I can see the old man and this guy'), oh,",en,MORPHEME_ALIGNED,,kiniar01_mp3 kiniar01_wav kiniar01_eaf kiniar01_xml kiniar01_tsv,,493700,496350,ln_np.h	ln	=ln	pro.h:p_u	v:pred	=pro.1:a_u	##	nc,,kiniar01
kiniar01_0136,mctondano,ituama rèènou,si=	tuama	rè'èn	=mow,AN.SG=	man	PART	=CMP,the man then,en,MORPHEME_ALIGNED,,kiniar01_mp3 kiniar01_wav kiniar01_eaf kiniar01_xml kiniar01_tsv,,496350,498470,=ln	np.h:s	nc	=other,,kiniar01
kiniar01_0137,mctondano,imekewalèou,si=	maka-walè	=mow,AN.SG=	AV.POT-house	=CMP,is the house owner.,en,MORPHEME_ALIGNED,,kiniar01_mp3 kiniar01_wav kiniar01_eaf kiniar01_xml kiniar01_tsv,,498660,500180,=ln	np.h:pred	=rn,,kiniar01
kiniar01_0138,mctondano,"mekewalè, o iapusoukan kokong",#	maka-walè	o	i-apus	=mowkan	kokong,#	AV.POT-house	PART	CV-remove	=definitely	head,"The homeowner, oh he will remove (i.e. eat) the head (of the bat)",en,MORPHEME_ALIGNED,,kiniar01_mp3 kiniar01_wav kiniar01_eaf kiniar01_xml kiniar01_tsv,,500410,505540,##	np.h:a_u	nc	v:pred	=rv	np:p_u,,kiniar01
kiniar01_0139,mctondano,mèdotè paai' tim,#	<um>èdo	=itè	paai'	Tim,#	<AV>take	=LIM	knife	PN,Tim will just take the knife.,en,MORPHEME_ALIGNED,,kiniar01_mp3 kiniar01_wav kiniar01_eaf kiniar01_xml kiniar01_tsv,,506109,508035,##	v:pred	=rv	np:p_a	np.h:a_a,,kiniar01
kiniar01_0140,mctondano,"mapèlèngtè paa'i tim, o wèla",#	ma-pèlèng	=itè	paa'i	Tim	o	wèlow,#	AV.DYN-choose	=LIM	knife	PN	PART	PART,"Tim just chooses the knife, oh wow.",en,MORPHEME_ALIGNED,,kiniar01_mp3 kiniar01_wav kiniar01_eaf kiniar01_xml kiniar01_tsv,,508841,512291,##	v:pred	=rv	np:p_a	np.h:a_a	nc	nc,,kiniar01
kiniar01_0141,mctondano,"okela tim, tank you tim, hendrik pa'at, ablert polli",#	okela	Tim	thank	you	Tim	Hendrik	Pa'at	Albert	Polli,#	dear.me	PN	thank	you	PN	PN	PN	PN	PN,"Oh dear me Tim, thank you Tim. Hendrik Paat, Albert Polli.",en,MORPHEME_ALIGNED,,kiniar01_mp3 kiniar01_wav kiniar01_eaf kiniar01_xml kiniar01_tsv,,512461,516542,#nc	nc	nc	nc	nc	nc	nc	nc	nc	nc,,kiniar01
kiniar01_0142,mctondano,terima kasih,terima	kasih,thank	you,Thank you.,en,MORPHEME_ALIGNED,,kiniar01_mp3 kiniar01_wav kiniar01_eaf kiniar01_xml kiniar01_tsv,,516620,519200,nc	nc,,kiniar01
kiniar02_0001,mctondano,tabèa patuari,#	tabèa	patuari,#	Good.morning	nuclear.family,Good morning everyone.,en,MORPHEME_ALIGNED,,kiniar02_mp3 kiniar02_wav kiniar02_eaf kiniar02_xml kiniar02_tsv,,4430,6720,#nc	nc	nc,,kiniar02
kiniar02_0002,mctondano,"ee witu enanu takè, tarèkan",ee	witu	N=	anu	takè	tarèkan,HES	PREP2	INAN=	NON.SPEC	HES	now,"erh, on the whats'it now",en,MORPHEME_ALIGNED,,kiniar02_mp3 kiniar02_wav kiniar02_eaf kiniar02_xml kiniar02_tsv,,6910,10200,nc	nc	nc	nc	nc	nc,,kiniar02
kiniar02_0003,mctondano,"wi, tawia embalè nipatuari",#	wi	ta=	wia	N=	walè	ni=	patuari,#	HES	1PL.IN.NOM=	PREP1	INAN=	house	AN.SG.GEN=	nuclear.family,"We are in the house of the family,",en,MORPHEME_ALIGNED,,kiniar02_mp3 kiniar02_wav kiniar02_eaf kiniar02_xml kiniar02_tsv,,10452,14210,##	nc	=pro.1:s	adp	=ln	np:pred_l	=rn	nc,,kiniar02
kiniar02_0004,mctondano,ee patuarita sidèki tangkuman,ee	patuari	=ta	si=	Dèki	Tangkuman,HES	nuclear.family	=1PL.IN.GEN	AN.SG=	PN	PN,erh our family member Deki Tangkuman.,en,MORPHEME_ALIGNED,,kiniar02_mp3 kiniar02_wav kiniar02_eaf kiniar02_xml kiniar02_tsv,,14504,17930,nc	rn_np.h:poss	=rn_pro.1:poss	=rn	rn_np.h	rn_np.h,,kiniar02
kiniar02_0005,mctondano,ee,ee,HES,erh,en,MORPHEME_ALIGNED,,kiniar02_mp3 kiniar02_wav kiniar02_eaf kiniar02_xml kiniar02_tsv,,19153,20484,nc,,kiniar02
kiniar02_0006,mctondano,wia enkiniar,#	ZERO	wia	N=	Kiniar,#	ZERO	PREP1	INAN=	PN,"(We) are in Kiniar,",en,MORPHEME_ALIGNED,,kiniar02_mp3 kiniar02_wav kiniar02_eaf kiniar02_xml kiniar02_tsv,,21286,22980,##	0.1:s	adp	=ln	np:pred_l,,kiniar02
kiniar02_0007,mctondano,lingkungan lima,lingkun-an	lima,area	five,"neighbourhood five,",en,WORD_ALIGNED,,kiniar02_mp3 kiniar02_wav kiniar02_eaf kiniar02_xml kiniar02_tsv,,23518,25117,rn_np	rn,,kiniar02
kiniar02_0008,mctondano,ee kaluaren kiniar,ee	kaluar-an	Kiniar,HES	go.out-LV	PN,"erh, outside Kiniar suburb,",en,MORPHEME_ALIGNED,,kiniar02_mp3 kiniar02_wav kiniar02_eaf kiniar02_xml kiniar02_tsv,,25640,27460,nc	rn	rn_np,,kiniar02
kiniar02_0009,mctondano,toudano,Tondano,PN,Tondano town.,en,MORPHEME_ALIGNED,,kiniar02_mp3 kiniar02_wav kiniar02_eaf kiniar02_xml kiniar02_tsv,,27753,28954,rn_np,,kiniar02
kiniar02_0010,mctondano,minahasa,Minahasa,PN,Minahasa province,en,MORPHEME_ALIGNED,,kiniar02_mp3 kiniar02_wav kiniar02_eaf kiniar02_xml kiniar02_tsv,,29210,30590,rn_np,,kiniar02
kiniar02_0011,mctondano,ee patuari waya ee,#	ee	patuari	waya	ee,#	HES	nuclear.family	all	HES,"Erh, everybody, erh,",en,MORPHEME_ALIGNED,,kiniar02_mp3 kiniar02_wav kiniar02_eaf kiniar02_xml kiniar02_tsv,,30960,33880,##	nc	np:other	rn	nc,,kiniar02
kiniar02_0012,mctondano,"wo niaku mese, me, me, mesesusuila",wo	niaku	mese	me	me	ma-Ce-susui	=la,and	1SG	HES	HES	HES	AV.DYN-IRR-speak	=DIR.PROX,and I will now talk,en,MORPHEME_ALIGNED,,kiniar02_mp3 kiniar02_wav kiniar02_eaf kiniar02_xml kiniar02_tsv,,34240,38271,other	pro.1:a_a	nc	nc	nc	v:pred	=rv,,kiniar02
kiniar02_0013,mctondano,kumura sèmakèèt tu entimpa',#	k<um>ura	sè=	ma-kèèt	itu	N=	timpa',#	<AV>how	3PL.NOM=	AV.DYN-extract.sap	DEM2	INAN=	palm.sugar.sap,about how they extract that palm sugar sap.,en,MORPHEME_ALIGNED,,kiniar02_mp3 kiniar02_wav kiniar02_eaf kiniar02_xml kiniar02_tsv,,38803,41685,#cc:p_a	other	=pro.h:a_a	v:pred	ln	=ln	np:p_a,,kiniar02
kiniar02_0014,mctondano,"ka'a enpaperlun nikalota tim waki mèlborn siwia, siwia enkiniar",#	ka'a	N=	pa-perlu-en	ni=	kalo	=ta	Tim	waki	Melbourne	#	si=	wia	si=	wia	N=	Kiniar,#	because	3SG.NOM=	DYN-require-PV	AN.SG.GEN=	PN	=1PL.IN.GEN	PN	PREP3	PN	#	HES	HES	3SG.NOM=	PREP1	INAN=	PN,"Because our friend Tim from Melbourne needs it. He is, he is in Kiniar.",en,WORD_ALIGNED,,kiniar02_mp3 kiniar02_wav kiniar02_eaf kiniar02_xml kiniar02_tsv,,42109,48889,##	other	=pro:p_u	v:pred	=rn	np.h:a_u	=rn_pro.1:poss	rn_np.h	rn	rn_np	##	nc	nc	=pro.h:s	adp	=ln	np:pred_l,,kiniar02
kiniar02_0015,mctondano,"sè, èpatonta ye'i sè",#	sè=	sè=	pa-ato-en	=ta	ye'i	#	sè=,#	HES	3PL.NOM=	DYN-see-PV	=1PL.IN.GEN	now	#	HES,"We, can see them, them now (on the video), they,",en,WORD_ALIGNED,,kiniar02_mp3 kiniar02_wav kiniar02_eaf kiniar02_xml kiniar02_tsv,,49888,53330,##	nc	=pro.h:p_u	v:pred	=pro.1:a_u	other	#nc	nc,,kiniar02
kiniar02_0016,mctondano,ee nanu entabelang,ee	N=	anu	N=	tabelang,HES	INAN=	NON.SPEC	INAN=	hard.bamboo,"erh, the what's it, the hard bamboo.",en,MORPHEME_ALIGNED,,kiniar02_mp3 kiniar02_wav kiniar02_eaf kiniar02_xml kiniar02_tsv,,53937,55924,nc	nc	nc	nc	nc,,kiniar02
kiniar02_0017,mctondano,ee sèminewèè entimpa' pelaanen tampanèa,#	sè=	m<in>a-wèè-an	N=	timpa'	#	pa-laa-en	=nèa	tampa	=nèa,#	3PL.NOM=	AV.DYN.PST-give	INAN=	palm.sugar.sap	#	DYN-go-PV	=3PL.GEN	place	=3PL.GEN,They have provided the palm sugar sap. They have moved their (palm sugar collection) place.,en,WORD_ALIGNED,,kiniar02_mp3 kiniar02_wav kiniar02_eaf kiniar02_xml kiniar02_tsv,,56854,61110,##	=pro.h:a_a	v:pred	=ln	np:p_a	##	v:pred	=pro.h:a_u	np:p_u	=rn_pro.h:poss,,kiniar02
kiniar02_0018,mctondano,ka'a entimpa' ye'i pesesiwonèa gula,#	ka'a	N=	timpa'	ye'i	pa-Ce-siwo-en	=nèa	gula,#	because	INAN=	palm.sugar.sap	DEM1	DYN-IRR-make-PV	=3PL.GEN	sugar,"Because this palm sugar sap, they will make (hard) palm sugar,",en,MORPHEME_ALIGNED,,kiniar02_mp3 kiniar02_wav kiniar02_eaf kiniar02_xml kiniar02_tsv,,61444,64051,#ac	other	=ln	np:dt	rn	v:pred	=pro.h:a_u	np:p_u,,kiniar02
kiniar02_0019,mctondano,ee nemis,ee	N=	emis,HES	INAN=	sweet,erh sweet.,en,MORPHEME_ALIGNED,,kiniar02_mp3 kiniar02_wav kiniar02_eaf kiniar02_xml kiniar02_tsv,,64156,65354,nc	=rn	rn,,kiniar02
kiniar02_0020,mctondano,sè itu esem pasiwonèa sopi,#	sa	itu	esem	#	pa-siwo-en	=nèa	sopi,#	if	DEM2	sweet	#	DYN-do-PV	=3PL.GEN	palm.sugar.brandy,"If that (sap) is sour, they make palm sugar brandy.",en,MORPHEME_ALIGNED,,kiniar02_mp3 kiniar02_wav kiniar02_eaf kiniar02_xml kiniar02_tsv,,66030,68460,#ac	other	pro:s	other:pred	##	v:pred	=pro.h:a_u	np:p_u,,kiniar02
kiniar02_0021,mctondano,"ee wopira empotung pa, nèi",#	ee	wo'opira	N=	potung	pa	nèy,#	HES	several	INAN=	bamboo.tube	nc	CV.PST,Erh several bamboo tubes are,en,MORPHEME_ALIGNED,,kiniar02_mp3 kiniar02_wav kiniar02_eaf kiniar02_xml kiniar02_tsv,,68972,72278,##	nc	other	=ln	np:p_u	nc	lv,,kiniar02
kiniar02_0022,mctondano,"sadèrnè witu enanu, sesadèran",sadar	=nèa	witu	N=	anu	Ce-sader-an,lean.against	=3PL.GEN	PREP2	INAN=	NON.SPEC	NR-lean.against-LV,"leaned by them on the whats'it, the leaning frame.",en,MORPHEME_ALIGNED,,kiniar02_mp3 kiniar02_wav kiniar02_eaf kiniar02_xml kiniar02_tsv,,72350,75720,v:pred	=pro.h:a_u	adp	=ln	nc	np:g,,kiniar02
kiniar02_0023,mctondano,sèmelelaamou mekekèèt waki akel,#	sè=	ma-Ce-laa	=mow	ma-Ce-kèèt	ZERO	waki	akel,#	3PL.NOM=	AV.DYN-IRR-go	=CMP	AV.DYN-IRR-extract.sap	ZERO	PREP3	sugar.palm.tree,They will go to extract (sap) from the sugar palm tree.,en,MORPHEME_ALIGNED,,kiniar02_mp3 kiniar02_wav kiniar02_eaf kiniar02_xml kiniar02_tsv,,76946,80978,##	=pro.h:a_a	lv	=rv	v:pred	0:p_a	adp	np:g,,kiniar02
kiniar02_0024,mctondano,aa kinèètanamoumi enye'i,#	aa	k<in>èèt-an	=na	=mow	=mi	N=	ye'i,#	HES	<PST>extract.sap-LV	=3SG.GEN	=CMP	=DIR.DIST	INAN=	DEM2,"Ah, he has already extracted that (sap),",en,MORPHEME_ALIGNED,,kiniar02_mp3 kiniar02_wav kiniar02_eaf kiniar02_xml kiniar02_tsv,,86115,88520,##	nc	v:pred	=pro.h:a_u	=rv	=rv	=ln	pro:p_u,,kiniar02
kiniar02_0025,mctondano,ee,ee,HES,"erh,",en,MORPHEME_ALIGNED,,kiniar02_mp3 kiniar02_wav kiniar02_eaf kiniar02_xml kiniar02_tsv,,91168,91973,nc,,kiniar02
kiniar02_0026,mctondano,witu empotung,witu	N=	potung,PREP2	INAN=	bamboo.tube,in the bamboo tube.,en,MORPHEME_ALIGNED,,kiniar02_mp3 kiniar02_wav kiniar02_eaf kiniar02_xml kiniar02_tsv,,92657,93931,adp	=ln	np:g,,kiniar02
kiniar02_0027,mctondano,"ma'alialimou potung, pe",#	ZERO	ma-ali-ali	=mow	potung	pe,#	ZERO	AV.DYN-RDP-bring	=CMP	bamboo.tube	HES,(They) are bringing along some bamboo tubes.,en,MORPHEME_ALIGNED,,kiniar02_mp3 kiniar02_wav kiniar02_eaf kiniar02_xml kiniar02_tsv,,95325,97420,##	0.h:a_a	v:pred	=rv	np:p_a	nc,,kiniar02
kiniar02_0028,mctondano,mèa mekekèèt,#	ZERO	<um>èa	ma-Ce-kèèt	ZERO,#	ZERO	<AV>go	AV.DYN-IRR-extract.sap	ZERO,(They) will go to extract (sap).,en,MORPHEME_ALIGNED,,kiniar02_mp3 kiniar02_wav kiniar02_eaf kiniar02_xml kiniar02_tsv,,98547,99915,##	0.h:a_a	lv	v:pred	0:p_a,,kiniar02
kiniar02_0029,mctondano,mekèèt aki akel,#	ZERO	ma-kèèt	ZERO	waki	akel,#	ZERO	AV.DYN-extract.sap	ZERO	PREP3	sugar.palm.tree,(They) extract (sap) from the palm sugar tree.,en,MORPHEME_ALIGNED,,kiniar02_mp3 kiniar02_wav kiniar02_eaf kiniar02_xml kiniar02_tsv,,101641,103068,##	0.h:a_a	v:pred	0:p_a	adp	np:g,,kiniar02
kiniar02_0030,mctondano,waki akel sinandaranèamou ano,#	waki	akel	s<in>andar-an	=nèa	=mow	ano,#	PREP3	sugar.palm.tree	<PST>lean.against-LV	=3PL.GEN	=CMP	NON.SPEC,"On the palm sugar tree they have leaned the whats'it,",en,MORPHEME_ALIGNED,,kiniar02_mp3 kiniar02_wav kiniar02_eaf kiniar02_xml kiniar02_tsv,,104040,107400,##	adp	np:l	v:pred	=pro.h:a_u	=rv	nc,,kiniar02
kiniar02_0031,mctondano,"ee, aran siniwo witu entabelang",ee	aran	#	ZERO	s<in>iwo-en	ZERO	witu	N=	tabelang,HES	ladder	#	ZERO	<PST>do-PV	ZERO	PREP2	INAN=	hard.bamboo,"erh, the ladder which (they) made on the hard.bamboo tube.",en,MORPHEME_ALIGNED,,kiniar02_mp3 kiniar02_wav kiniar02_eaf kiniar02_xml kiniar02_tsv,,107988,111752,nc	np:p_u	#rc_rn	0:p_u	v:pred	0.h:a_a	adp	=ln	np:l,,kiniar02
kiniar02_0032,mctondano,maran tabelang nèi sadèr waki akel kaa empekekè'ètan,#	N=	aran	tabelang	nèy	sadar	ZERO	waki	akel	#	ka'a	N=	pa-Ce-kèèt-an	ZERO,#	INAN=	ladder	hard.bamboo	CV.PST	lean.against	ZERO	PREP3	sugar.palm.tree	#	because	3SG.NOM=	DYN-IRR-extract.sap-LV	ZERO,(They) have leaned the hard bamboo ladder on the sugar palm tree because (they) will extract it (the sap).,en,MORPHEME_ALIGNED,,kiniar02_mp3 kiniar02_wav kiniar02_eaf kiniar02_xml kiniar02_tsv,,112308,117240,##	=ln	np:p_u	rn_np	lv	v:pred	0.h:a_u	adp	np:g	#ac	other	=pro:p_u	v:pred	0.h:a_u,,kiniar02
kiniar02_0033,mctondano,"sèmelaamou waki ano, waki akel",#	sè=	ma-laa	=mow	waki	ano	waki	akel,#	3PL.NOM=	AV.DYN-go	=CMP	PREP3	NON.SPEC	PREP3	sugar.palm.tree,"They go to the what's it, to the sugar palm tree.",en,MORPHEME_ALIGNED,,kiniar02_mp3 kiniar02_wav kiniar02_eaf kiniar02_xml kiniar02_tsv,,119276,121713,##	=pro.h:s	v:pred	=rv	nc	nc	adp	np:l,,kiniar02
kiniar02_0034,mctondano,maaliali empotung ee rèi'pè' winèè entimpa',#	ZERO	ma-ali-ali	N=	potung	ee	#	rèy'	=pè'	w<in>èè-en	ZERO	N=	timpa',#	ZERO	AV.DYN-RDP-bring	INAN=	bamboo.tube	HES	#	not	=INCMP	<PST>give-PV	ZERO	INAN=	palm.sugar.sap,(They) are bringing along bamboo tubes erh. (They) haven't yet provided the palm sugar sap.,en,MORPHEME_ALIGNED,,kiniar02_mp3 kiniar02_wav kiniar02_eaf kiniar02_xml kiniar02_tsv,,123503,126424,##	0.h:a_a	v:pred	=ln	np:p_a	nc	##neg	other	=other	v:pred	0.h:a_u	=ln	np:p_u,,kiniar02
kiniar02_0035,mctondano,aa silumongkotou,#	aa	si=	l<um>ongkot	=mow,#	HES	3SG.NOM=	<AV>climb.a.tree	=CMP,Ah he will climb up (the tree).,en,MORPHEME_ALIGNED,,kiniar02_mp3 kiniar02_wav kiniar02_eaf kiniar02_xml kiniar02_tsv,,127864,129531,##	nc	=pro.h:s	v:pred	=rv,,kiniar02
kiniar02_0036,mctondano,nalinamou,#	<in>ali-en	=na	=mow,#	<PST>bring-PV	=3SG.GEN	=CMP,"He has brought along,",en,MORPHEME_ALIGNED,,kiniar02_mp3 kiniar02_wav kiniar02_eaf kiniar02_xml kiniar02_tsv,,130906,132394,##	v:pred	=pro.h:a_u	=rv,,kiniar02
kiniar02_0037,mctondano,empotung ee rèi'pè' winèè entimpa',N=	potung	#	ee	rèy'	=pè'	w<in>èè-en	ZERO	N=	timpa',INAN=	bamboo.tube	#	HES	not	=INCMP	<PST>give-PV	ZERO	INAN=	palm.sugar.sap,"the bamboo tube, (but) (They) have not yet provided the palm sugar sap.",en,MORPHEME_ALIGNED,,kiniar02_mp3 kiniar02_wav kiniar02_eaf kiniar02_xml kiniar02_tsv,,132603,134944,=ln	np:p_u	##neg	nc	other	=other	v:pred	0.h:a_u	=ln	np:p_u,,kiniar02
kiniar02_0038,mctondano,longkotenamou aki,#	ZERO	longkot-en	=na	=mow	waki,#	ZERO	climb.up-PV	=3SG.GEN	=CMP	HES,He will climb up on it (the bamboo tube) to,en,MORPHEME_ALIGNED,,kiniar02_mp3 kiniar02_wav kiniar02_eaf kiniar02_xml kiniar02_tsv,,136025,137604,##	0:p_u	v:pred	=pro.h:a_u	=rv	nc,,kiniar02
kiniar02_0039,mctondano,waki ano,waki	ano,HES	NON.SPEC,"to the what's it,",en,MORPHEME_ALIGNED,,kiniar02_mp3 kiniar02_wav kiniar02_eaf kiniar02_xml kiniar02_tsv,,137734,139067,nc	nc,,kiniar02
kiniar02_0040,mctondano,waki paèdoan timpa',waki	pa-èdo-an	timpa',PREP3	DYN-take-LV	palm.sugar.sap,"to the palm sugar collection place,",en,MORPHEME_ALIGNED,,kiniar02_mp3 kiniar02_wav kiniar02_eaf kiniar02_xml kiniar02_tsv,,140394,141789,adp	np:g	rn_np,,kiniar02
kiniar02_0041,mctondano,waki pusuna,waki	pusu'	=na,PREP3	heart	=3SG.GEN,to its 'heart' (i.e. the centre of the tree's foliage).,en,MORPHEME_ALIGNED,,kiniar02_mp3 kiniar02_wav kiniar02_eaf kiniar02_xml kiniar02_tsv,,142605,143578,adp	np:g	=rn_pro:poss,,kiniar02
kiniar02_0042,mctondano,èmekawokou ee,#	sè=	ma-kawok	=mow	ee,#	3PL.NOM=	AV.DYN-rat	=CMP	HES,"They climb (up the tree) like rats,",en,MORPHEME_ALIGNED,,kiniar02_mp3 kiniar02_wav kiniar02_eaf kiniar02_xml kiniar02_tsv,,145478,146788,##	=pro.h:s	v:pred	=rv	nc,,kiniar02
kiniar02_0043,mctondano,ka'ayomèè aki,i-ka-ayo'	=mèè	waki,CV-POT-arrive	=DIR.MED	PREP3,until at,en,MORPHEME_ALIGNED,,kiniar02_mp3 kiniar02_wav kiniar02_eaf kiniar02_xml kiniar02_tsv,,149736,151431,other	=other	adp,,kiniar02
kiniar02_0044,mctondano,pusu'na sia,pusu'	=na	#	sia,heart	=3SG.GEN	#	3SG,"its centre. He,",en,MORPHEME_ALIGNED,,kiniar02_mp3 kiniar02_wav kiniar02_eaf kiniar02_xml kiniar02_tsv,,152547,154294,np:l	=rn_pro:poss	##	pro.h:a_a,,kiniar02
kiniar02_0045,mctondano,"mèdomou enano, mèdomou",<um>èdo	N=	ano	#	ZERO	<um>èdo	ZERO,<AV>take	INAN=	NON.SPEC	#	ZERO	<AV>take	ZERO,"will take a whats'it, (he) will take (it).",en,MORPHEME_ALIGNED,,kiniar02_mp3 kiniar02_wav kiniar02_eaf kiniar02_xml kiniar02_tsv,,155936,158495,v:pred	=ln	np:p_a	##	0.h:a_a	v:pred	0:p_a,,kiniar02
kiniar02_0046,mctondano,mèdomou empotung winèèan ee,#	ZERO	<um>èdo	N=	potung	#	ZERO	w<in>èè-an	ZERO	ee,#	ZERO	<AV>take	INAN=	bamboo.tube	#	ZERO	<PST>give-LV	ZERO	HES,(He) will take the hard bamboo. (He) has provided (it).,en,MORPHEME_ALIGNED,,kiniar02_mp3 kiniar02_wav kiniar02_eaf kiniar02_xml kiniar02_tsv,,160062,162341,##	0.h:a_a	v:pred	=ln	np:p_a	##	0:p_u	v:pred	0.h:a_u	nc,,kiniar02
kiniar02_0047,mctondano,"winuta, minawutamou entimpa' kaa",#	winuta	ZERO	m<in>a-wuta	=mow	N=	timpa'	#	ka'a,#	HES	ZERO	AV.DYN.PST-fill	=CMP	INAN=	palm.sugar.sap	#	because,"(They) have filled up the palm sugar sap (into small bamboo tubes). Because,",en,MORPHEME_ALIGNED,,kiniar02_mp3 kiniar02_wav kiniar02_eaf kiniar02_xml kiniar02_tsv,,163425,166568,##	nc	0.h:a_a	v:pred	=rv	=ln	np:p_a	#ac	other,,kiniar02
kiniar02_0048,mctondano,"nèi, nèialungsanga wengi",ZERO	nèy	nèy	alung	ZERO	sanga	wengi,ZERO	HES	CV.PST	receptacle	ZERO	one	evening,(they) have put (the palm sugar sap) in a receptacle (for) the evening.,en,MORPHEME_ALIGNED,,kiniar02_mp3 kiniar02_wav kiniar02_eaf kiniar02_xml kiniar02_tsv,,167336,169347,0:p_u	nc	lv	v:pred	0.h:a_u	ln	np:other,,kiniar02
kiniar02_0049,mctondano,minawuta entimpa' witu,#	ZERO	m<in>a-wuta	N=	timpa'	witu,#	ZERO	AV.DYN.PST-fill	INAN=	palm.sugar.sap	there,(They) have filled up the palm sugar sap there.,en,MORPHEME_ALIGNED,,kiniar02_mp3 kiniar02_wav kiniar02_eaf kiniar02_xml kiniar02_tsv,,170735,172331,##	0.h:a_a	v:pred	=ln	np:p_a	other,,kiniar02
kiniar02_0050,mctondano,"ya, wa",ya	wa,AFF	HES,"Yes, aah",en,MORPHEME_ALIGNED,,kiniar02_mp3 kiniar02_wav kiniar02_eaf kiniar02_xml kiniar02_tsv,,172816,174109,nc	nc,,kiniar02
kiniar02_0051,mctondano,empesesiwonèa gula mèa',#	N=	pa-Ce-siwo-en	=nèa	gula	mèa',#	3SG.NOM=	DYN-IRR-do-PV	=3PL.GEN	sugar	red,"They will make it, hard palm sugar.",en,MORPHEME_ALIGNED,,kiniar02_mp3 kiniar02_wav kiniar02_eaf kiniar02_xml kiniar02_tsv,,174650,177570,##	=pro:p_u	v:pred	=pro.h:a_u	np:dt_p_u	rn,,kiniar02
kiniar02_0052,mctondano,tèa pesesiwon gula mèa' musti emis entimpa',#	tèa	pa-Ce-siwo-en	ZERO	gula	mèa'	#	musti	emis	N=	timpa',#	now	DYN-IRR-do-PV	ZERO	sugar	red	#	must	sweet	INAN=	palm.sugar.sap,"Now (they) will make palm sugar, the palm sugar sap must be sweet.",en,MORPHEME_ALIGNED,,kiniar02_mp3 kiniar02_wav kiniar02_eaf kiniar02_xml kiniar02_tsv,,177770,181400,##	other	v:pred	0.h:a_u	np:p_u	rn	##	other	other:pred	=ln	np:s,,kiniar02
kiniar02_0053,mctondano,mesesiwo emis entimpa',#	ZERO	ma-Ce-siwo	emis	N=	timpa',#	ZERO	AV.DYN-IRR-do	sweet	INAN=	palm.sugar.sap,(They) will make sweet palm sugar sap.,en,MORPHEME_ALIGNED,,kiniar02_mp3 kiniar02_wav kiniar02_eaf kiniar02_xml kiniar02_tsv,,181560,183700,##	0.h:a_a	v:pred	ln	=ln	np:p_a,,kiniar02
kiniar02_0054,mctondano,"musti pa,pasuupena beresi",#	musti	pa	pa-su'up-en	=na	ZERO	weresi,#	must.AUX	HES	DYN-fragment-PV	=3SG.GEN	ZERO	clean,He must fragment (by slicing) the clean (palm sugar).,en,MORPHEME_ALIGNED,,kiniar02_mp3 kiniar02_wav kiniar02_eaf kiniar02_xml kiniar02_tsv,,183940,187370,##	aux	nc	v:pred	=pro.h:a_u	0:p_u	rn,,kiniar02
kiniar02_0055,mctondano,sè itu makotor,#	sa	itu	ma-kotor,#	if	DEM2	EV.STAT-dirty,"If that (palm sugar) is dirty,",en,MORPHEME_ALIGNED,,kiniar02_mp3 kiniar02_wav kiniar02_eaf kiniar02_xml kiniar02_tsv,,188140,190306,#ac	other	pro:s	v:pred,,kiniar02
kiniar02_0056,mctondano,apa saja itu ano,apa	saja	itu	ano,what	only	DEM2	NON.SPEC,what only that thingumy.,en,MORPHEME_ALIGNED,,kiniar02_mp3 kiniar02_wav kiniar02_eaf kiniar02_xml kiniar02_tsv,,190613,192109,nc	nc	nc	nc,,kiniar02
kiniar02_0057,mctondano,"kaa wèan eee kotor, ma, maesem entimpa', siwonèa sopi",#	ka'a	wewèan	eee	kotor	#	ma	ma-esem	N=	timpa'	#	siwo-en	=nèa	sopi,#	because	EXIST	HES	dirt	#	HES	EV.STAT-sour	INAN=	palm.sugar.sap	#	do-PV	=3PL.GEN	palm.sugar.brandy,"Because there's dirt the palm sugar sap sours, they will make palm sugar brandy (instead of palm sugar wine).",en,MORPHEME_ALIGNED,,kiniar02_mp3 kiniar02_wav kiniar02_eaf kiniar02_xml kiniar02_tsv,,192513,198522,#ac	other	other:predex	nc	np:s	##	nc	v:pred	=ln	np:s	##	v:pred	=pro.h:a_u	np:p_u,,kiniar02
kiniar02_0058,mctondano,aa,aa,HES,"Ah,",en,MORPHEME_ALIGNED,,kiniar02_mp3 kiniar02_wav kiniar02_eaf kiniar02_xml kiniar02_tsv,,199340,200233,nc,,kiniar02
kiniar02_0059,mctondano,patumpanèamoumi nano,#	pa-tumpa-en	=nèa	=mow	=mi	N=	ano,#	DYN-descend-PV	=3PL.GEN	=CMP	=DIR.DIST	INAN=	NON.SPEC,They bring down the what's it.,en,MORPHEME_ALIGNED,,kiniar02_mp3 kiniar02_wav kiniar02_eaf kiniar02_xml kiniar02_tsv,,200662,202452,##	v:pred	=pro.h:a_u	=rv	=rv	=ln	np:p_u,,kiniar02
kiniar02_0060,mctondano,potunganèè,#	ZERO	potung-an	=nèa,#	ZERO	bamboo.tube-LV	=3PL.GEN,They will prepare the bamboo tube.,en,MORPHEME_ALIGNED,,kiniar02_mp3 kiniar02_wav kiniar02_eaf kiniar02_xml kiniar02_tsv,,202997,204687,##	0:p_u	v:pred	=pro.h:a_u,,kiniar02
kiniar02_0061,mctondano,potung wewèan timpa',#	potung	wewèan	timpa',#	bamboo.tube	EXIST	palm.sugar.sap,The bamboo tube has palm sugar wine (in it).,en,MORPHEME_ALIGNED,,kiniar02_mp3 kiniar02_wav kiniar02_eaf kiniar02_xml kiniar02_tsv,,205045,206631,##	np:dt	other:predex	np:s,,kiniar02
kiniar02_0062,mctondano,empusu' ee kinaluaranèè entimpa',#	N=	pusu'	ee	k<in>aluar-an	=nèa	N=	timpa',#	INAN=	heart	HES	<PST>go.out-LV	=3PL.GEN	INAN=	palm.sugar.sap,"The centre erh, they have made the palm sugar sap come out (start flowing).",en,MORPHEME_ALIGNED,,kiniar02_mp3 kiniar02_wav kiniar02_eaf kiniar02_xml kiniar02_tsv,,210550,213754,##	nc	nc	nc	v:pred	=pro.h:a_u	=ln	np:p_u,,kiniar02
kiniar02_0063,mctondano,eee,eee,HES,Erh,en,MORPHEME_ALIGNED,,kiniar02_mp3 kiniar02_wav kiniar02_eaf kiniar02_xml kiniar02_tsv,,214176,215320,nc,,kiniar02
kiniar02_0064,mctondano,ee su'upanamou,#	ee	su'up-an	=na	=mow	ZERO,#	HES	fragment-LV	=3SG.GEN	=mow	ZERO,He will fragment it (the centre of the foliage).,en,MORPHEME_ALIGNED,,kiniar02_mp3 kiniar02_wav kiniar02_eaf kiniar02_xml kiniar02_tsv,,215420,217610,##	nc	v:pred	=pro.h:a_u	=rv	0:p_u,,kiniar02
kiniar02_0065,mctondano,suupanamou,#	su'up-an	=na	=mow	ZERO,#	fragment-LV	=3SG.GEN	=CMP	ZERO,He will fragment (it).,en,MORPHEME_ALIGNED,,kiniar02_mp3 kiniar02_wav kiniar02_eaf kiniar02_xml kiniar02_tsv,,218259,219430,##	v:pred	=pro.h:a_u	=rv	0:p_u,,kiniar02
kiniar02_0066,mctondano,"e kaa empe, pewèèn, pewèèn ee potung ee, rèi'pè' win",#	e	ka'a	N=	pe	pa-wèè-en	pa-wèè-en	ZERO	ee	potung	rèy'	=pè'	win,#	HES	because	HES	HES	HES	DYN-give-PV	ZERO	HES	bamboo.tube	not	=INCMP	HES,"Erh because (they) put the bamboo tube, not yet,",en,WORD_ALIGNED,,kiniar02_mp3 kiniar02_wav kiniar02_eaf kiniar02_xml kiniar02_tsv,,219996,225152,#ac	nc	other	nc	nc	nc	v:pred	0.h:a_u	nc	nc	nc	nc	nc,,kiniar02
kiniar02_0067,mctondano,"potung ee, kosong",potung	ee	kosong,hard.bamboo	HES	zero,the empty hard bamboo.,en,MORPHEME_ALIGNED,,kiniar02_mp3 kiniar02_wav kiniar02_eaf kiniar02_xml kiniar02_tsv,,225521,227726,np:p_u	nc	rn,,kiniar02
kiniar02_0068,mctondano,paalinamou nano,#	pa-ali-en	=na	=mow	N=	ano,#	DYN-bring-PV	=3SG.GEN	=CMP	INAN=	NON.SPEC,"He brings along the thingumy,",en,MORPHEME_ALIGNED,,kiniar02_mp3 kiniar02_wav kiniar02_eaf kiniar02_xml kiniar02_tsv,,232608,234440,##	v:pred	=pro.h:a_u	=rv	=ln	nc,,kiniar02
kiniar02_0069,mctondano,timpa' ee witu empotung,timpa'	ee	witu	N=	potung,palm.sugar.sap	HES	PREP2	INAN=	bamboo.tube,the palm sugar sap inside the bamboo tube.,en,MORPHEME_ALIGNED,,kiniar02_mp3 kiniar02_wav kiniar02_eaf kiniar02_xml kiniar02_tsv,,235820,238990,np:p_u	nc	adp	=ln	np:g,,kiniar02
kiniar02_0070,mctondano,"wè'wèlanamoukèano kaa empe, pa, pasupanamou enano, pusu",#	wè'wèl-an	=na	=mow	=kè	ano	#	ka'a	N=	pa	pa-su'up-an	=na	=mow	N=	ano	pusu',#	tap-LV	=3SG.GEN	=CMP	EPIS	NON.SPEC	#	because	HES	HES	DYN-fragment-LV	=3SG.GEN	=CMP	INAN=	NON.SPEC	heart,"It's said he will hit the what's it (the branch) because he fragments the what's it, the centre (of the foliage).",en,WORD_ALIGNED,,kiniar02_mp3 kiniar02_wav kiniar02_eaf kiniar02_xml kiniar02_tsv,,240070,245920,##	v:pred	=pro.h:a_u	=rv	=rv	np:p_u	#ac	other	nc	nc	v:pred	=pro.h:a_u	=rv	nc	nc	np:p_u,,kiniar02
kiniar02_0071,mctondano,tu wè'wèlena,#	tu	ZERO	wè'wèl	=na,#	then	ZERO	tap-PV	=3SG.GEN,Then he will hit (the palm sugar tree branch).,en,WORD_ALIGNED,,kiniar02_mp3 kiniar02_wav kiniar02_eaf kiniar02_xml kiniar02_tsv,,246100,247800,##	other	0:p_u	v:pred	=pro.h:a_u,,kiniar02
kiniar02_0072,mctondano,wina'akesanamoukèla itu,#	w<in>a'akes-an	=na	=mow	=kè	=la	itu,#	<PST>tie.with.string-LV	=3SG.GEN	=CMP	=EPIS	=DIR.PROX	DEM2,Supposedly he has tied that (bamboo tube) with string.,en,MORPHEME_ALIGNED,,kiniar02_mp3 kiniar02_wav kiniar02_eaf kiniar02_xml kiniar02_tsv,,248557,250546,##	v:pred	=pro.h:a_u	=rv	=rv	=rv	pro:p_u,,kiniar02
kiniar02_0073,mctondano,"kaa tu rèi', me rèi' mete'u kaa wèan rano",#	ka'a	tu	ZERO	rèy'	ma	rèy'	ma-te'u	ZERO	#	ka'a	wewèan	rano,#	because	then	ZERO	not	HES	not	EV.STAT-know	ZERO	#	because	EXIST	water,"Because then (he) doesn't, doesn't know (what to do), because there is water.",en,MORPHEME_ALIGNED,,kiniar02_mp3 kiniar02_wav kiniar02_eaf kiniar02_xml kiniar02_tsv,,250640,255490,#ac.neg	other	other	0.h:a_a	nc	nc	other	v:pred	0:p_a	#ac	other	other:predex	np:s,,kiniar02
kiniar02_0074,mctondano,"rèi' tu karou'an kaa ni'itumou, itu pa, pawèèanèa pa, paterung",#	ZERO	rèy'	tu	ka-row'-an	ZERO	#	ka'a	ni'tu	=mow	itu	pa	pa-wèè-an	=nèa	#	pa	ZERO	i-pa-terung	ZERO,#	ZERO	not	then	POT-far-LV	ZERO	#	because	DEM2	=CMP	DEM2	HES	DYN-give-LV	=3PL.GEN	#	HES	ZERO	CV-DYN-shelter	ZERO,"Then (he) cannot remove (it -the bamboo tube) because, so that they can provide that, they make it a shelter.",en,MORPHEME_ALIGNED,,kiniar02_mp3 kiniar02_wav kiniar02_eaf kiniar02_xml kiniar02_tsv,,256320,261050,##neg	0:p_u	other	other	v:pred	0.h:a_u	#ac	other	other	=other	pro:p_u	nc	v:pred	=pro.h:a_u	##	nc	0:p_u	v:pred	0.h:a_u,,kiniar02
kiniar02_0075,mctondano,pawèèan terung,#	pa-wèè-an	ZERO	terung,#	DYN-give-LV	ZERO	shelter,"(They) provide a shelter,",en,MORPHEME_ALIGNED,,kiniar02_mp3 kiniar02_wav kiniar02_eaf kiniar02_xml kiniar02_tsv,,261230,263450,##	v:pred	0.h:a_u	np:p_u,,kiniar02
kiniar02_0076,mctondano,kawangunen,ka-wangun-an,NR-good-NR,lovely (a beautiful shelter).,en,MORPHEME_ALIGNED,,kiniar02_mp3 kiniar02_wav kiniar02_eaf kiniar02_xml kiniar02_tsv,,264000,265440,rn,,kiniar02
kiniar02_0077,mctondano,entimpa' ye'i pesesiwonèa gula mèa',#	N=	timpa'	ye'i	pa-Ce-siwo-en	=nèa	gula	mèa',#	INAN=	palm.sugar.sap	DEM1	DYN-IRR-do-PV	=3PL.GEN	sugar	red,"This palm sugar sap, they will make (hard) palm sugar.",en,MORPHEME_ALIGNED,,kiniar02_mp3 kiniar02_wav kiniar02_eaf kiniar02_xml kiniar02_tsv,,267177,270215,##	=ln	np:dt	rn	v:pred	=pro.h:a_u	np:p_u	rn,,kiniar02
kiniar02_0078,mctondano,empeta'atakenèa,#	N=	pa-ta'atak-en	=nèa,#	3SG.NOM=	DYN-strike-PV	=3PL.GEN,They hit strike it (the branch in the centre).,en,MORPHEME_ALIGNED,,kiniar02_mp3 kiniar02_wav kiniar02_eaf kiniar02_xml kiniar02_tsv,,272098,273445,##	=pro:p_u	v:pred	=pro.h:a_u,,kiniar02
kiniar02_0079,mctondano,èi pa enano empusu,#	èy	pa	N=	ano	N=	pusu',#	PART	HES	INAN=	NON.SPEC	INAN=	heart,"Hey the whats'it, the centre,",en,MORPHEME_ALIGNED,,kiniar02_mp3 kiniar02_wav kiniar02_eaf kiniar02_xml kiniar02_tsv,,273633,275952,##	nc	nc	nc	nc	=ln	np:p_u,,kiniar02
kiniar02_0080,mctondano,pasuupuen,pa-su'up-en	ZERO,DYN-fragment-PV	ZERO,(they) fragment,en,MORPHEME_ALIGNED,,kiniar02_mp3 kiniar02_wav kiniar02_eaf kiniar02_xml kiniar02_tsv,,276136,277245,v:pred	0.h:a_u,,kiniar02
kiniar02_0081,mctondano,"pusu ee, pusu wèanou ano wewèanou kotor, parou'n paberesi rior tu",#	pusu'	ee	pusu'	wewèan	=mow	ano	#	wewèan	=mow	kotor	#	ZERO	pa-row'-en	ZERO	#	ZERO	i-pa-beresi	ZERO	#	rior	tu,#	HES	HES	heart	EXIST	=CMP	NON.SPEC	#	EXIST	=CMP	dirt	#	ZERO	DYN-far-PV	ZERO	#	ZERO	CV-DYN-clean	ZERO	#	so.that	then,"The centre, erh, the centre has what's it, there's dirt. (They) remove (it), (they) clean (it) so that then,",en,MORPHEME_ALIGNED,,kiniar02_mp3 kiniar02_wav kiniar02_eaf kiniar02_xml kiniar02_tsv,,278257,285262,##	nc	nc	np:dt	other:predex	=other	np:s	##	other:predex	=other	np:s	##	0:p_u	v:pred	0.h:a_u	##	0:p_u	v:pred	0.h:a_u	#ac	other	other,,kiniar02
kiniar02_0082,mctondano,"kumaluartimpa' aa, timpa' aa emis, timpa' weru nemis",k<um>aluar	timpa'	aa	timpa'	aa	emis	#	timpa'	weru	N=	emis,<AV>go.out	HES	HES	palm.sugar.sap	HES	sweet	#	palm.sugar.sap	fresh	INAN=	sweet,"the palm sugar sap, ahh the sweet palm sugar sap will come out. Fresh palm sugar sap is sweet.",en,MORPHEME_ALIGNED,,kiniar02_mp3 kiniar02_wav kiniar02_eaf kiniar02_xml kiniar02_tsv,,285771,291701,v:pred	nc	nc	np:s	nc	rn	##	np:s	rn	=other	other:pred,,kiniar02
kiniar02_0083,mctondano,"pawèèn, pawèèn ee",#	ZERO	pa-wèè-en	ZERO	#	pawèèn	ZERO	ee,#	ZERO	DYN-give-PV	ZERO	#	DYN-give-PV	ZERO	HES,"(They) add (it), (they) add, erh,",en,WORD_ALIGNED,,kiniar02_mp3 kiniar02_wav kiniar02_eaf kiniar02_xml kiniar02_tsv,,296000,298460,##	0:p_u	v:pred	0.h:a_u	##	v:pred	0.h:a_u	nc,,kiniar02
kiniar02_0084,mctondano,"lalèina', lalèina' rior tu teber makaluar melaa' itu potung",lalèina	lalèina	#	rior	tu	ZERO	teber	ma-kaluar	#	ZERO	ma-laa	witu	potung,HES	leaf	#	so.that	then	ZERO	smooth	EV.STAT-go.out	#	ZERO	AV.DYN-go	PREP2	bamboo.tube,"leaf, a leaf, so that (the palm sugar sap) comes out smoothly, (It) goes out from the bamboo tube.",en,MORPHEME_ALIGNED,,kiniar02_mp3 kiniar02_wav kiniar02_eaf kiniar02_xml kiniar02_tsv,,299561,304784,nc	np:p_u	#ac	other	other	0:s	lv	v:pred	##	0:s	v:pred	adp	np:l,,kiniar02
kiniar02_0085,mctondano,kawangunen,kawangunen,NR-good-NR,lovely,en,WORD_ALIGNED,,kiniar02_mp3 kiniar02_wav kiniar02_eaf kiniar02_xml kiniar02_tsv,,306338,307675,other,,kiniar02
kiniar02_0086,mctondano,ee entimpa' ye'i mèmang,#	ee	N=	timpa'	ye'i	mèmang,#	HES	INAN=	palm.sugar.sap	DEM1	truly,"Erh this palm sugar sap is truly,",en,MORPHEME_ALIGNED,,kiniar02_mp3 kiniar02_wav kiniar02_eaf kiniar02_xml kiniar02_tsv,,309390,311390,##	nc	=ln	np:dt_s	rn	other,,kiniar02
kiniar02_0087,mctondano,laker ee kaberguna nitu,laker	ee	ka-berguna	ni'tu,many	HES	very-useful	DEM2,that is very useful.,en,MORPHEME_ALIGNED,,kiniar02_mp3 kiniar02_wav kiniar02_eaf kiniar02_xml kiniar02_tsv,,312126,314157,ln	nc	other:pred	pro:s,,kiniar02
kiniar02_0088,mctondano,"toro pakoo'en eee pakoo'en, ee",#	ZERO	toro	pa-koo'en	ZERO	ee	#	ZERO	pa-koo'-en	ZERO	ee,#	ZERO	can.AUX	DYN-drink-PV	ZERO	HES	#	ZERO	DYN-drink-PV	ZERO	HES,"(They) can drink (the palm sugar sap) erh, (they) drink (it), erh.",en,WORD_ALIGNED,,kiniar02_mp3 kiniar02_wav kiniar02_eaf kiniar02_xml kiniar02_tsv,,314853,318010,##	0:p_u	aux	v:pred	0.h:a_u	nc	##	0:p_u	v:pred	0.h:a_u	nc,,kiniar02
kiniar02_0089,mctondano,parèi'rèo',#	ZERO	i-pa-rèo'-rèo'	ZERO,#	ZERO	CV-DYN-RDP-thirsty	ZERO,(They) quench their thirst with (it).,en,MORPHEME_ALIGNED,,kiniar02_mp3 kiniar02_wav kiniar02_eaf kiniar02_xml kiniar02_tsv,,318080,319780,##	0:p_u	v:pred	0.h:a_u,,kiniar02
kiniar02_0090,mctondano,"wo toro pasiwon gula mèa' , toro pasiwon sopi",#	wo	toro	pa-siwo-en	ZERO	gula	mèa	#	toro	pa-siwo-en	ZERO	sopi,#	and	can.AUX	DYN-make.do-PV	ZERO	sugar	red	#	can.AUX	DYN-do-PV	ZERO	palm.sugar.brandy,and (they) can make (hard) palm sugar and (they) can make palm sugar brandy.,en,MORPHEME_ALIGNED,,kiniar02_mp3 kiniar02_wav kiniar02_eaf kiniar02_xml kiniar02_tsv,,319780,324770,##	other	aux	v:pred	0.h:a_u	np:p_u	rn	##	aux	v:pred	0.h:a_u	np:p_u,,kiniar02
kiniar02_0091,mctondano,"aa ye'i èi paatorenamou enano, potung beru",#	aa	ye'i	pa-ator-en	=na	=mow	N=	ano	potung	weru,#	HES	now	DYN-arrange-PV	=3SG.GEN	=CMP	INAN=	NON.SPEC	bamboo.tube	fresh,"Ah, now he arranges a what's it, a new bamboo tube.",en,MORPHEME_ALIGNED,,kiniar02_mp3 kiniar02_wav kiniar02_eaf kiniar02_xml kiniar02_tsv,,325530,330110,##	nc	other	v:pred	=pro.h:a_u	=rv	=ln	nc	np:p_u	rn,,kiniar02
kiniar02_0092,mctondano,pewewèènamou itu empusu,#	ZERO	pa-Ce-wèè-en	=na	=mow	witu	N=	pusu',#	ZERO	DYN-IRR-give-n	=3SG.GEN	=CMP	PREP2	INAN=	heart,He will put (the hard bamboo) at the centre (of the foliage).,en,MORPHEME_ALIGNED,,kiniar02_mp3 kiniar02_wav kiniar02_eaf kiniar02_xml kiniar02_tsv,,330520,332109,##	0:p_u	v:pred	=pro.h:a_u	=rv	adp	=ln	np:l,,kiniar02
kiniar02_0093,mctondano,nitu empengidopan tantu' nè,#	ni'tu	N=	peN-hidop-an	tantu	nè=,#	DEM2	INAN=	NR-life-NR	definite	AN.PL=,"That is definitely the sustenance of,",en,MORPHEME_ALIGNED,,kiniar02_mp3 kiniar02_wav kiniar02_eaf kiniar02_xml kiniar02_tsv,,335549,337532,##	pro:s	=ln	np:pred	rn	=rn,,kiniar02
kiniar02_0094,mctondano,"tou toudano, tou minahasa",tow	Tondano	tow	Minahasa,person	PN	person	PN,"the Tondano people, the Minahasan people.",en,MORPHEME_ALIGNED,,kiniar02_mp3 kiniar02_wav kiniar02_eaf kiniar02_xml kiniar02_tsv,,337715,340702,rn_np.h:poss	rn_np	np:other	rn_np,,kiniar02
kiniar02_0095,mctondano,aa pese empesesiriterkula,#	aa	pese	N=	i-pa-Ce-serita	=ku	=la,#	HES	HES	3SG.NOM=	CV-DYN-IRR-story	=3SG.GEN	=DIR.PROX,I will tell the story of it.,en,MORPHEME_ALIGNED,,kiniar02_mp3 kiniar02_wav kiniar02_eaf kiniar02_xml kiniar02_tsv,,347017,349747,##	nc	nc	=pro:p_u	v:pred	=pro.h:a_u	=rv,,kiniar02
kiniar02_0096,mctondano,kina'atoan nètu'a rior entimpa' ye'i,#	k<in>a-ato-an	nè=	tu'a	rior	N=	timpa'	ye'i,#	POT.PST-look-LV	AN.PL.GEN=	old	fast	INAN=	palm.sugar.sap	DEM1,The elders from before obtained this palm sugar sap.,en,MORPHEME_ALIGNED,,kiniar02_mp3 kiniar02_wav kiniar02_eaf kiniar02_xml kiniar02_tsv,,350307,352973,##	v:pred	=ln	np.h:a_u	rn	=ln	np:p_u	rn,,kiniar02
kiniar02_0097,mctondano,kaa sè,#	ka'a	sè=,#	because	3PL.NOM=,"Because they,",en,MORPHEME_ALIGNED,,kiniar02_mp3 kiniar02_wav kiniar02_eaf kiniar02_xml kiniar02_tsv,,353050,354160,#ac	other	=pro.h:s,,kiniar02
kiniar02_0098,mctondano,minèi entalun sètu'a rior,<im>èy	N=	talun	sè=	tu'a	rior,<AV.PST>come	INAN=	forest	AN.PL=	old	fast,"came (into) the forest, the elders from before.",en,MORPHEME_ALIGNED,,kiniar02_mp3 kiniar02_wav kiniar02_eaf kiniar02_xml kiniar02_tsv,,354312,357451,v:pred	=ln	np:g	=ln	np.h:dt_s	rn,,kiniar02
kiniar02_0099,mctondano,"matou enano, aa ye'i lanu",#	ZERO	<um>ato	N=	ano	#	aa	ye'i	N=	anu,#	ZERO	<AV>look	INAN=	NON.SPEC	#	HES	DEM1	INAN=	NON.SPEC,"(He) sees the what's it. Ah this is the what's it,",en,MORPHEME_ALIGNED,,kiniar02_mp3 kiniar02_wav kiniar02_eaf kiniar02_xml kiniar02_tsv,,357837,360615,##	0.h:a_a	v:pred	ln	np:p_a	##	nc	pro:s	nc	nc,,kiniar02
kiniar02_0100,mctondano,ee tabelang,ee	tabelang,HES	hard.bamboo,erh the hard bamboo.,en,MORPHEME_ALIGNED,,kiniar02_mp3 kiniar02_wav kiniar02_eaf kiniar02_xml kiniar02_tsv,,360830,362850,nc	np:pred,,kiniar02
kiniar02_0101,mctondano,"ee kaa pakewèènèa panunèa, pe, pe, pesiwonèa ano",#	ee	ka'a	ZERO	paka-wèè-en	=nèa	#	ZERO	pa-anu-en	=nèa	#	pe	pe	pa-siwo-en	=nèa	ano,#	HES	because	ZERO	COMP-give-PV	=3PL.GEN	#	ZERO	DYN-NON.SPEC-PV	=3PL.GEN	#	HES	HES	DYN-do-PV	=3PL.GEN	NON.SPEC,"Erh because after they add it.They do what's it, they make the thingumy.",en,MORPHEME_ALIGNED,,kiniar02_mp3 kiniar02_wav kiniar02_eaf kiniar02_xml kiniar02_tsv,,363472,368143,#ac	nc	other	0:p_u	v:pred	=pro.h:a_u	##	0:p_u	v:pred	=pro.h:a_u	##	nc	nc	v:pred	=pro.h:a_u	np:p_u,,kiniar02
kiniar02_0102,mctondano,pesiwonèa para para,#	pa-siwo-en	=nèa	para	para,#	DYN-do-PV	=3PL.GEN	RDP	rack,They make the drying racks.,en,MORPHEME_ALIGNED,,kiniar02_mp3 kiniar02_wav kiniar02_eaf kiniar02_xml kiniar02_tsv,,368370,370920,##	v:pred	=pro.h:a_u	ln_np	np:p_u,,kiniar02
kiniar02_0103,mctondano,pewèèn gula mèa',#	pa-wèè-en	ZERO	gula	mèa',#	DYN-give-PV	ZERO	sugar	red,(They) put the hard palm sugar (there).,en,MORPHEME_ALIGNED,,kiniar02_mp3 kiniar02_wav kiniar02_eaf kiniar02_xml kiniar02_tsv,,371253,372728,##	v:pred	0.h:a_u	np:p_u	rn,,kiniar02
kiniar02_0104,mctondano,embalina,#	N=	walina,#	INAN=	other,The others,en,MORPHEME_ALIGNED,,kiniar02_mp3 kiniar02_wav kiniar02_eaf kiniar02_xml kiniar02_tsv,,375676,377242,##	=ln	np.h:dt_a_u,,kiniar02
kiniar02_0105,mctondano,pasiwonèa lumu,pa-siwo-en	=nèa	lumu,DYN-do-PV	=3PL.GEN	wood.pile,they make a wod pile,en,MORPHEME_ALIGNED,,kiniar02_mp3 kiniar02_wav kiniar02_eaf kiniar02_xml kiniar02_tsv,,377300,379710,v:pred	=pro.h:a_u	np:p_u,,kiniar02
kiniar02_0106,mctondano,aa pawèè witu dano rumping,#	aa	ZERO	i-pa-wèè	ZERO	witu	N=	ano	rumping,#	HES	ZERO	CV-DYN-give.offer	ZERO	PREP2	INAN=	NON.SPEC	wok,"Ah (they) put (it) in the what's it, the wok",en,MORPHEME_ALIGNED,,kiniar02_mp3 kiniar02_wav kiniar02_eaf kiniar02_xml kiniar02_tsv,,380801,383580,##	nc	0:p_u	v:pred	0.h:a_u	adp	nc	nc	np:g,,kiniar02
kiniar02_0107,mctondano,"tiikan pa, palunganèa",#	iti'i	=kan	pa	pa-luga-en	=nèa,#	DEM2	=also	HES	DYN-boil-en	=3PL.GEN,They boil that also,en,MORPHEME_ALIGNED,,kiniar02_mp3 kiniar02_wav kiniar02_eaf kiniar02_xml kiniar02_tsv,,383775,385849,##	pro:p_u	=other	nc	v:pred	=pro.h:a_u,,kiniar02
kiniar02_0108,mctondano,timpa' iti'i wèènèala itu rumping,#	timpa'	iti'i	wèè-en	=nèa	=la	witu	rumping,#	paln.sugar.sap	DEM2	give-PV	=3PL.GEN	=DIR.PROX	PREP2	wok,He will put that palm sugar sap in the wok.,en,MORPHEME_ALIGNED,,kiniar02_mp3 kiniar02_wav kiniar02_eaf kiniar02_xml kiniar02_tsv,,387815,390658,##	np:p_u	rn	v:pred	=pro.h:a_u	=rv	adp	np:g,,kiniar02
kiniar02_0109,mctondano,witu wèanèa,#	witu	wèè-an	=nèa	ZERO,#	there	give-LV	=3PL.GEN	ZERO,They will put (it) there.,en,MORPHEME_ALIGNED,,kiniar02_mp3 kiniar02_wav kiniar02_eaf kiniar02_xml kiniar02_tsv,,390880,392660,##	other	v:pred	=pro.h:a_u	0:p_u,,kiniar02
kiniar02_0110,mctondano,api wia embawa,#	api'	wia	N=	wawa',#	fire	PREP1	INAN=	beneath,The fire is underneath,en,MORPHEME_ALIGNED,,kiniar02_mp3 kiniar02_wav kiniar02_eaf kiniar02_xml kiniar02_tsv,,393423,395000,##	np:s	adp	=ln	np:pred_l,,kiniar02
kiniar02_0111,mctondano,kaa rior tu,#	ka'a	rior	tu,#	because	so.that	then,Because so that then,en,MORPHEME_ALIGNED,,kiniar02_mp3 kiniar02_wav kiniar02_eaf kiniar02_xml kiniar02_tsv,,395196,397326,#ac	other	other	other,,kiniar02
kiniar02_0112,mctondano,kumaro'oko kumantal,ZERO	k<um>aro'ko'	ZERO	#	ZERO	k<um>antal	ZERO,ZERO	<AV>froth	ZERO	#	ZERO	<AV>thick	ZERO,(they) will boil (it). (They) will thicken (it),en,MORPHEME_ALIGNED,,kiniar02_mp3 kiniar02_wav kiniar02_eaf kiniar02_xml kiniar02_tsv,,398173,400400,0.h:a_a	v:pred	0:p_a	##	0.h:a_a	v:pred	0:p_a,,kiniar02
kiniar02_0113,mctondano,karo'oko' nui makaro'okomou pasiwon gula mèa',#	ZERO	karo'ko'	nui	#	ZERO	ma-karo'ko	=mow	#	pa-siwo-en	ZERO	gula	mèa',#	ZERO	froth	HES	#	ZERO	EV.STAT-froth	=CMP	#	DYN-do-PV	ZERO	sugar	red,"(It's) boiled, it boils, (they) make hard palm sugar,",en,MORPHEME_ALIGNED,,kiniar02_mp3 kiniar02_wav kiniar02_eaf kiniar02_xml kiniar02_tsv,,406531,409935,##	0:s	other:pred	nc	##	0:s	v:pred	=rv	##	v:pred	0.h:a_u	np:p_u	rn,,kiniar02
kiniar02_0114,mctondano,ee witu rumping,ee	witu	rumping,HES	PREP2	wok,in a wok.,en,MORPHEME_ALIGNED,,kiniar02_mp3 kiniar02_wav kiniar02_eaf kiniar02_xml kiniar02_tsv,,411990,413540,nc	adp	np:l,,kiniar02
kiniar02_0115,mctondano,karo'okomoukan,#	ZERO	karo'ko'	=mowkan,#	ZERO	froth	=definitely,(It's) definitely boiled.,en,MORPHEME_ALIGNED,,kiniar02_mp3 kiniar02_wav kiniar02_eaf kiniar02_xml kiniar02_tsv,,414374,415999,##	0:s	other:pred	=rv,,kiniar02
kiniar02_0116,mctondano,wèè wia rumping,#	ZERO	i-wèè	ZERO	wia	rumping,#	ZERO	CV-give	ZERO	PREP1	wok,(They'll) put (it) in a wok.,en,MORPHEME_ALIGNED,,kiniar02_mp3 kiniar02_wav kiniar02_eaf kiniar02_xml kiniar02_tsv,,419852,421264,##	0:p_u	v:pred	0.h:a_u	adp	np:g,,kiniar02
kiniar02_0117,mctondano,"tu kangkèi ee, wewèan ee",#	tu	kangkèy	ee	wewèan	ee,#	then	also	HES	EXIST	HES,"The also, erh, there is, erh",en,MORPHEME_ALIGNED,,kiniar02_mp3 kiniar02_wav kiniar02_eaf kiniar02_xml kiniar02_tsv,,421384,424511,##	other	other	nc	nc	nc,,kiniar02
kiniar02_0118,mctondano,wia natas rumping winèèana,wia	N=	atas	rumping	ZERO	w<in>èè-an	=na,PREP1	INAN=	above	wok	ZERO	<PST>give-LV	=3SG.GEN,"on top of a wok, he puts (the pan).",en,MORPHEME_ALIGNED,,kiniar02_mp3 kiniar02_wav kiniar02_eaf kiniar02_xml kiniar02_tsv,,424558,426619,adp	=ln	ln	np:l	0:p_u	v:pred	=pro.h:a_u,,kiniar02
kiniar02_0119,mctondano,tou mpatotoranèa panci,#	tow	N=	pa-totor-an	=nèa	panci,#	like	3SG.NOM=	DYN-call-LV	=3PL.GEN	pan,"Like (what) they call it, the pan.",en,MORPHEME_ALIGNED,,kiniar02_mp3 kiniar02_wav kiniar02_eaf kiniar02_xml kiniar02_tsv,,427235,429839,##	other	=pro:p_u	v:pred	=pro.h:a_u	np:dt_p_u,,kiniar02
kiniar02_0120,mctondano,"panci ye'i rior tu rèi', rèi', rèi' ano, rèi'",#	panci	ye'i	rior	tu	rèy'	rèy'	rèy'	ano	rèy',#	pan	DEM1	so.that	then	HES	HES	HES	NON.SPEC	not,"this pan so that then, not, not, not, the what's it, not",en,MORPHEME_ALIGNED,,kiniar02_mp3 kiniar02_wav kiniar02_eaf kiniar02_xml kiniar02_tsv,,431923,436564,#ac.neg	np:other	rn	other	other	nc	nc	nc	np:other	nc,,kiniar02
kiniar02_0121,mctondano,rèi' katèan ano,rèy'	ka-tèa'-an	ZERO	ano,not	POT-spill-LV	ZERO	NON.SPEC,"(he) doesn't spill the what's it,",en,MORPHEME_ALIGNED,,kiniar02_mp3 kiniar02_wav kiniar02_eaf kiniar02_xml kiniar02_tsv,,436978,438576,other	v:pred	0.h:a_u	nc,,kiniar02
kiniar02_0122,mctondano,aa engula ye'i,aa	N=	gula	ye'i,HES	INAN=	sugar	DEM1,this palm sugar,en,MORPHEME_ALIGNED,,kiniar02_mp3 kiniar02_wav kiniar02_eaf kiniar02_xml kiniar02_tsv,,439965,442330,nc	=ln	np:p_u	rn,,kiniar02
kiniar02_0123,mctondano,itu kantalou mamulaimou gula,#	itu	kantal	=mow	#	ZERO	ma-muali	=mow	gula,#	DEM2	thick	=CMP	#	ZERO	EV.STAT-become	=CMP	sugar,"That is thick,. (It's) become palm sugar.",en,MORPHEME_ALIGNED,,kiniar02_mp3 kiniar02_wav kiniar02_eaf kiniar02_xml kiniar02_tsv,,442860,446390,##	pro:s	other:pred	=other	##	0:s	v:pred	=rv	np:other,,kiniar02
kiniar02_0124,mctondano,makantalou kaluaranèamou empanci ti'i io,#	ZERO	ma-kantal	=mow	#	kaluar-an	=nèa	N=	panci	iti'i	io,#	ZERO	EV.STAT-thick	=CMP	#	go.out-LV	=3PL.GEN	INAN=	pan	DEM2	HES,"(It's) already thickened, they will remove that pan.",en,MORPHEME_ALIGNED,,kiniar02_mp3 kiniar02_wav kiniar02_eaf kiniar02_xml kiniar02_tsv,,448513,451978,##	0:s	v:pred	=rv	##	v:pred	=pro.h:a_u	=ln	np:p_u	rn	nc,,kiniar02
kiniar02_0125,mctondano,"mamualimou gula èi, karo'komoukan",#	ZERO	ma-muali	=mow	gula	#	èy	ZERO	karo'ko	=mowkan,#	ZERO	EV.STAT-become	=CMP	sugar	#	PART	ZERO	froth	=definitely,"(It's) become palm sugar, hey (it's) really boiling.",en,MORPHEME_ALIGNED,,kiniar02_mp3 kiniar02_wav kiniar02_eaf kiniar02_xml kiniar02_tsv,,452180,455220,##	0:s	v:pred	=rv	np:other	##	nc	0:s	other:pred	=other,,kiniar02
kiniar02_0126,mctondano,"panci iti' nèitè sèmpè rior tu rèi' ma, marisik",#	panci	iti'i	nèy	=itè	sèmpèr	ZERO	#	rior	tu	ZERO	rèy'	ma	ma-risik,#	pan	DEM2	CV.PST	=LIM	block	ZERO	#	so.that	then	ZERO	don't	HES	EV.STAT-stain,(They) just block the pan so that then (the palm sugar) doesn't spill out.,en,MORPHEME_ALIGNED,,kiniar02_mp3 kiniar02_wav kiniar02_eaf kiniar02_xml kiniar02_tsv,,456270,460650,##	np:p_u	rn	lv	=other	v:pred	0.h:a_u	#ac.neg	other	other	0:s	other	nc	v:pred,,kiniar02
kiniar02_0127,mctondano,"sa wuna' dèi ma, makaluar",#	sa	ZERO	wuna'	#	ZERO	rèy'	ma	ma-kaluar,#	if	ZERO	fibrous	#	ZERO	not	HES	EV.STAT-go.out,"If (it's) fibrous (then), (the palm sugar sap) won't come out",en,MORPHEME_ALIGNED,,kiniar02_mp3 kiniar02_wav kiniar02_eaf kiniar02_xml kiniar02_tsv,,461624,464108,#ac	other	0:s	other:pred	##neg	0:s	other	nc	v:pred,,kiniar02
kiniar02_0128,mctondano,aa yei kaanen nuka,#	aa	ye'i	kaan-en	ZERO	N=	uka,#	HES	now	rice-PV	ZERO	INAN=	(half)coconut.shell,"Ahh, now (he) eats (from) the half coconut shell.",en,MORPHEME_ALIGNED,,kiniar02_mp3 kiniar02_wav kiniar02_eaf kiniar02_xml kiniar02_tsv,,464662,466647,##	nc	other	v:pred	0.h:a_u	=ln	np:p_u,,kiniar02
kiniar02_0129,mctondano,nuka pewewèènèa,#	N=	uka	pa-Ce-wèè-en	=nèa,#	INAN=	(half)coconut.shell	DYN-IRR-give-PV	=3PL.GEN,They will add the (half) coconut shell.,en,MORPHEME_ALIGNED,,kiniar02_mp3 kiniar02_wav kiniar02_eaf kiniar02_xml kiniar02_tsv,,467471,469049,##	=ln	np:p_u	v:pred	=pro.h:a_u,,kiniar02
kiniar02_0130,mctondano,ee gula,ee	gula,HES	sugar,"erh, sugar",en,MORPHEME_ALIGNED,,kiniar02_mp3 kiniar02_wav kiniar02_eaf kiniar02_xml kiniar02_tsv,,469301,470305,nc	nc,,kiniar02
kiniar02_0131,mctondano,pa'awasan nuka,#	pa-awes-an	ZERO	N=	uka,#	DYN-add-LV	ZERO	INAN=	(half)coconut.shell,(They) add the half coconut shell.,en,MORPHEME_ALIGNED,,kiniar02_mp3 kiniar02_wav kiniar02_eaf kiniar02_xml kiniar02_tsv,,471767,472793,##	v:pred	0.h:a_u	=ln	np:p_u,,kiniar02
kiniar02_0132,mctondano,rior tu beresi engula mèa',#	rior	tu	weresi	N=	gula	mèa',#	so.that	then	clean	INAN=	sugar	red,So that the palm sugar is clean.,en,MORPHEME_ALIGNED,,kiniar02_mp3 kiniar02_wav kiniar02_eaf kiniar02_xml kiniar02_tsv,,472900,475102,#ac	other	other	other:pred	=ln	np:s	rn,,kiniar02
kiniar02_0133,mctondano,ee pengidopan tantu nè,#	ZERO	ee	peN-hidop-an	tantu	nè=,#	ZERO	HES	NR-life-NR	definite	HES,(It's) the sustenance of,en,WORD_ALIGNED,,kiniar02_mp3 kiniar02_wav kiniar02_eaf kiniar02_xml kiniar02_tsv,,476911,478587,##	0:s	nc	np:pred	nc	nc,,kiniar02
kiniar02_0134,mctondano,nètou minahasa sèmengèèt,nè=	tow	Minahasa	#	sè=	meN-kèèt	ZERO,AN.PL.GEN=	person	PN	#	3PL.NOM=	AV.DYN-extract.sap	ZERO,of the Minahasan people. They extract (palm sugar sap).,en,MORPHEME_ALIGNED,,kiniar02_mp3 kiniar02_wav kiniar02_eaf kiniar02_xml kiniar02_tsv,,478685,480886,=rn	rn_np.h:poss	rn_np	##	=pro.h:a_a	v:pred	0:p_a,,kiniar02
kiniar02_0135,mctondano,masiwo gula sè itu timpa emis,#	ZERO	ma-siwo	gula	#	sa	itu	timpa'	emis,#	ZERO	AV.DYN-do	sugar	#	if	DEM2	palm.sugar.sap	sweet,"(They) make (hard) palm sugar, if that palm sugar sap is sweet.",en,MORPHEME_ALIGNED,,kiniar02_mp3 kiniar02_wav kiniar02_eaf kiniar02_xml kiniar02_tsv,,481350,483834,##	0.h:a_a	v:pred	np:p_u	#ac	other	pro:s	np:pred	rn,,kiniar02
kiniar02_0136,mctondano,sèitu timpa' esem pasiwonèa sopi,#	sa	itu	timpa'	esem	#	pa-siwo-en	=nèa	sopi,#	if	DEM2	palm.sugar.sap	sour	#	DYN-do-PV	=3PL.GEN	palm.sugar.brandy,"If that is sour palm sugar sap, they make palm sugar brandy.",en,MORPHEME_ALIGNED,,kiniar02_mp3 kiniar02_wav kiniar02_eaf kiniar02_xml kiniar02_tsv,,483888,486759,#ac	other	pro:s	np:pred	rn	##	v:pred	=pro.h:a_u	np:p_u,,kiniar02
kiniar02_0137,mctondano,ta'an sè itu mèmang pekekoo' entè parèorèo' ndèi' siwonèa gula ndèi' siwonèa sopi,#	ta'an	sa	itu	mèmang	i-pa-Ce-koo'	entè	#	ZERO	i-pa-rèo-rèo	ZERO	#	N=	rèy'	siwo-en	=nèa	gula	#	N=	rèy'	siwo-en	=nèa	sopi,#	however	if	DEM2	truly	CV-DYN-IRR-drink	strong	#	ZERO	CV-DYN-IRR-RDP-order	ZERO	#	INAN=	don't	do-PV	=3PL.GEN	sugar	#	INAN=	don't	do-PV	=3PL.GEN	palm.sugar.brandy,"But if that's a really strong drink, (they) will obtain (it), they won't make (hard) palm sugar and they won't make palm sugar brandy.",en,WORD_ALIGNED,,kiniar02_mp3 kiniar02_wav kiniar02_eaf kiniar02_xml kiniar02_tsv,,487902,493810,#ac	other	other	pro:s	other	np:pred	rn	##	0:p_u	v:pred	0.h:a_u	##neg	=other	other	v:pred	=pro.h:a_u	np:p_u	##neg	=other	other	v:pred	=pro.h:a_u	np:p_u,,kiniar02
kiniar02_0138,mctondano,pakoo' entè' parerèrèo',#	i-pa-koo'	entè'	i-pa-Ce-rèo-rèo'	ZERO,#	CV-DYN-drink	strong	CV-DYN-IRR-RDP-order	ZERO,(They) would obtain the strong drink.,en,MORPHEME_ALIGNED,,kiniar02_mp3 kiniar02_wav kiniar02_eaf kiniar02_xml kiniar02_tsv,,493980,496845,##	np:p_u	rn	v:pred	0.h:a_u,,kiniar02
kiniar02_0139,mctondano,ee en,#	ee	N=,#	HES	INAN=,Erh the,en,MORPHEME_ALIGNED,,kiniar02_mp3 kiniar02_wav kiniar02_eaf kiniar02_xml kiniar02_tsv,,499460,500568,#nc	nc	nc,,kiniar02
kiniar02_0140,mctondano,timpa iti'i ee,timpa'	iti'i	ee,palm.sugar.sap	DEM2	HES,"that palm sugar sap, erh",en,MORPHEME_ALIGNED,,kiniar02_mp3 kiniar02_wav kiniar02_eaf kiniar02_xml kiniar02_tsv,,500858,502218,nc	nc	nc,,kiniar02
kiniar02_0141,mctondano,"sa koano, menewel",#	sa	ko=	ano	meN-tewel,#	if	2SG.NOM=	NON.SPEC	AV.DYN-drunk,"When you what's it, get drunk.",en,MORPHEME_ALIGNED,,kiniar02_mp3 kiniar02_wav kiniar02_eaf kiniar02_xml kiniar02_tsv,,505020,507720,#ac	other	=pro.2:s	other	v:pred,,kiniar02
kiniar02_0142,mctondano,menewel tou,#	meN-tewel	tow,#	AV.DYN-drunk	person,The people get drunk.,en,MORPHEME_ALIGNED,,kiniar02_mp3 kiniar02_wav kiniar02_eaf kiniar02_xml kiniar02_tsv,,508310,510030,##	v:pred	np.h:s,,kiniar02
kiniar02_0143,mctondano,ya siwio siniato nètu'a rior,#	ya	si=	wio	si=	<in>ato-en	nè=	tu'a	rior,#	AFF	AN.SG=	wild.pig	3SG.NOM=	<PST>look-PV	AN.PL.GEN=	old	fast,"The wild boar, the elders from before saw it.",en,MORPHEME_ALIGNED,,kiniar02_mp3 kiniar02_wav kiniar02_eaf kiniar02_xml kiniar02_tsv,,510420,513360,##	nc	=ln	np:dt_p_u	=pro:p_u	v:pred	=ln	np.h:a_u	rn,,kiniar02
kiniar02_0144,mctondano,ikimaan pulenka',#	si=	k<im>aan	pulenka,#	3SG.NOM=	<AV.PST>rice	sugar.palm.fruit,"It (the wild pig) ate the sugar palm tree fruit,",en,MORPHEME_ALIGNED,,kiniar02_mp3 kiniar02_wav kiniar02_eaf kiniar02_xml kiniar02_tsv,,513522,515061,##	=pro:a_a	v:pred	np:p_a,,kiniar02
kiniar02_0145,mctondano,sitinewel kinawèèan tekel tu nakel embawa nakel,#	si=	t<in>ewel-en	ZERO	#	k<in>a-wèè-an	ZERO	tekel	witu	N=	akel	N=	wawa	N=	akel,#	3SG.NOM=	<PST>drunk-PV	ZERO	#	PST-POT-give.offer-LV	ZERO	sleep	PREP2	INAN=	sugar.palm.tree	INAN=	below	INAN=	sugar.palm.tree,"(The sugar palm tree fruit) makes him (the wild pig) drunk, it brings him sleep by the sugar palm tree, under the palm sugar tree.",en,WORD_ALIGNED,,kiniar02_mp3 kiniar02_wav kiniar02_eaf kiniar02_xml kiniar02_tsv,,515063,518573,##	=pro.h:p_u	v:pred	0.h:a_u	##	v:pred	0.h:a_u	np:p_u	adp	nc	nc	nc	ln	=ln	np:l,,kiniar02
kiniar02_0146,mctondano,ni'tumou kinetarèan nètu'a rior minaka'ato entimpa',#	ni'tu	=mow	ZERO	k<in>a-tarè-an	nè=	tu'a	rior	#	ZERO	m<in>aka-ato	N=	timpa',#	DEM2	=CMP	ZERO	POT-PST-new-LV	AN.PL.GEN=	old	fast	#	ZERO	POT-PST-look	INAN=	palm.sugar.sap,"So that the early elders could discover first (the palm sugar sap), (they) had obtained the palm sugar sap.",en,WORD_ALIGNED,,kiniar02_mp3 kiniar02_wav kiniar02_eaf kiniar02_xml kiniar02_tsv,,518745,523124,#ac	pro:other	=other	0:p_u	v:pred	=ln	np.h:a_u	rn	##	0.h:a_a	v:pred	=ln	np:p_a,,kiniar02
kiniar02_0147,mctondano,"aa, pesar ee pa, pa",aa	pesar	ee	pa	pa,HES	HES	HES	HES	HES,...,en,MORPHEME_ALIGNED,,kiniar02_mp3 kiniar02_wav kiniar02_eaf kiniar02_xml kiniar02_tsv,,524868,529433,nc	nc	nc	nc	nc,,kiniar02
kiniar02_0148,mctondano,pawèèanamou itu nuka enano,#	pa-wèè-an	=na	=mow	witu	N=	uka	N=	ano,#	DYN-give-LV	=3SG.GEN	=CMP	PREP2	INAN=	(half)coconut.shell	INAN=	NON.SPEC,"He puts the what's it in the half coconut shell,",en,MORPHEME_ALIGNED,,kiniar02_mp3 kiniar02_wav kiniar02_eaf kiniar02_xml kiniar02_tsv,,530430,532810,##	v:pred	=pro.h:a_u	=rv	adp	=ln	np:g	nc	nc,,kiniar02
kiniar02_0149,mctondano,"gula, pawèèanamou itu nuka",gula	#	ZERO	pa-wèè-an	=na	=mow	witu	N=	uka,sugar	#	ZERO	DYN-give-PV	=3SG.GEN	=CMP	PREP2	INAN=	(half)coconut.shell,the palm sugar. He puts (it) in the half coconut shell.,en,MORPHEME_ALIGNED,,kiniar02_mp3 kiniar02_wav kiniar02_eaf kiniar02_xml kiniar02_tsv,,533380,536380,np:p_u	##	0:p_u	v:pred	=pro.h:a_u	=rv	adp	=ln	np:g,,kiniar02
kiniar02_0150,mctondano,papaghegheran sè itu kumete'mou,#	ZERO	pa-pa-ghegher-an	ZERO	#	sa	itu	k<um>etè'	=mow,#	ZERO	CAUS-DYN-cold-LV	ZERO	#	if	DEM2	<AV>hard	=CMP,(They) cool (it) down when it's already hardened.,en,MORPHEME_ALIGNED,,kiniar02_mp3 kiniar02_wav kiniar02_eaf kiniar02_xml kiniar02_tsv,,539813,542573,##	0:p_u	v:pred	0.h:a_u	#ac	other	pro:s	v:pred	=other,,kiniar02
kiniar02_0151,mctondano,nèi rou'mou itu nuka ee gula,#	ZERO	nèy	row'	ZERO	=mow	witu	N=	uka	ee	gula,#	ZERO	CV.PST	far	ZERO	=CMP	PREP2	INAN=	(half)coconut.shell	HES	sugar,"(They) have removed (it) from the half coconut shell, the palm sugar.",en,MORPHEME_ALIGNED,,kiniar02_mp3 kiniar02_wav kiniar02_eaf kiniar02_xml kiniar02_tsv,,542868,545709,##	0:p_u	lv	v:pred	0.h:a_u	=rv	adp	=ln	np:l	nc	np:dt_p_u,,kiniar02
kiniar02_0152,mctondano,paberesi ee rumping,#	i-pa-weresi	ZERO	ee	rumping,#	CV-DYN-clean	ZERO	HES	wok,"(They) clean the erh, wok.",en,MORPHEME_ALIGNED,,kiniar02_mp3 kiniar02_wav kiniar02_eaf kiniar02_xml kiniar02_tsv,,546428,548232,##	v:pred	0.h:a_u	nc	np:p_u,,kiniar02
kiniar02_0153,mctondano,kaa pesiwon eee,#	ka'a	ZERO	pa-siwo-en	ZERO	eee,#	because	ZERO	DYN-do-PV	ZERO	HES,Because (they) make (it) erh.,en,MORPHEME_ALIGNED,,kiniar02_mp3 kiniar02_wav kiniar02_eaf kiniar02_xml kiniar02_tsv,,549055,551447,#ac	other	0:p_u	v:pred	0.h:a_u	nc,,kiniar02
kiniar02_0154,mctondano,kasi sè itu ano siwonèamoukè weru,#	kasi	sa	itu	ano	#	siwo-en	=nèa	=mow	=kè	ZERO	weru,#	more	if	DEM2	NON.SPEC	#	do-PV	=3PL.GEN	=CMP	=EPIS	ZERO	fresh,"If again that's a what's it, supposedly they would now make a new (batch).",en,MORPHEME_ALIGNED,,kiniar02_mp3 kiniar02_wav kiniar02_eaf kiniar02_xml kiniar02_tsv,,551492,554927,#ac	other	other	pro:s	other:pred	##	v:pred	=pro.h:a_u	=rv	=rv	0:p_u	rn,,kiniar02
kiniar02_0155,mctondano,ta'an nèi musti beresiberesi kaa,#	ta'an	ZERO	nèy	musti	weresi-weresi	ZERO	#	ka'a,#	however	ZERO	CV.PST	AUX.must	RDP-clean	ZERO	#	because,But (they) had to clean (it) because,en,MORPHEME_ALIGNED,,kiniar02_mp3 kiniar02_wav kiniar02_eaf kiniar02_xml kiniar02_tsv,,555520,558270,##	other	0:p_u	lv	aux	v:pred	0.h:a_u	#nc	nc,,kiniar02
kiniar02_0156,mctondano,pengidopan èi wèta,pengidopan	èy	wèta,NR-life-NR	PART	PART,this sustenance hey wow.,en,WORD_ALIGNED,,kiniar02_mp3 kiniar02_wav kiniar02_eaf kiniar02_xml kiniar02_tsv,,558459,560376,nc	nc	nc,,kiniar02
kiniar02_0157,mctondano,"ee ma, engula ye'ikan, pa",#	ee	ma	N=	gula	ye'i	=kan	pa,#	HES	HES	INAN=	sugar	DEM1	=also	HES,"Erh, this sugar also",en,MORPHEME_ALIGNED,,kiniar02_mp3 kiniar02_wav kiniar02_eaf kiniar02_xml kiniar02_tsv,,561670,564670,##	nc	nc	=ln	np:p_u	rn	=rn	nc,,kiniar02
kiniar02_0158,mctondano,pewangkèr wia sitou walina,i-pa-wangkèr	ZERO	wia	si=	tow	walina,CV-DYN-sell	ZERO	PREP1	AN.SG=	person	other,they sell to other people.,en,MORPHEME_ALIGNED,,kiniar02_mp3 kiniar02_wav kiniar02_eaf kiniar02_xml kiniar02_tsv,,564803,566975,v:pred	0.h:a_u	adp	=ln	np.h:g	rn,,kiniar02
kiniar02_0159,mctondano,sè itu rèi' beresi engkaa soo nètou meteteles,#	sa	itu	rèy'	weresi	#	N=	ka'a	so'o	sè=	tow	ma-Ce-teles	ZERO,#	if	DEM2	not	clean	#	INAN=	because	AUX.not.want	AN.PL=	person	AV.DYN-IRR-buy	ZERO,"If that is not clean, then the people don't want to buy it.",en,MORPHEME_ALIGNED,,kiniar02_mp3 kiniar02_wav kiniar02_eaf kiniar02_xml kiniar02_tsv,,567220,570521,##neg	other	pro:s	other	other:pred	#ac	=other	other	aux	=ln	np.h:a_a	v:pred	0:p_a,,kiniar02
kiniar02_0160,mctondano,èi pawèènèamou itu nuka,#	èy	ZERO	pa-wèè-en	=nèa	=mow	witu	N=	uka,#	PART	ZERO	DYN-give-PV	=3PL.GEN	=CMP	PREP2	INAN=	(half)coconut.shell,Hey they put (the hardened palm sugar sap) in a half coconut shell.,en,MORPHEME_ALIGNED,,kiniar02_mp3 kiniar02_wav kiniar02_eaf kiniar02_xml kiniar02_tsv,,572245,574551,##	nc	0:p_u	v:pred	=pro.h:a_u	=rv	adp	=ln	np:g,,kiniar02
kiniar02_0161,mctondano,papaghegheran,#	ZERO	pa-pa-ghegher-an	ZERO,#	ZERO	CAUS.DYN-cold-LV	ZERO,(They) cool (it) down.,en,WORD_ALIGNED,,kiniar02_mp3 kiniar02_wav kiniar02_eaf kiniar02_xml kiniar02_tsv,,574710,577180,##	0:p_u	v:pred	0.h:a_u,,kiniar02
kiniar02_0162,mctondano,papaghegheran,#	ZERO	pa-pa-ghegher-an	ZERO,#	ZERO	CAUS.DYN-cold-LV	ZERO,(They) cool (it) down.,en,WORD_ALIGNED,,kiniar02_mp3 kiniar02_wav kiniar02_eaf kiniar02_xml kiniar02_tsv,,579683,580999,##	0:p_u	v:pred	0.h:a_u,,kiniar02
kiniar02_0163,mctondano,enuka iti'i mèmang,#	N=	uka	iti'i	mèmang,#	INAN=	(half)coconut.shell	DEM2	truly,"That half coconut shell is truly,",en,MORPHEME_ALIGNED,,kiniar02_mp3 kiniar02_wav kiniar02_eaf kiniar02_xml kiniar02_tsv,,582790,584791,#nc	nc	nc	nc	nc,,kiniar02
kiniar02_0164,mctondano,ee,ee,HES,uh,en,MORPHEME_ALIGNED,,kiniar02_mp3 kiniar02_wav kiniar02_eaf kiniar02_xml kiniar02_tsv,,585891,587181,nc,,kiniar02
kiniar02_0165,mctondano,laker nuka nèi wèè,#	laker	N=	uka	nèi	wèè	ZERO,#	many	INAN=	(half)coconut.shell	CV.PST	give	ZERO,(They) have added many half coconut shells.,en,MORPHEME_ALIGNED,,kiniar02_mp3 kiniar02_wav kiniar02_eaf kiniar02_xml kiniar02_tsv,,591833,593890,##	ln	=ln	np:p_u	lv	v:pred	0.h:a_u,,kiniar02
kiniar02_0166,mctondano,nèi wèè itu enano,#	ZERO	nèy	wèè	ZERO	witu	N=	ano,#	ZERO	CV.PST	give	ZERO	PREP2	INAN=	NON.SPEC,"(They) put (it) in the what's it,",en,MORPHEME_ALIGNED,,kiniar02_mp3 kiniar02_wav kiniar02_eaf kiniar02_xml kiniar02_tsv,,594093,595447,##	0:p_u	lv	v:pred	0.h:a_u	adp	nc	nc,,kiniar02
kiniar02_0167,mctondano,eee,eee,HES,erh,en,MORPHEME_ALIGNED,,kiniar02_mp3 kiniar02_wav kiniar02_eaf kiniar02_xml kiniar02_tsv,,596010,598110,nc,,kiniar02
kiniar02_0168,mctondano,tabelang,tabelang,hard.bamboo,the hard bamboo tube.,en,MORPHEME_ALIGNED,,kiniar02_mp3 kiniar02_wav kiniar02_eaf kiniar02_xml kiniar02_tsv,,598970,600740,np:g,,kiniar02
kiniar02_0169,mctondano,tinaghinèa,#	ZERO	t<in>aghi'-en	=nèa,#	ZERO	<PST>chop-PV	=3PL.GEN,They've chopped up (the smaller hard bamboo tube).,en,MORPHEME_ALIGNED,,kiniar02_mp3 kiniar02_wav kiniar02_eaf kiniar02_xml kiniar02_tsv,,600880,602630,##	0:p_u	v:pred	=pro.h:a_u,,kiniar02
kiniar02_0170,mctondano,siniwonèa tu ee,#	siwo-en	=nèa	itu	ee,#	do-PV	=3PL.GEN	DEM2	HES,"They would make that, erh.",en,MORPHEME_ALIGNED,,kiniar02_mp3 kiniar02_wav kiniar02_eaf kiniar02_xml kiniar02_tsv,,603030,605550,##	v:pred	=pro.h:a_u	pro:p_u	nc,,kiniar02
kiniar02_0171,mctondano,pawèèna nuka,#	pa-wèè-en	=na	N=	uka,#	DYN-give-PV	=3SG.GEN	INAN=	(half)coconut.shell,He adds some half coconut shells.,en,MORPHEME_ALIGNED,,kiniar02_mp3 kiniar02_wav kiniar02_eaf kiniar02_xml kiniar02_tsv,,606810,609150,##	v:pred	=pro.h:a_u	=ln	np:p_u,,kiniar02
kiniar02_0172,mctondano,papaghegheran,#	ZERO	pa-pa-ghegher-an	ZERO,#	ZERO	CAUS.DYN-cold-LV	ZERO,(They) cool the (hot palm sugar) down.,en,WORD_ALIGNED,,kiniar02_mp3 kiniar02_wav kiniar02_eaf kiniar02_xml kiniar02_tsv,,610459,612173,##	0:p_u	v:pred	0.h:a_u,,kiniar02
kiniar02_0173,mctondano,eee sè,#	eee	sè=,#	HES	HES,Erh the,en,WORD_ALIGNED,,kiniar02_mp3 kiniar02_wav kiniar02_eaf kiniar02_xml kiniar02_tsv,,614680,616280,##	nc	nc,,kiniar02
kiniar02_0174,mctondano,"sètelu, telu tou sèmemèan i'i",sè=	telu	tou	sè=	meN-pè'an	iti'i,AN.PL=	three	person	3PL.NOM=	AV.DYN-taste	DEM2,"the three people, they taste that.",en,MORPHEME_ALIGNED,,kiniar02_mp3 kiniar02_wav kiniar02_eaf kiniar02_xml kiniar02_tsv,,616280,619710,=ln	ln	np.h:dt_a_a	=pro.h:a_a	v:pred	pro:p_a,,kiniar02
kiniar02_0175,mctondano,ya sèa,#	ya	sèa,#	AFF	HES,"Yes, they",en,MORPHEME_ALIGNED,,kiniar02_mp3 kiniar02_wav kiniar02_eaf kiniar02_xml kiniar02_tsv,,620460,621710,#nc	nc	nc,,kiniar02
kiniar02_0176,mctondano,laker gula mèa',laker	gula	mèa',many	sugar	red,a lot of palm sugar,en,MORPHEME_ALIGNED,,kiniar02_mp3 kiniar02_wav kiniar02_eaf kiniar02_xml kiniar02_tsv,,621954,623810,nc	nc	nc,,kiniar02
kiniar02_0177,mctondano,èi maka'atola laker loit sèa,#	èy	maka-ato	=la	laker	loit	sèa,#	AFF	AV.POT-look	=DIR.PROX	many	money	3PL,"Hey, they get a lot of money (from the palm sugar).",en,MORPHEME_ALIGNED,,kiniar02_mp3 kiniar02_wav kiniar02_eaf kiniar02_xml kiniar02_tsv,,623810,626590,##	nc	v:pred	=rv	ln	np:p_a	pro.h:a_a,,kiniar02
kiniar02_0178,mctondano,ee wètèngenè' telu,#	ee	wètèng-en	=nèa	telu,#	HES	divide-PV	=3PL.GEN	three,"Erh, they'll divide into three (the money).",en,MORPHEME_ALIGNED,,kiniar02_mp3 kiniar02_wav kiniar02_eaf kiniar02_xml kiniar02_tsv,,627030,629220,##	nc	v:pred	=pro.h:a_u	pro:p_u,,kiniar02
kiniar02_0179,mctondano,"lakerè, ee bitupè' rumping",#	laker	=pè'	ZERO	witu	=pè'	rumping,#	many	=INCMP	ZERO	PREP2	=INCMP	wok,Still a lot (of palm sugar) still in the wok.,en,MORPHEME_ALIGNED,,kiniar02_mp3 kiniar02_wav kiniar02_eaf kiniar02_xml kiniar02_tsv,,636665,639433,##	ln	=other	0:s	adp	=other	np:pred_l,,kiniar02
kiniar02_0180,mctondano,pa,pa,HES,...,en,MORPHEME_ALIGNED,,kiniar02_mp3 kiniar02_wav kiniar02_eaf kiniar02_xml kiniar02_tsv,,639500,640890,nc,,kiniar02
kiniar02_0181,mctondano,pawèèpè' wia nuka,#	ZERO	i-pa-wèè	ZERO	=pè'	wia	N=	uka,#	ZERO	CV-DYN-give	ZERO	=INCMP	PREP1	INAN=	(half)coconut.shell,(He) still puts (palm sugar) into a half coconut shell.,en,MORPHEME_ALIGNED,,kiniar02_mp3 kiniar02_wav kiniar02_eaf kiniar02_xml kiniar02_tsv,,641501,643335,##	0:p_u	v:pred	0.h:a_u	=rv	adp	=ln	np:g,,kiniar02
kiniar02_0182,mctondano,aa empawèè itu nuka ku'a empapaghegheran,#	aa	N=	i-pa-wèè	ZERO	witu	N=	uka	ku'a	#	N=	pa-pa-ghegher-an	ZERO,#	HES	3SG.NOM=	CV-DYN-give	ZERO	PREP2	INAN=	(half)coconut.shell	PART	#	3SG.NOM=	CAUS-DYN-cold-LV	ZERO,"Ah, (they) put (it) in a half coconut shell then, (they) cool (it) down.",en,MORPHEME_ALIGNED,,kiniar02_mp3 kiniar02_wav kiniar02_eaf kiniar02_xml kiniar02_tsv,,645006,648016,##	nc	=pro:p_u	v:pred	0.h:a_u	adp	=ln	np:g	nc	##	=pro:p_u	v:pred	0.h:a_u,,kiniar02
kiniar02_0183,mctondano,rèi tu mina,#	rèy'	itu	mina,#	not	DEM2	HES,"That's not,",en,MORPHEME_ALIGNED,,kiniar02_mp3 kiniar02_wav kiniar02_eaf kiniar02_xml kiniar02_tsv,,651009,652676,#nc	nc	nc	nc,,kiniar02
kiniar02_0184,mctondano,"ee engula mèa iti'i wèè itu nuka, mamuali tabulèlèng",#	ee	N=	gula	mèa'	iti'i	i-wèè	ZERO	witu	N=	uka	#	ZERO	ma-muali	tabulèlèng,#	HES	INAN=	sugar	red	DEM2	CV-give	ZERO	PREP2	INAN=	(half)coconut.shell	#	ZERO	EV.STAT-become	sphere,Erh (they) will put that palm sugar in the half coconut shell. (It) becomes a sphere.,en,MORPHEME_ALIGNED,,kiniar02_mp3 kiniar02_wav kiniar02_eaf kiniar02_xml kiniar02_tsv,,661180,666200,##	nc	=ln	np:p_u	rn	rn	v:pred	0.h:a_u	adp	=ln	np:g	##	0:s	v:pred	np:other,,kiniar02
kiniar02_0185,mctondano,ta'an tabulèlèng senga parua,#	ta'an	tabulèlèng	senga	i-pa-rua	ZERO,#	however	sphere	one	CV-DYN-two	ZERO,But they divide the one sphere into two(i.e. it is halved as it is put in a half coconut shell).,en,MORPHEME_ALIGNED,,kiniar02_mp3 kiniar02_wav kiniar02_eaf kiniar02_xml kiniar02_tsv,,666521,669384,##	other	np:p_u	rn	v:pred	0.h:a_u,,kiniar02
kiniar02_0186,mctondano,eee,eee,HES,Erh,en,MORPHEME_ALIGNED,,kiniar02_mp3 kiniar02_wav kiniar02_eaf kiniar02_xml kiniar02_tsv,,676080,677660,nc,,kiniar02
kiniar02_0187,mctondano,dèi'amou,rèy'	=mow,not	=CMP,"no longer,",en,MORPHEME_ALIGNED,,kiniar02_mp3 kiniar02_wav kiniar02_eaf kiniar02_xml kiniar02_tsv,,677883,679575,nc	nc,,kiniar02
kiniar02_0188,mctondano,"eee, pengidopan nètou minahasa wia wia, entoudano",#	ee	pengidopan	nè=	tow	Minahasa	wia	wia	N=	Tondano,#	HES	NR-life-NR	AN.PL.GEN=	person	PN	HES	PREP1	INAN=	PN,"The sustenance of the Minahasan people is in, is in Tondano.",en,WORD_ALIGNED,,kiniar02_mp3 kiniar02_wav kiniar02_eaf kiniar02_xml kiniar02_tsv,,681125,686214,##	nc	np:s	=rn	rn_np.h:poss	rn_np	nc	adp	=ln	np:pred_l,,kiniar02
kiniar02_0189,mctondano,sèsèmengèèt,#	sè=	sè=	meN-kèèt	ZERO,#	HES	3PL.NOM=	AV.DYN-extract.sap	ZERO,"They, they extract (the sugar palm sap).",en,WORD_ALIGNED,,kiniar02_mp3 kiniar02_wav kiniar02_eaf kiniar02_xml kiniar02_tsv,,686546,689115,##	nc	=pro.h:a_a	v:pred	0:p_a,,kiniar02
kiniar02_0190,mctondano,"pèilanèa mengèèt, ya",#	pa-lila'-en	=nèa	#	ZERO	meN-kèèt	ZERO	ya,#	DYN-tongue-PV	=3PL.GEN	#	ZERO	AV.DYN-extract.sap	ZERO	AFF,"They say ""(they) extract (the palm sugar sap)"" yes.",en,MORPHEME_ALIGNED,,kiniar02_mp3 kiniar02_wav kiniar02_eaf kiniar02_xml kiniar02_tsv,,690478,691631,##	v:pred	=pro.h:a_u_ds	#ds	0.h:a_a	v:pred	0:p_a	nc,,kiniar02
kiniar02_0191,mctondano,"èsimandaritè tu empengidopan tu masiwo gula, masiwo sopi, wo",#	sè=	s<im>andar	=itè	itu	N=	pengidopan	#	tu	ZERO	ma-siwo	gula	#	ZERO	ma-siwo	sopi	#	wo	ZERO,#	3PL.NOM=	<AV.PST>lean.on	=LIM	DEM2	INAN=	NR-life-NR	#	then	ZERO	AV.DYN-do	sugar	#	ZERO	AV.DYN-do	palm.sugar.brandy	#	and	ZERO,"The just relied on that sustenance. Then (they) make palm sugar, (they) make palm sugar brandy and",en,WORD_ALIGNED,,kiniar02_mp3 kiniar02_wav kiniar02_eaf kiniar02_xml kiniar02_tsv,,692830,698522,##	=pro.h:a_a	v:pred	=rv	ln	=ln	np:p_a	##	other	0.h:a_a	v:pred	np:p_a	##	0.h:a_a	v:pred	np:p_a	##	other	0.h:a_a,,kiniar02
kiniar02_0192,mctondano,masiwo timpa' pakoo',ma-siwo	#	timpa'	i-pa-koo'	ZERO,AV.DYN-do	#	palm.sugar.wine	CV-DYN-drink	ZERO,(they) make palm sugar wine which (they) drink.,en,MORPHEME_ALIGNED,,kiniar02_mp3 kiniar02_wav kiniar02_eaf kiniar02_xml kiniar02_tsv,,698640,701490,v:pred	#rc:p_a	np:p_u	v:pred	0.h:a_u,,kiniar02
kiniar02_0193,mctondano,nakel iti'i kaberaguna nètou minahasa,#	N=	akel	iti'i	ka-berguna	nè=	tow	Minahasa,#	INAN=	sugar.palm.tree	DEM2	very-useful	AN.PL.GEN=	person	PN,That sugar palm tree is very useful for the Minahasa people.,en,MORPHEME_ALIGNED,,kiniar02_mp3 kiniar02_wav kiniar02_eaf kiniar02_xml kiniar02_tsv,,702550,706610,##	=ln	np:s	rn	other:pred	=rn	rn_np.h:poss	rn_np,,kiniar02
kiniar02_0194,mctondano,toudano,Tondano,PN,Tondano,en,MORPHEME_ALIGNED,,kiniar02_mp3 kiniar02_wav kiniar02_eaf kiniar02_xml kiniar02_tsv,,707407,709100,rn_np,,kiniar02
kiniar02_0195,mctondano,nèi,nèy,HES,...,en,MORPHEME_ALIGNED,,kiniar02_mp3 kiniar02_wav kiniar02_eaf kiniar02_xml kiniar02_tsv,,712520,713789,nc,,kiniar02
kiniar02_0196,mctondano,pelelia'kumèè wia niko kaa nèi paali nèpatuarita sitim waki mèlborn,#	ZERO	i-pa-Ce-lila'	=ku	=mèè	wia	nikow	#	ka'a	ZERO	nèy	pa-ali	nè=	patuari	=ta	si=	Tim	waki	Melbourne,#	ZERO	CV-DYN-tongue	=1SG.GEN	=DIR.MED	PREP1	2PL	#	because	ZERO	CV.PST	DYN-take	AN.PL.GEN=	nuclear.family	=1PL.IN.GEN	AN.SG=	PN	PREP1	PN,I will talk (about this) to you because our family member Tim has taken (it) to Melbourne.,en,WORD_ALIGNED,,kiniar02_mp3 kiniar02_wav kiniar02_eaf kiniar02_xml kiniar02_tsv,,713976,721226,##	0:p_u	v:pred	=pro.1:a_u	=rv	adp	pro:g	#ac	other	0:p_u	lv	v:pred	=ln	np:a_u	=rn_pro.1:poss	=ln	rn_np.h	adp	np:g,,kiniar02
kiniar02_0197,mctondano,itim sitou australita sikasa paar metete'ula embahasa toudano sapaitè toro pesesiwonta,#	si=	Tim	si=	tow	Australia	si=	kasa	pa'ar	ma-Ce-te'u	=la	N=	bahasa	Tondano	#	sapa	=itè	toro	pa-Ce-siwo-en	=ta,#	AN.SG=	PN	AN.SG=	person	PN	3SG.NOM=	very	AUX.want	AV.DYN-IRR-know	=DIR.PROX	INAN=	language	PN	#	what	=LIM	AUX.can	DYN-IRR-do-PV	=1PL.IN.GEN,"Tim the Australian, he really wants to learn the Tondano language. Just what we intend to do,",en,MORPHEME_ALIGNED,,kiniar02_mp3 kiniar02_wav kiniar02_eaf kiniar02_xml kiniar02_tsv,,723710,733203,##	=ln	ln_np.h	=ln	np.h:dt_a_a	rn_np	=pro.h:a_a	lv	aux	v:pred	=rv	=ln	np:p_a	rn_np	##	np:p_u	=other	aux	v:pred	=pro.h:a_u,,kiniar02
kiniar02_0198,mctondano,"wia empatoutouan, wia engkoatan yei",wia	N=	pa-tow-tow-an	wia	N=	ka-oat-an	ye'i,PREP1	INAN=	DYN-RDP-person-LV	PREP1	INAN=	NR-midday-NR	DEM1,"in this life, in this world.",en,MORPHEME_ALIGNED,,kiniar02_mp3 kiniar02_wav kiniar02_eaf kiniar02_xml kiniar02_tsv,,733522,736336,adp	=ln	np:l	adp	=ln	np:l	rn,,kiniar02
kiniar02_0199,mctondano,taruma kasè laker kaa kita simiritamou kasila,tarumakasè	laker	#	ka'a	kita	s<im>erita	=mow	kasi	=la	ZERO,give.thanks	many	#	because	1PL.IN	<AV.PST>story	=CMP	more	=DIR.PROX	ZERO,Thanks very much. Because we have now talked about (this) again.,en,MORPHEME_ALIGNED,,kiniar02_mp3 kiniar02_wav kiniar02_eaf kiniar02_xml kiniar02_tsv,,737594,741984,nc	nc	#ac	other	pro.1:a_a	v:pred	=rv	rv	=rv	0:p_a,,kiniar02
kiniar02_0200,mctondano,"tumodong, ee",#	t<um>odong	ee,#	<AV>directly	HES,"Up next, erh",en,MORPHEME_ALIGNED,,kiniar02_mp3 kiniar02_wav kiniar02_eaf kiniar02_xml kiniar02_tsv,,744720,746800,##	other	nc,,kiniar02
kiniar02_0201,mctondano,ee situ'a dèki tangkuman sisumusui,ee	si=	tu'a	Dèki	Tangkuman	si=	s<um>usui	ZERO,HES	AN.SG=	old	PN	PN	3SG.NOM=	<AV>speak	ZERO,"erh, the elder Deki Tangkuman, he will talk (about palm sugar)",en,MORPHEME_ALIGNED,,kiniar02_mp3 kiniar02_wav kiniar02_eaf kiniar02_xml kiniar02_tsv,,747448,751146,nc	=ln	np.h:dt_a_a	rn_np.h	rn_np.h	=pro.h:a_a	v:pred	0:p_a,,kiniar02
kiniar02_0202,mctondano,pakatu'an wo pakalawiran,paka-tu'a-an	wo	paka-lawir-en,COMP-old-LV	and	COMP-prosper-LV,Long life and happiness.,en,MORPHEME_ALIGNED,,kiniar02_mp3 kiniar02_wav kiniar02_eaf kiniar02_xml kiniar02_tsv,,752203,754133,nc	nc	nc,,kiniar02
kiniar02_0203,mctondano,cut,cut,cut,stop,en,MORPHEME_ALIGNED,,kiniar02_mp3 kiniar02_wav kiniar02_eaf kiniar02_xml kiniar02_tsv,,755587,756255,nc,,kiniar02
kiniar03_0001,mctondano,patuari waya niaku mesesusuila en,#	patuari	waya	niaku	ma-Ce-susui	N=,#	nuclear.family	all	1SG	AV.DYN-IRR-speak	INAN=,"Everybody, I will talk (about) the,",en,MORPHEME_ALIGNED,,kiniar03_mp3 kiniar03_wav kiniar03_eaf kiniar03_xml kiniar03_tsv,,1580,4580,##	nc	rn	pro.1:a_a	v:pred	=ln,,kiniar03
kiniar03_0002,mctondano,ee rinekman nipatuariku tim,ee	r<in>ekam-en	ni=	patuari	=ku	Tim,HES	<PST>record-PV	AN.SG.GEN=	nuclear.family	=1SG.GEN	PN,"recording of my family member, Tim",en,MORPHEME_ALIGNED,,kiniar03_mp3 kiniar03_wav kiniar03_eaf kiniar03_xml kiniar03_tsv,,5150,9150,nc	np:p_a	=rn	rn_np.h:poss	=rn_pro.1:poss	np.h:appos,,kiniar03
kiniar03_0003,mctondano,"waki lolah, tombulu, tomohon",waki	Lolah	Tombulu	Tomohon,PREP3	PN	PN	PN,"in Lolah (village), Tombulu, Tomohon (area).",en,MORPHEME_ALIGNED,,kiniar03_mp3 kiniar03_wav kiniar03_eaf kiniar03_xml kiniar03_tsv,,9450,12120,adp	np:l	rn_np	rn_np,,kiniar03
kiniar03_0004,mctondano,"ngaa, sè",#	ngaa	sè=,#	HES	HES,"Uh, they,",en,WORD_ALIGNED,,kiniar03_mp3 kiniar03_wav kiniar03_eaf kiniar03_xml kiniar03_tsv,,12984,15159,##	nc	nc,,kiniar03
kiniar03_0005,mctondano,èsimiwomou pèrèt,sè=	s<im>iwo	=mow	pèrèt,3PL.NOM=	<AV.PST>do	=CMP	HES,"they prepared some bats,",en,MORPHEME_ALIGNED,,kiniar03_mp3 kiniar03_wav kiniar03_eaf kiniar03_xml kiniar03_tsv,,15440,18748,=pro.h:a_a	v:pred	=rv	nc,,kiniar03
kiniar03_0006,mctondano,pèrèt itii,pèrèt	iti'i,bat	DEM2,"that bat,",en,MORPHEME_ALIGNED,,kiniar03_mp3 kiniar03_wav kiniar03_eaf kiniar03_xml kiniar03_tsv,,19820,22040,ln_np	ln,,kiniar03
kiniar03_0007,mctondano,wo sèèkawok,wo	sè=	sè=	kawok,and	HES	AN.PL=	rat,and the rats.,en,WORD_ALIGNED,,kiniar03_mp3 kiniar03_wav kiniar03_eaf kiniar03_xml kiniar03_tsv,,22040,25540,ln	nc	=ln	np:p_a,,kiniar03
kiniar03_0008,mctondano,"ngaa, èi",ngaa	èy,HES	PART,"Uh, hey.",en,MORPHEME_ALIGNED,,kiniar03_mp3 kiniar03_wav kiniar03_eaf kiniar03_xml kiniar03_tsv,,25670,28490,nc	nc,,kiniar03
kiniar03_0009,mctondano,pilapila nèpèrèt ti'in kaa,#	pilapila	nè=	pèrèt	iti'i	ka'a,#	wing	AN.PL.GEN=	bat	DEM2	because,"The wings of those bats, because,",en,MORPHEME_ALIGNED,,kiniar03_mp3 kiniar03_wav kiniar03_eaf kiniar03_xml kiniar03_tsv,,28650,32040,#ac	np:dt_p_u	=rn	rn_np:poss	rn	other,,kiniar03
kiniar03_0010,mctondano,penera'an kangkasi empilapilana taan musti,peN-sera'-an	ZERO	kangkasi	N=	pilapila	=na	#	ta'an	musti,DYN-meat-LV	ZERO	also	INAN=	wing	=3SG.GEN	#	however	AUX.must,"(they) prepare the bat's wings also. But (they) must,",en,MORPHEME_ALIGNED,,kiniar03_mp3 kiniar03_wav kiniar03_eaf kiniar03_xml kiniar03_tsv,,34820,38000,v:pred	0.h:a_u	other	=ln	np:p_u	=rn_pro:poss	#nc	nc	nc,,kiniar03
kiniar03_0011,mctondano,pali'pik,pali'pik,wingtips,"(the) wingtips,",en,MORPHEME_ALIGNED,,kiniar03_mp3 kiniar03_wav kiniar03_eaf kiniar03_xml kiniar03_tsv,,40430,42550,nc,,kiniar03
kiniar03_0012,mctondano,"pali'pik, patèwèl, patèwèl ninipèrèt empali'pikena",pali'pik	i-pa-tèwèl	i-pa-tèwèl	ni=	ni=	pèrèt	N=	pali'pik	=na,wingtips	HES	CV-DYN-fly	HES	AN.SG.GEN=	bat	INAN=	wingtips	=3SG.GEN,"wingtips, wings, the wings of the bat, are his wingtips.",en,WORD_ALIGNED,,kiniar03_mp3 kiniar03_wav kiniar03_eaf kiniar03_xml kiniar03_tsv,,42680,47620,nc	nc	nc	nc	nc	nc	nc	nc	nc,,kiniar03
kiniar03_0013,mctondano,penera'an kangkasi ta'an musti siluwanèla,#	ZERO	peN-sera'an	ZERO	kangkasi	#	ta'an	musti	ZERO	siruw-an	ZERO	=la,#	ZERO	DYN-meat-LV	ZERO	also	#	however	AUX.must	ZERO	burn.hair-LV	ZERO	=DIR.PROX,(They) also prepare (the wings). But (they) have to burn off (the hair).,en,WORD_ALIGNED,,kiniar03_mp3 kiniar03_wav kiniar03_eaf kiniar03_xml kiniar03_tsv,,48020,51270,##	0:p_u	v:pred	0.h:a_u	other	##	other	aux	0:p_u	v:pred	0.h:a_u	=rv,,kiniar03
kiniar03_0014,mctondano,"ee papato'nèami ikawok, kawok puti' ipus",#	ee	pa-pa-ato-en	=nèa	=mi	si=	kawok	kawok	puti'	ipus,#	PART	CAUS-DYN-look-PV	=3PL.GEN	=DIR.DIST	AN.SG=	HES	rat	white	tail,"Erh, they display the rat (to the camera), the white-tailed rat.",en,MORPHEME_ALIGNED,,kiniar03_mp3 kiniar03_wav kiniar03_eaf kiniar03_xml kiniar03_tsv,,51520,56510,##	nc	v:pred	=pro.h:a_u	=rv	=ln	nc	np:p_u	rn	rn_np,,kiniar03
kiniar03_0015,mctondano,"wèanou sèano, sè",#	wewèan	=mow	sè=	anu	sè=,#	EXIST	=CMP	AN.PL=	NON.SPEC	HES,"There are the whatsit, the,",en,WORD_ALIGNED,,kiniar03_mp3 kiniar03_wav kiniar03_eaf kiniar03_xml kiniar03_tsv,,60120,63570,##	other:predex	=other	=ln	nc	nc,,kiniar03
kiniar03_0016,mctondano,sèkawok wo sèpèrèt,sè=	kawok	wo	sè=	pèrèt,AN.PL=	rat	and	AN.PL=	bat,rats and the bats.,en,MORPHEME_ALIGNED,,kiniar03_mp3 kiniar03_wav kiniar03_eaf kiniar03_xml kiniar03_tsv,,63680,65610,=ln	ln_np	ln	=ln	np:s,,kiniar03
kiniar03_0017,mctondano,"èkawok ku'a sirèi'lèi pali'pik rè'ilèi tetèwèl ta'an sipèrèt siwewèan tetèwèl, ee",#	sè=	kawok	ku'a	si=	rèy'	=la	pali'pik	#	rèy'	=la	Ce-tèwèl	#	ta'an	si=	pèrèt	si=	wewèan	Ce-tèwèl	ee,#	AN.SG=	HES	PART	3SG=	EXIST.NEG	=DIR.PROX	wingtip	#	EXIST.NEG	=DIR.PROX	NR-fly	#	however	AN.SG=	bat	3SG=	EXIST	NR-fly	HES,"The rats, it has no wingtips, there are no wings. But the bat, it has wings.",en,MORPHEME_ALIGNED,,kiniar03_mp3 kiniar03_wav kiniar03_eaf kiniar03_xml kiniar03_tsv,,65713,74420,##	nc	nc	nc	=pro:dt	other:predex	=other	np:s	##	other:predex	=other	np:s	##	other	nc	nc	=pro:dt_s	other:predex	np:s	nc,,kiniar03
kiniar03_0018,mctondano,paa,paa,HES,Hmm.,en,MORPHEME_ALIGNED,,kiniar03_mp3 kiniar03_wav kiniar03_eaf kiniar03_xml kiniar03_tsv,,74959,75928,nc,,kiniar03
kiniar03_0019,mctondano,"paketorenèamou, pa",#	ZERO	pa-ketor-en	=nèa	=mow	pa,#	ZERO	DYN-slice-PV	=3PL.GEN	=CMP	HES,They slice up (the bat).,en,MORPHEME_ALIGNED,,kiniar03_mp3 kiniar03_wav kiniar03_eaf kiniar03_xml kiniar03_tsv,,76040,79170,##	0:p_u	v:pred	=pro.h:a_u	=rv	nc,,kiniar03
kiniar03_0020,mctondano,parou'n embaya,#	pa-row'-en	ZERO	N=	waya,#	DYN-far-PV	ZERO	INAN=	RDP,(They) remove all,en,MORPHEME_ALIGNED,,kiniar03_mp3 kiniar03_wav kiniar03_eaf kiniar03_xml kiniar03_tsv,,79350,82240,##	v:pred	0.h:a_u	=ln	ln,,kiniar03
kiniar03_0021,mctondano,"baya, riberek, baya dèi'",waya	riberek	#	waya	ZERO	rèy',all	entrail	#	all	ZERO	HES,"all the entrails. (They) don't ,",en,MORPHEME_ALIGNED,,kiniar03_mp3 kiniar03_wav kiniar03_eaf kiniar03_xml kiniar03_tsv,,82370,85280,ln	np:p_u	##neg	ln	0:p_u	nc,,kiniar03
kiniar03_0022,mctondano,rèi' pengaanen parou',rèy'	peN-kaan-en	ZERO	#	ZERO	i-pa-row'	ZERO,not	DYN-rice-PV	ZERO	#	ZERO	CV-DYN-far	ZERO,eat all (the entrails). (They) remove (them).,en,MORPHEME_ALIGNED,,kiniar03_mp3 kiniar03_wav kiniar03_eaf kiniar03_xml kiniar03_tsv,,85899,88209,other	v:pred	0.h:a_u	##	0:p_u	v:pred	0.h:a_u,,kiniar03
kiniar03_0023,mctondano,eee,eee,HES,Erh.,en,MORPHEME_ALIGNED,,kiniar03_mp3 kiniar03_wav kiniar03_eaf kiniar03_xml kiniar03_tsv,,88610,90360,nc,,kiniar03
kiniar03_0024,mctondano,parou' embaya,#	i-pa-row'	ZERO	N=	waya,#	CV-DYN-far	ZERO	INAN=	HES,"(They) remove all,",en,MORPHEME_ALIGNED,,kiniar03_mp3 kiniar03_wav kiniar03_eaf kiniar03_xml kiniar03_tsv,,90770,93050,##	v:pred	0.h:a_u	=ln	ln,,kiniar03
kiniar03_0025,mctondano,baya enano,waya	N=	anu,all	INAN=	NON.SPEC,all the whatsit.,en,MORPHEME_ALIGNED,,kiniar03_mp3 kiniar03_wav kiniar03_eaf kiniar03_xml kiniar03_tsv,,93070,94490,ln	=ln	np:p_u,,kiniar03
kiniar03_0026,mctondano,hmm tine'èi emparou'mi eee,#	hmm	tine'èi	N=	i-pa-row'	ZERO	=mi	eee,#	HES	intestine	3SG.NOM=	CV-DYN-far	ZERO	=DIR.DIST	HES,"hmm, the intestine, (they) remove it.",en,MORPHEME_ALIGNED,,kiniar03_mp3 kiniar03_wav kiniar03_eaf kiniar03_xml kiniar03_tsv,,94640,96923,##	nc	np:dt_p_u	=pro:p_u	v:pred	0.h:a_u	=rv	nc,,kiniar03
kiniar03_0027,mctondano,ee mèmang sèsiga'amou masiwo pèrèt sèa,#	ee	mèmang	sè=	siga'	=mow	ma-siwo	pèrèt	sèa,#	HES	truly	3PL.NOM=	AUX.capable	=CMP	AV.DYN-do	bat	3PL,"Erh, truly they are expert at preparing bats, they (are).",en,MORPHEME_ALIGNED,,kiniar03_mp3 kiniar03_wav kiniar03_eaf kiniar03_xml kiniar03_tsv,,100220,103580,##	nc	other	=pro.h:a_a	aux	=lv	v:pred	np:p_a	pro.h:dt_a_a,,kiniar03
kiniar03_0028,mctondano,"toulodakenè mèmang, èi wona èi",#	tow	lodaken	èy	mèmang	èy	wona	èy,#	like	NC	PART	truly	PART	perhaps	PART,"Like, hey truly, perhaps, hey.",en,MORPHEME_ALIGNED,,kiniar03_mp3 kiniar03_wav kiniar03_eaf kiniar03_xml kiniar03_tsv,,106620,110160,#nc	nc	nc	nc	nc	nc	nc	nc,,kiniar03
kiniar03_0029,mctondano,pesaputenèa,#	ZERO	pa-saput-en	=nèa,#	ZERO	DYN-cover	=3PL.GEN,They cover (the bat ) up (in a bag).,en,WORD_ALIGNED,,kiniar03_mp3 kiniar03_wav kiniar03_eaf kiniar03_xml kiniar03_tsv,,112887,114406,##	0:p_u	v:pred	=pro.h:a_u,,kiniar03
kiniar03_0030,mctondano,pasiruwan ano,#	pa-siruw-an	ZERO	ano,#	DYN-burn.hair	ZERO	NON.SPEC,"They burn off the whatsit,",en,WORD_ALIGNED,,kiniar03_mp3 kiniar03_wav kiniar03_eaf kiniar03_xml kiniar03_tsv,,118000,119940,##	v:pred	0.h:a_u	nc,,kiniar03
kiniar03_0031,mctondano,wuuk witu pali'pik,wu'uk	witu	pali'pik,hair	PREP2	wingtip,the hair from the wingtips.,en,MORPHEME_ALIGNED,,kiniar03_mp3 kiniar03_wav kiniar03_eaf kiniar03_xml kiniar03_tsv,,120756,123056,np:p_u	adp	np:l,,kiniar03
kiniar03_0032,mctondano,witu enano,witu	N=	anu,PREP2	INAN=	NON.SPEC,"on the whatsit,",en,MORPHEME_ALIGNED,,kiniar03_mp3 kiniar03_wav kiniar03_eaf kiniar03_xml kiniar03_tsv,,123670,125130,nc	nc	nc,,kiniar03
kiniar03_0033,mctondano,"witu keketotan nèano, nèpèrèt",witu	Ce-ketot-an	nè=	ano	nè=	pèrèt,PREP2	NR-urine-LV	AN.PL.GEN=	NON.SPEC	AN.PL.GEN=	bat,"on the bladder of the whatsit, of the bat.",en,MORPHEME_ALIGNED,,kiniar03_mp3 kiniar03_wav kiniar03_eaf kiniar03_xml kiniar03_tsv,,125685,128785,nc	nc	nc	nc	nc	nc,,kiniar03
kiniar03_0034,mctondano,pakethozani pèrèt ku'a,#	pa-ketot-an	ZERO	=mi	pèrèt	ku'a,#	DYN-urine-LV	ZERO	=DIR.DIST	bat	PART,"(They) de-bladder the bat (remove it's bladder), then.",en,MORPHEME_ALIGNED,,kiniar03_mp3 kiniar03_wav kiniar03_eaf kiniar03_xml kiniar03_tsv,,130210,132060,##	v:pred	0.h:a_u	=rv	np:p_u	nc,,kiniar03
kiniar03_0035,mctondano,"sia sa sia, maketot mana engkokongena, empaketothanou",#	sia	sa	sia	ma-ketot	mana	N=	kokong	=na	#	N=	pa-ketot-an	ZERO	=mow,#	HES	if	3SG	EV.STAT-urine	PREP2	INAN=	head	=3SG.GEN	#	3SG.NOM=	DYN-urine-LV	ZERO	=CMP,If he (the) bat urinates on its head (involuntarily). (They) de-bladder it.,en,MORPHEME_ALIGNED,,kiniar03_mp3 kiniar03_wav kiniar03_eaf kiniar03_xml kiniar03_tsv,,132250,136440,#ac	nc	other	pro:s	v:pred	adp	=ln	np:g	=rn_pro:poss	##	=pro:p_u	v:pred	0.h:a_u	=rv,,kiniar03
kiniar03_0036,mctondano,"ni'tumou sèpèrèt ni sè, sa koghumorem tu",#	ni'tu	=mow	sè=	pèrèt	ini	sa	ko=	gh<um>orem	witu,#	DEM2	=CMP	AN.PL=	bat	DEM1	if	2SG.NOM=	<AV>enter	PREP2,"So that these bats here, if you enter",en,MORPHEME_ALIGNED,,kiniar03_mp3 kiniar03_wav kiniar03_eaf kiniar03_xml kiniar03_tsv,,136510,141310,#ac	other	=other	nc	nc	nc	other	=pro.2:s	v:pred	adp,,kiniar03
kiniar03_0037,mctondano,"ee ruraar, mawou ketot, tampa nèpèrèt tii",ee	ruraar	#	ZERO	ma-wou	ketot	#	tampa	nè=	pèrèt	iti'i,HES	cave	#	ZERO	EV.STAT-small	urine	#	place	AN.PL.GEN=	bat	DEM2,"into a cave. You smell urine, (then) that is the bat's place.",en,MORPHEME_ALIGNED,,kiniar03_mp3 kiniar03_wav kiniar03_eaf kiniar03_xml kiniar03_tsv,,141630,145800,nc	np:l	##	0.2:a_a	v:pred	np:p_a	##	np:pred	=rn	rn_np:poss	pro:s,,kiniar03
kiniar03_0038,mctondano,èpaketorenamou,#	sè=	pa-ketor-en	=na	=mow,#	3PL.NOM=	DYN-slice-PV	=3SG.GEN	=CMP,He slices them up.,en,MORPHEME_ALIGNED,,kiniar03_mp3 kiniar03_wav kiniar03_eaf kiniar03_xml kiniar03_tsv,,146441,148951,##	=pro:p_u	v:pred	=pro.h:a_u	=rv,,kiniar03
kiniar03_0039,mctondano,"o kela, i",o	kala	si=,PART	PART	HES,"Oh wow the,",en,WORD_ALIGNED,,kiniar03_mp3 kiniar03_wav kiniar03_eaf kiniar03_xml kiniar03_tsv,,149830,152170,nc	nc	nc,,kiniar03
kiniar03_0040,mctondano,iwewènè ti'i mèmang kasa siga' ee,#	si=	wewènè	iti'i	mèmang	kasa	siga'	ee,#	AN.SG=	woman	DEM2	truly	very	AUX.capable	ee,"the woman is really expert at (it),",en,MORPHEME_ALIGNED,,kiniar03_mp3 kiniar03_wav kiniar03_eaf kiniar03_xml kiniar03_tsv,,152290,154750,#nc	nc	nc	nc	nc	nc	nc	nc,,kiniar03
kiniar03_0041,mctondano,ee paiwuana sipèrèt,#	ee	pa-iwu-an	=na	si=	pèrèt,#	HES	DYN-slice-LV	=3SG.GEN	AN.SG=	bat,"Erh, she slices up the bat.",en,MORPHEME_ALIGNED,,kiniar03_mp3 kiniar03_wav kiniar03_eaf kiniar03_xml kiniar03_tsv,,155010,157880,##	nc	v:pred	=pro.h:a_u	=ln	np:p_u,,kiniar03
kiniar03_0042,mctondano,o dèi',o	rèy',PART	not,Oh not.,en,MORPHEME_ALIGNED,,kiniar03_mp3 kiniar03_wav kiniar03_eaf kiniar03_xml kiniar03_tsv,,162613,163875,nc	nc,,kiniar03
kiniar03_0043,mctondano,"aa ss, oo",aa	ss	oo,HES	HES	HES,Aah.,en,MORPHEME_ALIGNED,,kiniar03_mp3 kiniar03_wav kiniar03_eaf kiniar03_xml kiniar03_tsv,,164100,166410,nc	nc	nc,,kiniar03
kiniar03_0044,mctondano,paa,paa,HES,Hmm.,en,MORPHEME_ALIGNED,,kiniar03_mp3 kiniar03_wav kiniar03_eaf kiniar03_xml kiniar03_tsv,,169089,169898,nc,,kiniar03
kiniar03_0045,mctondano,parintekenamou sipèrèt,#	pa-rintek-en	=na	=mow	si=	pèrèt,#	DYN-small-PV	=3SG.GEN	=CMP	AN.SG=	bat,He dices up the bat.,en,MORPHEME_ALIGNED,,kiniar03_mp3 kiniar03_wav kiniar03_eaf kiniar03_xml kiniar03_tsv,,169960,172280,##	v:pred	=pro.h:a_u	=rv	=ln	np:p_u,,kiniar03
kiniar03_0046,mctondano,pe,pe,HES,"Hmm,",en,MORPHEME_ALIGNED,,kiniar03_mp3 kiniar03_wav kiniar03_eaf kiniar03_xml kiniar03_tsv,,175309,176567,nc,,kiniar03
kiniar03_0047,mctondano,èi loo' aa ma,èy	loo'	aa	ma,PART	HES	HES	HES,"eh, erh, aah.",en,MORPHEME_ALIGNED,,kiniar03_mp3 kiniar03_wav kiniar03_eaf kiniar03_xml kiniar03_tsv,,177739,180077,nc	nc	nc	nc,,kiniar03
kiniar03_0048,mctondano,"kaa lèi'èkè wona empa, parepu'enèaitè'",#	ka'a	lèi'èkè	wona'	N=	pa	pa-repu'-an	=nèa	=itè,#	because	NC	perhaps	3SG.NOM=	HES	DYN-break-PV	=3PL.GEN	=LIM,Because (it's)... perhaps they just break it up [the bat meat].,en,MORPHEME_ALIGNED,,kiniar03_mp3 kiniar03_wav kiniar03_eaf kiniar03_xml kiniar03_tsv,,180842,183822,#ac	other	nc	other	=pro:p_u	nc	v:pred	=pro.h:a_u	=rv,,kiniar03
kiniar03_0049,mctondano,"ng, wèènamou itu",#	wèè-en	=na	=mow	itu,#	give-PV	=3SG.GEN	=CMP	DEM2,"Uhm, he will add it (into the water).",en,MORPHEME_ALIGNED,,kiniar03_mp3 kiniar03_wav kiniar03_eaf kiniar03_xml kiniar03_tsv,,186190,188936,##	v:pred	=pro.h:a_u	=rv	pro:p_u,,kiniar03
kiniar03_0050,mctondano,"aaa pa, parerebusanamou",#	aaa	ZERO	pa	pa-Ce-rebus-an	=na	=mow,#	HES	ZERO	HES	DYN-IRR-boil-LV	=3SG.GEN	=CMP,"Ah, he will boil (the bat ).",en,MORPHEME_ALIGNED,,kiniar03_mp3 kiniar03_wav kiniar03_eaf kiniar03_xml kiniar03_tsv,,189010,193750,##	nc	0:p_u	nc	v:pred	=pro.h:a_u	=rv,,kiniar03
kiniar03_0051,mctondano,pelelugan,#	ZERO	pa-Ce-luga'-en	ZERO,#	ZERO	DYN-IRR-boil-PV	ZERO,(He) will boil (the bat).,en,MORPHEME_ALIGNED,,kiniar03_mp3 kiniar03_wav kiniar03_eaf kiniar03_xml kiniar03_tsv,,194570,196910,##	0:p_u	v:pred	0.h:a_u,,kiniar03
kiniar03_0052,mctondano,peleluganou wo,#	ZERO	pa-Ce-luga'-en	ZERO	=mow	#	wo,#	ZERO	DYN-IRR-boil-PV	ZERO	=CMP	#	and,(He) will boil (the bat) and...,en,MORPHEME_ALIGNED,,kiniar03_mp3 kiniar03_wav kiniar03_eaf kiniar03_xml kiniar03_tsv,,197170,199610,##	0:p_u	v:pred	0.h:a_u	=rv	##	other,,kiniar03
kiniar03_0053,mctondano,"eee, nèi, nèinou wèèla witu enano, toumou, tou empanci",eee	ZERO	nèy	nèy	=mow	wèè	ZERO	=la	witu	N=	anu	tow	=mow	tow	N=	panci,HES	ZERO	HES	CV.PST	=CMP	give	ZERO	=DIR.PROX	PREP2	INAN=	NON.SPEC	like	=CMP	like	INAN=	pan,"Erh, (he) has put (the bat) into a whatsit, like a like a pan.",en,MORPHEME_ALIGNED,,kiniar03_mp3 kiniar03_wav kiniar03_eaf kiniar03_xml kiniar03_tsv,,199630,205270,nc	0:p_u	nc	lv	=other	v:pred	0.h:a_u	=rv	adp	nc	nc	other	=other	other	=ln	np:p_u,,kiniar03
kiniar03_0054,mctondano,"aa sinadiamou embaya rampa rampa, lelè'os wo enano",#	aa	s<in>adia-en	ZERO	=mow	N=	waya	rampa	rampa	lelè'os	wo	N=	anu,#	HES	<PST>prepare-PV	ZERO	=CMP	INAN=	all	RDP	ingredient	spring.onion	and	INAN=	NON.SPEC,"Ah (he) has prepared all the ingredients, sping onion and whatsit,",en,MORPHEME_ALIGNED,,kiniar03_mp3 kiniar03_wav kiniar03_eaf kiniar03_xml kiniar03_tsv,,205580,209830,##	nc	v:pred	0.h:a_u	=rv	=ln	ln	ln_np	ln_np	ln_np	ln	=ln	ln_np,,kiniar03
kiniar03_0055,mctondano,lansuna,lansuna,onion,"onion,",en,MORPHEME_ALIGNED,,kiniar03_mp3 kiniar03_wav kiniar03_eaf kiniar03_xml kiniar03_tsv,,209970,211440,ln_np,,kiniar03
kiniar03_0056,mctondano,lansuna mèa' wo lansuna puti',lansuna	mèa'	wo	lansuna	puti',onion	red	and	onion	white,"red onion and garlic,",en,MORPHEME_ALIGNED,,kiniar03_mp3 kiniar03_wav kiniar03_eaf kiniar03_xml kiniar03_tsv,,211770,214580,ln_np	ln	ln	ln_np	ln,,kiniar03
kiniar03_0057,mctondano,wo lia',wo	lia',and	ginger,"and ginger,",en,MORPHEME_ALIGNED,,kiniar03_mp3 kiniar03_wav kiniar03_eaf kiniar03_xml kiniar03_tsv,,214740,216740,ln	ln_np,,kiniar03
kiniar03_0058,mctondano,"wo saribata, wo enano",wo	saribata	wo	N=	anu,and	lemongrass	and	INAN=	NON.SPEC,"and lemongrass and whatsit,",en,MORPHEME_ALIGNED,,kiniar03_mp3 kiniar03_wav kiniar03_eaf kiniar03_xml kiniar03_tsv,,216860,221140,ln	ln_np	ln	=ln	ln_np,,kiniar03
kiniar03_0059,mctondano,podang,podang,pandanus.leaf,"pandanus leaf,",en,MORPHEME_ALIGNED,,kiniar03_mp3 kiniar03_wav kiniar03_eaf kiniar03_xml kiniar03_tsv,,221447,222392,ln_np,,kiniar03
kiniar03_0060,mctondano,"dano, marisa",rano	marisa,water	chilli,"water, chilli,",en,MORPHEME_ALIGNED,,kiniar03_mp3 kiniar03_wav kiniar03_eaf kiniar03_xml kiniar03_tsv,,222880,225590,ln_np	ln_np,,kiniar03
kiniar03_0061,mctondano,marisa o,marisa	wo,chilli	and,chilli and...,en,MORPHEME_ALIGNED,,kiniar03_mp3 kiniar03_wav kiniar03_eaf kiniar03_xml kiniar03_tsv,,225994,228037,np:p_u	nc,,kiniar03
kiniar03_0062,mctondano,lia' empamèanatè,#	lia'	N=	i-pa-mèan	=na	=itè,#	ginger	3SG.NOM=	CV-DYN-hit	=3SG.GEN	=LIM,"The ginger, he just strikes it.",en,MORPHEME_ALIGNED,,kiniar03_mp3 kiniar03_wav kiniar03_eaf kiniar03_xml kiniar03_tsv,,230870,232367,##	np:dt_p_u	=pro:p_u	v:pred	=pro.h:a_u	=rv,,kiniar03
kiniar03_0063,mctondano,"èi, lansuna mèa'",èy	lansuna	mèa',HES	onion	red,"Hey, red onion",en,MORPHEME_ALIGNED,,kiniar03_mp3 kiniar03_wav kiniar03_eaf kiniar03_xml kiniar03_tsv,,232410,235030,nc	nc	nc,,kiniar03
kiniar03_0064,mctondano,"ee, petetoomenamou ngè",#	ee	ZERO	pa-Ce-to'om-en	=na	=mow	ngè,#	HES	ZERO	DYN-IRR-grind-PV	=3SG.GEN	=CMP	HES,"Erh, he will grind (the ingredients) up.",en,MORPHEME_ALIGNED,,kiniar03_mp3 kiniar03_wav kiniar03_eaf kiniar03_xml kiniar03_tsv,,242157,245134,##	nc	0:p_u	v:pred	=pro.h:a_u	=rv	nc,,kiniar03
kiniar03_0065,mctondano,"o empa, o pato'omena witu enteto'omeian",#	o	empa	o	pa-to'om-en	=na	witu	N=	Ce-to'om-an,#	HES	HES	HES	DYN-grind-PV	=3SG.GEN	PREP2	INAN=	NR-grind-LV,"Erh, he grinds (the ingredients) up in a mortar and pestle.",en,MORPHEME_ALIGNED,,kiniar03_mp3 kiniar03_wav kiniar03_eaf kiniar03_xml kiniar03_tsv,,247260,251590,##	nc	nc	nc	v:pred	=pro.h:a_u	adp	=ln	np:l,,kiniar03
kiniar03_0066,mctondano,"marisa, lansuna",marisa	lansuna,chilli	onion,"Chilli, onion.",en,MORPHEME_ALIGNED,,kiniar03_mp3 kiniar03_wav kiniar03_eaf kiniar03_xml kiniar03_tsv,,251730,254010,ln_np	np:p_u,,kiniar03
kiniar03_0067,mctondano,sinawokanamou enano,#	s<in>ewok-an	=na	=mow	N=	ano,#	<PST>mix-LV	=3SG.GEN	=CMP	INAN=	NON.SPEC,"He has mixed up the whatsit,",en,MORPHEME_ALIGNED,,kiniar03_mp3 kiniar03_wav kiniar03_eaf kiniar03_xml kiniar03_tsv,,254070,256750,##	v:pred	=pro.h:a_u	=rv	=ln	nc,,kiniar03
kiniar03_0068,mctondano,rampa rampa,rampa	rampa,RDP	ingredient,the ingredients.,en,MORPHEME_ALIGNED,,kiniar03_mp3 kiniar03_wav kiniar03_eaf kiniar03_xml kiniar03_tsv,,256750,258970,ln_np	np:p_u,,kiniar03
kiniar03_0069,mctondano,sedapoukan maloo'la,#	sedap	=mowkan	ZERO	ma-loo'	=la,#	tasty	=definitely	ZERO	AV.DYN-see	=DIR.PROX,(I) can see the tastiness.,en,MORPHEME_ALIGNED,,kiniar03_mp3 kiniar03_wav kiniar03_eaf kiniar03_xml kiniar03_tsv,,259326,261334,##	np:p_u	=rn	0.1:a_a	v:pred	=rv,,kiniar03
kiniar03_0070,mctondano,"mèmang pererampan sipererampa nininipèrèt iti'i, sa sia rèi' tena'an, ndèi' sedap",#	mèmang	pa-Ce-rampa	si=	ni=	ni=	ni=	pèrèt	iti'i	#	sa	sia	rèy'	tena'an	#	ZERO	N=	rèy'	sedap,#	truly	DYN-IRR-spice	HES	HES	HES	AN.SG.GEN=	bat	DEM2	#	if	3SG	not	exact	#	ZERO	INAN=	not	tasty,"Truly the spices of, of, of, that bat, if it's not just right, it's not tasty.",en,WORD_ALIGNED,,kiniar03_mp3 kiniar03_wav kiniar03_eaf kiniar03_xml kiniar03_tsv,,266192,273419,#nc	nc	nc	nc	nc	nc	nc	nc	nc	#ac.neg	other	pro:s	other	other:pred	##neg	0:s	=other	other	other:pred,,kiniar03
kiniar03_0071,mctondano,taan sè itu tena'anè loo'nèa,#	ta'an	sa	itu	tena'an	=pè'	#	ZERO	loo'-en	=nèa,#	however	if	DEM2	exact	=INCMP	#	ZERO	see-PV	=3PL.GEN,But when that (bat) is still (seasoned) just right they will see (this).,en,MORPHEME_ALIGNED,,kiniar03_mp3 kiniar03_wav kiniar03_eaf kiniar03_xml kiniar03_tsv,,273440,276860,##	other	other	pro:s	other:pred	=other	##	0:p_u	v:pred	=pro.h:a_u,,kiniar03
kiniar03_0072,mctondano,eee,eee,HES,Erh.,en,MORPHEME_ALIGNED,,kiniar03_mp3 kiniar03_wav kiniar03_eaf kiniar03_xml kiniar03_tsv,,277903,279018,nc,,kiniar03
kiniar03_0073,mctondano,"paki'ikis po'opo kaa simusti ano, wèènèa ano",#	i-pa-ki'kis	ZERO	po'po'	#	ka'a	si=	musti	ano	wèè-en	=nèa	ano,#	CV-DYN-grate	ZERO	coconut	#	because	3SG.NOM=	AUX.must	NON.SPEC	give-PV	=3PL.GEN	NON.SPEC,"(They) grate coconut, because they have to add it, whatsit.",en,MORPHEME_ALIGNED,,kiniar03_mp3 kiniar03_wav kiniar03_eaf kiniar03_xml kiniar03_tsv,,280258,285130,##	v:pred	0.h:a_u	np:p_u	#ac	other	=pro:p_u	aux	nc	v:pred	=pro.h:a_u	nc,,kiniar03
kiniar03_0074,mctondano,wèènèa santang,#	wèè-en	=nèa	santang,#	give-PV	=3PL.GEN	coconut.milk,"They will add coconut milk,",en,MORPHEME_ALIGNED,,kiniar03_mp3 kiniar03_wav kiniar03_eaf kiniar03_xml kiniar03_tsv,,285390,288070,##	v:pred	=pro.h:a_u	ln_np,,kiniar03
kiniar03_0075,mctondano,po'po' kini'kis,po'po'	#	ZERO	k<in>i'kis-en	ZERO,coconut	#	ZERO	<PST>grate-PV	ZERO,coconut which (they) have grated.,en,MORPHEME_ALIGNED,,kiniar03_mp3 kiniar03_wav kiniar03_eaf kiniar03_xml kiniar03_tsv,,290070,291840,np:p_u	#rc_rn	0:p_u	v:pred	0.h:a_u,,kiniar03
kiniar03_0076,mctondano,"pawèèn rano kaa, pepepuusanèa santang",#	pa-wèè-en	ZERO	rano	#	ka'a	pa-Ce-pu'us-en	=nèa	santang,#	DYN-give-PV	ZERO	water	#	other	DYN-IRR-knead-PV	=3PL.GEN	coconut.milk,"(They) add water, because they will mix up the coconut milk,",en,MORPHEME_ALIGNED,,kiniar03_mp3 kiniar03_wav kiniar03_eaf kiniar03_xml kiniar03_tsv,,294071,298501,##	v:pred	0.h:a_u	np:p_u	#ac	nc	v:pred	=pro.h:a_u	ln_np,,kiniar03
kiniar03_0077,mctondano,ipèrèt sa sia wewèan santang,si=	pèrèt	#	sa	sia	wewèan	santang,AN.SG=	bat	#	if	3SG	EXIST	coconut.milk,"(and) the bat, if he has coconut milk.",en,MORPHEME_ALIGNED,,kiniar03_mp3 kiniar03_wav kiniar03_eaf kiniar03_xml kiniar03_tsv,,301225,303535,=ln	np:p_u	#ac	other	pro:dt_s	other:predex	np:s,,kiniar03
kiniar03_0078,mctondano,kokongena santang mèmang,#	kokong	=na	santang	mèmang,#	head	=3SG.GEN	coconut.milk	truly,"The head (main) part of the coconut milk truly,",en,MORPHEME_ALIGNED,,kiniar03_mp3 kiniar03_wav kiniar03_eaf kiniar03_xml kiniar03_tsv,,304080,306250,##	np:p_u	=rn_pro:poss	rn	other,,kiniar03
kiniar03_0079,mctondano,petapisenèa,pa-tapis-en	=nèa,DYN-filter-PV	=3PL.GEN,they filter (it).,en,MORPHEME_ALIGNED,,kiniar03_mp3 kiniar03_wav kiniar03_eaf kiniar03_xml kiniar03_tsv,,307510,309790,v:pred	=pro.h:a_u,,kiniar03
kiniar03_0080,mctondano,"maèwèmou maloo'ala ya, ee",#	ZERO	ma-èwè	=mow	#	ZERO	ma-loo'	=la	ZERO	ya	ee,#	ZERO	EV.STAT-saliva	=CMP	#	ZERO	AV.DYN-see	=DIR.PROX	ZERO	AFF	HES,"(He) drools, (he) can see (it), yes.",en,MORPHEME_ALIGNED,,kiniar03_mp3 kiniar03_wav kiniar03_eaf kiniar03_xml kiniar03_tsv,,310790,313780,##	0.h:s	v:pred	=rv	##	0.h:a_a	v:pred	=rv	0:p_a	nc	nc,,kiniar03
kiniar03_0081,mctondano,aa patoa'namoula ensantang pawèèmou witu,#	aa	pa-toa'-en	=na	=mow	=la	N=	santang	#	ZERO	i-pa-wèè	ZERO	=mow	witu,#	HES	DYN-spill-PV	=3SG.GEN	=CMP	=DIR.PROX	INAN=	coconut.milk	#	ZERO	CV-DYN-give	ZERO	=CMP	PREP2,"Ah, he pours the coconut milk, (he) adds (it) into,",en,MORPHEME_ALIGNED,,kiniar03_mp3 kiniar03_wav kiniar03_eaf kiniar03_xml kiniar03_tsv,,318350,321840,##	nc	v:pred	=pro.h:a_u	=rv	=rv	=ln	np:p_u	##	0:p_u	v:pred	0.h:a_u	=rv	adp,,kiniar03
kiniar03_0082,mctondano,encèrèt,N=	cèrèt,INAN=	water.container,a water container.,en,MORPHEME_ALIGNED,,kiniar03_mp3 kiniar03_wav kiniar03_eaf kiniar03_xml kiniar03_tsv,,324529,325908,=ln	np:g,,kiniar03
kiniar03_0083,mctondano,papuusana nsantang witu en,#	pa-pu'us-an	=na	N=	santang	witu	N=,#	DYN-knead-LV	=3SG.GEN	INAN=	coconut.milk	PREP2	INAN=,"He mixes the coconut milk in,",en,MORPHEME_ALIGNED,,kiniar03_mp3 kiniar03_wav kiniar03_eaf kiniar03_xml kiniar03_tsv,,330690,333520,##	v:pred	=pro.h:a_u	=ln	np:p_u	nc	nc,,kiniar03
kiniar03_0084,mctondano,tu loyang oki,witu	loyang	oki',PREP2	plastic.container	small,in a small plastic container.,en,MORPHEME_ALIGNED,,kiniar03_mp3 kiniar03_wav kiniar03_eaf kiniar03_xml kiniar03_tsv,,333978,336078,adp	np:g	rn,,kiniar03
kiniar03_0085,mctondano,petapisen santang,#	pa-tapis-en	ZERO	santang,#	DYN-filter-PV	ZERO	coconut.milk,(He) filters the coconut milk.,en,MORPHEME_ALIGNED,,kiniar03_mp3 kiniar03_wav kiniar03_eaf kiniar03_xml kiniar03_tsv,,337590,340100,##	v:pred	0.h:a_u	np:p_u,,kiniar03
kiniar03_0086,mctondano,"pèrèt sa sia em, mèmang ee, tena'an e rampa rampa mèmang",#	pèrèt	sa	sia	em	mèmang	ee	tena'an	ee	#	rampa	rampa	mèmang,#	bat	if	3SG	HES	truly	HES	exact	HES	#	RDP	ingredient	truly,"The bat, if it is truly just right, the spices are truly,",en,MORPHEME_ALIGNED,,kiniar03_mp3 kiniar03_wav kiniar03_eaf kiniar03_xml kiniar03_tsv,,345100,351080,#ac	np:dt_s	other	pro:s	nc	other	nc	other:pred	nc	##	ln_np	np:s	other,,kiniar03
kiniar03_0087,mctondano,sedap sia meke,sedap	#	sia	meke,tasty	#	3SG	HES,tasty. He,en,MORPHEME_ALIGNED,,kiniar03_mp3 kiniar03_wav kiniar03_eaf kiniar03_xml kiniar03_tsv,,352360,354640,other:pred	##	pro.h:a_a	nc,,kiniar03
kiniar03_0088,mctondano,mekekaan,ma-Ce-kaan	ZERO,AV.DYN-IRR-rice	ZERO,will eat (the bat).,en,MORPHEME_ALIGNED,,kiniar03_mp3 kiniar03_wav kiniar03_eaf kiniar03_xml kiniar03_tsv,,354650,356510,v:pred	0:p_a,,kiniar03
kiniar03_0089,mctondano,ii,#	si=,#	HES,He,en,WORD_ALIGNED,,kiniar03_mp3 kiniar03_wav kiniar03_eaf kiniar03_xml kiniar03_tsv,,357960,360470,##	nc,,kiniar03
kiniar03_0090,mctondano,ilinuganamoula sipèrèt,si=	l<in>uga-an	=na	=mow	=la	si=	pèrèt,3SG.NOM=	<PST>boil-LV	=3SG.GEN	=CMP	=DIR.PROX	AN.SG=	bat,"boils him, the bat.",en,MORPHEME_ALIGNED,,kiniar03_mp3 kiniar03_wav kiniar03_eaf kiniar03_xml kiniar03_tsv,,360570,363500,=pro:p_u	v:pred	=pro.h:a_u	=rv	=rv	=ln	np:dt_p_u,,kiniar03
kiniar03_0091,mctondano,"eno wana', nèinou ti'is endano",#	eno	wana'	nèy	=mow	ti'is	ZERO	N=	rano,#	HES	HES	CV.PST	=CMP	drain	ZERO	INAN=	water,(He) has drained the water.,en,MORPHEME_ALIGNED,,kiniar03_mp3 kiniar03_wav kiniar03_eaf kiniar03_xml kiniar03_tsv,,363500,366950,##	nc	nc	lv	=other	v:pred	0.h:a_u	=ln	np:p_u,,kiniar03
kiniar03_0092,mctondano,dano ketarè linuga nisia kaa sipererampanou,#	rano	ka-tarè	l<in>uga-en	ZERO	nisia	#	ka'a	si=	pa-Ce-rampa-en	ZERO	=mow,#	water	very-new	<PST>boil-PV	ZERO	3SG	#	because	3SG.NOM=	DYN-IRR-ingredient-PV	ZERO	=CMP,"Water first, (he, the man) has boiled him (the bat), because (he) will spice it [the bat].",en,MORPHEME_ALIGNED,,kiniar03_mp3 kiniar03_wav kiniar03_eaf kiniar03_xml kiniar03_tsv,,366950,372015,##	np:other	other	v:pred	0.h:a_u	pro:p_u	##	other	=pro:p_u	v:pred	0.h:a_u	=rv,,kiniar03
kiniar03_0093,mctondano,"ee, pawèènèamou, pawèènèamou lana, lana weru",#	ee	ZERO	pa-wèè-en	=nèa	=mow	#	pa-wèè-en	=nèa	lana	lana	weru,#	HES	ZERO	DYN-give-PV	=3PL.GEN	=CMP	#	DYN-give-PV	=3PL.GEN	HES	oil	new,"They add (it), they add oil, fresh oil.",en,MORPHEME_ALIGNED,,kiniar03_mp3 kiniar03_wav kiniar03_eaf kiniar03_xml kiniar03_tsv,,372807,376509,##	nc	0:p_u	v:pred	=pro.h:a_u	=rv	##	v:pred	=pro.h:a_u	nc	np:p_u	rn,,kiniar03
kiniar03_0094,mctondano,patumisen lana weru,#	pa-tumis-en	ZERO	lana	weru,#	DYN-strifry-PV	ZERO	oil	new,(They) stirfry the fresh oil.,en,MORPHEME_ALIGNED,,kiniar03_mp3 kiniar03_wav kiniar03_eaf kiniar03_xml kiniar03_tsv,,378878,380806,##	v:pred	0.h:a_u	np:p_u	rn,,kiniar03
kiniar03_0095,mctondano,pakè lana weru patumis,#	pakè-en	ZERO	lana	weru	#	ZERO	i-pa-tumis	ZERO,#	use-PV	ZERO	oil	new	#	ZERO	CV-DYN-stirfry	ZERO,(They) use the fresh oil (which) (they) have fried.,en,MORPHEME_ALIGNED,,kiniar03_mp3 kiniar03_wav kiniar03_eaf kiniar03_xml kiniar03_tsv,,381070,383700,##	v:pred	0.h:a_u	np:p_u	rn	#rc_rn	0:p_u	v:pred	0.h:a_u,,kiniar03
kiniar03_0096,mctondano,nng,nng,HES,Hmm...,en,MORPHEME_ALIGNED,,kiniar03_mp3 kiniar03_wav kiniar03_eaf kiniar03_xml kiniar03_tsv,,383830,385120,nc,,kiniar03
kiniar03_0097,mctondano,"lansunapè' rerior, lelè'os",#	lansuna	=pè'	Ce-rior	lelè'os,#	onion	=INCMP	NR-fast	spring.onion,"The onion is from before, spring onion.",en,MORPHEME_ALIGNED,,kiniar03_mp3 kiniar03_wav kiniar03_eaf kiniar03_xml kiniar03_tsv,,385380,388560,##	np:s	=other	np:pred	np:dt_s,,kiniar03
kiniar03_0098,mctondano,"patumisen waya, embaya rampa rampa",#	pa-tumis-en	ZERO	waya	N=	waya	rampa	rampa,#	DYN-stirfry-PV	ZERO	HES	INAN=	all	RDP	ingredient,(He) stirfries all all the ingredients.,en,MORPHEME_ALIGNED,,kiniar03_mp3 kiniar03_wav kiniar03_eaf kiniar03_xml kiniar03_tsv,,392890,395560,##	v:pred	0.h:a_u	nc	=ln	ln	ln_np	np:p_u,,kiniar03
kiniar03_0099,mctondano,wewèan podang,#	wewèan	podang,#	EXIST	pandanus.leaf,There is pandanus leaf.,en,MORPHEME_ALIGNED,,kiniar03_mp3 kiniar03_wav kiniar03_eaf kiniar03_xml kiniar03_tsv,,397470,399290,##	other:predex	np:s,,kiniar03
kiniar03_0100,mctondano,"pa, pasedapan ku'a",#	ZERO	pa	pa-sedap-an	ZERO	ku'a,#	ZERO	HES	DYN-tasty-LV	ZERO	PART,(They) make (the bat) tasty then.,en,MORPHEME_ALIGNED,,kiniar03_mp3 kiniar03_wav kiniar03_eaf kiniar03_xml kiniar03_tsv,,400052,402697,##	0:p_u	nc	v:pred	0.h:a_u	nc,,kiniar03
kiniar03_0101,mctondano,"o wèta, ee",o	wèta	ee,PART	PART	HES,"Oh wow, erh,",en,MORPHEME_ALIGNED,,kiniar03_mp3 kiniar03_wav kiniar03_eaf kiniar03_xml kiniar03_tsv,,403270,405550,nc	nc	nc,,kiniar03
kiniar03_0102,mctondano,winèèanou podang,#	w<in>èè-an	ZERO	podang,#	<PST>give-LV	ZERO	pandanus.leaf,(they) have added pandanus leaf.,en,MORPHEME_ALIGNED,,kiniar03_mp3 kiniar03_wav kiniar03_eaf kiniar03_xml kiniar03_tsv,,405720,407430,##	v:pred	0.h:a_u	np:p_u,,kiniar03
kiniar03_0103,mctondano,rampa rampa jago jago empewèènèala,#	rampa	rampa	jago	jago	N=	pa-wèè-en	=nèa	=la,#	RDP	ingredient	RDP	expert	3SG.NOM=	DYN-give-PV	=3PL.GEN	=DIR.PROX,"The perfect ingredients, they add them.",en,MORPHEME_ALIGNED,,kiniar03_mp3 kiniar03_wav kiniar03_eaf kiniar03_xml kiniar03_tsv,,412380,416370,##	ln_np	np:dt_p_u	rn	rn	=pro:p_u	v:pred	=pro.h:a_u	=rv,,kiniar03
kiniar03_0104,mctondano,lia,lia,ginger,Ginger.,en,MORPHEME_ALIGNED,,kiniar03_mp3 kiniar03_wav kiniar03_eaf kiniar03_xml kiniar03_tsv,,417950,419450,nc,,kiniar03
kiniar03_0105,mctondano,oo ya,nc	nc,HES	AFF,Oh yes.,en,MORPHEME_ALIGNED,,kiniar03_mp3 kiniar03_wav kiniar03_eaf kiniar03_xml kiniar03_tsv,,420364,421754,nc	nc,,kiniar03
kiniar03_0106,mctondano,katumisanèala itu,#	ka-tumis-an	=nèa	=la	itu,#	POT-stirfry-LV	=3PL.GEN	=DIR.PROX	DEM2,They can strifry those (ingredients).,en,MORPHEME_ALIGNED,,kiniar03_mp3 kiniar03_wav kiniar03_eaf kiniar03_xml kiniar03_tsv,,423300,425220,##	v:pred	=pro.h:a_u	=rv	pro:p_u,,kiniar03
kiniar03_0107,mctondano,mèè rampa rampa,#	ZERO	<um>wèè	rampa	rampa,#	ZERO	<AV>give	RDP	ingredient,(He) would add some spices.,en,MORPHEME_ALIGNED,,kiniar03_mp3 kiniar03_wav kiniar03_eaf kiniar03_xml kiniar03_tsv,,425520,427240,##	0.h:a_a	v:pred	ln_np	np:p_a,,kiniar03
kiniar03_0108,mctondano,wèèmoula siano,#	i-wèè	ZERO	=mow	=la	si=	anu,#	CV-give	ZERO	=CMP	=DIR.PROX	AN.SG=	NON.SPEC,"(He) would add the whatsit,",en,MORPHEME_ALIGNED,,kiniar03_mp3 kiniar03_wav kiniar03_eaf kiniar03_xml kiniar03_tsv,,427540,429950,##	v:pred	0.h:a_u	=rv	=rv	nc	nc,,kiniar03
kiniar03_0109,mctondano,sipèrèt linugusenèa,si=	pèrèt	#	ZERO	l<in>uga-en	=nèa,AN.SG=	bat	#	ZERO	<PST>boil-PV	=3PL.GEN,the bat which they have already boiled.,en,MORPHEME_ALIGNED,,kiniar03_mp3 kiniar03_wav kiniar03_eaf kiniar03_xml kiniar03_tsv,,430150,434920,=ln	np:p_u	#rc_rn	0:p_u	v:pred	=pro.h:a_u,,kiniar03
kiniar03_0110,mctondano,"pèrèt ti'i silinubusanèala ku'a, silutu'mou sia",#	pèrèt	iti'i	si=	l<in>uga-en	=nèa	=la	ku'a	#	si=	lutu'	=mow	sia,#	bat	DEM2	3SG.NOM=	<PST>boil-PV	=3PL.GEN	=DIR.PROX	PART	#	3SG.NOM=	ripe	=CMP	3SG,"That bat, they boiled him up then. He is cooked he is.",en,MORPHEME_ALIGNED,,kiniar03_mp3 kiniar03_wav kiniar03_eaf kiniar03_xml kiniar03_tsv,,438446,441309,##	np:dt_p_u	rn	=pro:p_u	v:pred	=pro.h:a_u	=rv	nc	##	=pro:s	other:pred	=other	pro:dt_s,,kiniar03
kiniar03_0111,mctondano,sia sirampanoukan o sia wèèla,#	sia	si=	rampa	=mowkan	#	sia	i-wèè	ZERO	=la,#	3SG	3SG.NOM=	ingredient	=definitely	#	3SG	CV-give	ZERO	=DIR.PROX,"He, he is really spiced now. (They) put him in.",en,MORPHEME_ALIGNED,,kiniar03_mp3 kiniar03_wav kiniar03_eaf kiniar03_xml kiniar03_tsv,,441678,444042,##	pro:dt_s	=pro:s	other:pred	=other	##	pro:p_u	v:pred	0.h:a_u	=rv,,kiniar03
kiniar03_0112,mctondano,wèènèala santang,#	wèè-en	=nèa	=la	santang,#	give-PV	=3PL.GEN	=DIR.PROX	coconut.milk,They add coconut milk.,en,MORPHEME_ALIGNED,,kiniar03_mp3 kiniar03_wav kiniar03_eaf kiniar03_xml kiniar03_tsv,,444282,445369,##	v:pred	=pro.h:a_u	=rv	np:p_u,,kiniar03
kiniar03_0113,mctondano,"pa, sa, pasempo'enèla",#	pa	sa	pa-sempo'-en	=nèa	=la,#	HES	HES	DYN-dissolve-PV	=3PL.GEN	=DIR.PROX,"They render away,",en,MORPHEME_ALIGNED,,kiniar03_mp3 kiniar03_wav kiniar03_eaf kiniar03_xml kiniar03_tsv,,449880,452529,##	nc	nc	v:pred	=pro.h:a_u	=rv,,kiniar03
kiniar03_0114,mctondano,daong,daong,leaf,the (pandanus) leaf.,en,MORPHEME_ALIGNED,,kiniar03_mp3 kiniar03_wav kiniar03_eaf kiniar03_xml kiniar03_tsv,,455645,456582,np:p_u,,kiniar03
kiniar03_0115,mctondano,mawèèla santang,#	ZERO	ma-wèè	=la	santang,#	ZERO	AV.DYN-give	=DIR.PROX	coconut.milk,(He) adds coconut milk,en,MORPHEME_ALIGNED,,kiniar03_mp3 kiniar03_wav kiniar03_eaf kiniar03_xml kiniar03_tsv,,459810,461840,##	0.h:a_a	v:pred	=rv	np:p_a,,kiniar03
kiniar03_0116,mctondano,sedapoukan ni,#	sedap	=mowkan	ini,#	tasty	=definitely	DEM1,This is definitely tasty.,en,MORPHEME_ALIGNED,,kiniar03_mp3 kiniar03_wav kiniar03_eaf kiniar03_xml kiniar03_tsv,,465350,467450,##	other:pred	=other	pro:s,,kiniar03
kiniar03_0117,mctondano,oo wasè,oo	wasè,PART	PART,Ooh.,en,MORPHEME_ALIGNED,,kiniar03_mp3 kiniar03_wav kiniar03_eaf kiniar03_xml kiniar03_tsv,,469579,471410,nc	nc,,kiniar03
kiniar03_0118,mctondano,aa nèimou paakirou,#	aa	ZERO	nèy	=mow	pa-akir	ZERO	=mow,#	HES	ZERO	CV.PST	=CMP	DYN-large.spoon	ZERO	=CMP,Ah (he) has ladled (the bat curry) out.,en,MORPHEME_ALIGNED,,kiniar03_mp3 kiniar03_wav kiniar03_eaf kiniar03_xml kiniar03_tsv,,474862,476463,##	nc	0:p_u	lv	=lv	v:pred	0.h:a_u	=rv,,kiniar03
kiniar03_0119,mctondano,paakiromi,#	ZERO	i-pa-akir	ZERO	=mow	=mi,#	ZERO	CV-DYN-large.spoon	ZERO	=CMP	=DIR.DIST,(He) ladles out (the bat curry).,en,MORPHEME_ALIGNED,,kiniar03_mp3 kiniar03_wav kiniar03_eaf kiniar03_xml kiniar03_tsv,,477180,478294,##	0:p_u	v:pred	0.h:a_u	=rv	=rv,,kiniar03
kiniar03_0120,mctondano,pawèèmou itu empiring,#	ZERO	i-pa-wèè	ZERO	=mow	witu	N=	piring,#	ZERO	CV-DYN-give	ZERO	=CMP	PREP2	INAN=	plate,(He) puts it on a plate.,en,MORPHEME_ALIGNED,,kiniar03_mp3 kiniar03_wav kiniar03_eaf kiniar03_xml kiniar03_tsv,,482032,484109,##	0:p_u	v:pred	0.h:a_u	=rv	adp	=ln	np:g,,kiniar03
kiniar03_0121,mctondano,"ee, èkumaanou",#	ee	sè=	k<um>aan	=mow	ZERO,#	HES	3PL.NOM=	<AV>rice	=CMP	ZERO,"Erh, they will eat (the curry).",en,MORPHEME_ALIGNED,,kiniar03_mp3 kiniar03_wav kiniar03_eaf kiniar03_xml kiniar03_tsv,,485202,487593,##	nc	=pro.h:a_a	v:pred	=rv	0:p_a,,kiniar03
kiniar03_0122,mctondano,"tim wona, ikumaan tii",#	Tim	wona'	si=	k<um>aan	iti'i,#	PN	perhaps	3SG.NOM=	<AV>rice	DEM2,"Tim perhaps, he will eat that.",en,MORPHEME_ALIGNED,,kiniar03_mp3 kiniar03_wav kiniar03_eaf kiniar03_xml kiniar03_tsv,,489150,490872,##	np.h:dt_a_a	other	=pro.h:a_a	v:pred	pro:p_a,,kiniar03
kiniar03_0123,mctondano,tim mekaanou,#	Tim	ma-kaan	=mow	ZERO,#	PN	AV.DYN-rice	=CMP	ZERO,Tim eats (the bat curry).,en,MORPHEME_ALIGNED,,kiniar03_mp3 kiniar03_wav kiniar03_eaf kiniar03_xml kiniar03_tsv,,491514,492682,##	np.h:a_a	v:pred	=rv	0:p_a,,kiniar03
kiniar03_0124,mctondano,"o kela, ye'i itou lolah siwewèan o mama o tuang e tepesoukan",#	o	kala	ye'i	si=	tow	Lolah	si=	wewèan	#	o	mama	o	tuang	sè=	tepes	=mowkan,#	PART	PART	now	AN.SG=	person	PN	3SG.NOM=	EXIST	#	PART	PART	PART	PART	3PL.NOM=	kiss	=definitely,"Oh wow, the Lolah person, he's there, oh mamma, oh God, they definitely 'kiss' (i.e. taste the bat).",en,MORPHEME_ALIGNED,,kiniar03_mp3 kiniar03_wav kiniar03_eaf kiniar03_xml kiniar03_tsv,,496583,504677,##	nc	nc	other	=ln	np.h:dt	rn_np	=pro.h:s	other:predex	##	nc	nc	nc	nc	=pro.h:s	v:pred	=rv,,kiniar03
kiniar03_0125,mctondano,he aa tepesenèa entoto' nipèrèt,#	he	aa	tepes-en	=nèa	N=	toto'	ni=	pèrèt,#	HES	HES	kiss-PV	=3PL.GEN	INAN=	breast	AN.SG.GEN=	bat,"Ah, they will 'kiss' (taste) the bat's breast.",en,MORPHEME_ALIGNED,,kiniar03_mp3 kiniar03_wav kiniar03_eaf kiniar03_xml kiniar03_tsv,,504993,509033,##	nc	nc	v:pred	=pro.h:a_u	nc	nc	nc	nc,,kiniar03
kiniar03_0126,mctondano,toto nipèrèt,toto'	ni=	pèrèt,breast	AN.SG.GEN=	bat,the bat's breast.,en,MORPHEME_ALIGNED,,kiniar03_mp3 kiniar03_wav kiniar03_eaf kiniar03_xml kiniar03_tsv,,510225,511866,np:p_u	=rn	rn_np:poss,,kiniar03
kiniar03_0127,mctondano,"tim, hehehe, kela",Tim	hehehe	kala,PN	hehehe	PART,"Tim, oh wow.",en,MORPHEME_ALIGNED,,kiniar03_mp3 kiniar03_wav kiniar03_eaf kiniar03_xml kiniar03_tsv,,512357,515617,nc	nc	nc,,kiniar03
kiniar03_0128,mctondano,"toto' nipèrèt kinaan nitim, hehehe",#	toto'	ni=	pèrèt	k<in>aan-en	ni=	Tim	hehehe,#	breast	AN.SG.GEN=	bat	<PST>rice-PV	AN.SG.GEN=	PN	NC,Tim ate the bat's breast.,en,MORPHEME_ALIGNED,,kiniar03_mp3 kiniar03_wav kiniar03_eaf kiniar03_xml kiniar03_tsv,,518798,521595,##	np:p_u	=rn	rn_np:poss	v:pred	=ln	np.h:a_u	nc,,kiniar03
kiniar03_0129,mctondano,"tinepesan nitim,toto' nipèrèt, hehehe",#	t<in>epes-an	ni=	Tim	toto'	ni=	pèrèt	hehehe,#	<PST>kiss-LV	AN.SG.GEN=	PN	breast	AN.SG.GEN=	bat	NC,Tim has kissed the bat's breast.,en,MORPHEME_ALIGNED,,kiniar03_mp3 kiniar03_wav kiniar03_eaf kiniar03_xml kiniar03_tsv,,522574,525503,##	v:pred	=ln	np.h:a_u	np:p_u	=rn	rn_np:poss	nc,,kiniar03
kiniar03_0130,mctondano,hehehe,hehehe,hehehe,[LAUGHTER],en,MORPHEME_ALIGNED,,kiniar03_mp3 kiniar03_wav kiniar03_eaf kiniar03_xml kiniar03_tsv,,526610,527393,nc,,kiniar03
kiniar03_0131,mctondano,hehehe,hehehe,hehehe,[LAUGHTER],en,MORPHEME_ALIGNED,,kiniar03_mp3 kiniar03_wav kiniar03_eaf kiniar03_xml kiniar03_tsv,,528359,530850,nc,,kiniar03
mapalus_0001,mctondano,waktu kumasi kureraapè,#	waktu	ku=	masi	ku=	reraa	=pè',#	time	HES	HES	1SG.NOM=	girl	=INCMP,"When I was still, I was still a young girl.",en,WORD_ALIGNED,,mapalus_mp3 mapalus_wav mapalus_eaf mapalus_xml mapalus_tsv,,5360,7620,##	np:other	nc	nc	=pro.1:s	np.h:pred	=other,,mapalus
mapalus_0002,mctondano,kumaki'it mepepalus,#	ku=	ma-ki'it	ma-Ce-palus,#	1SG.NOM=	AV.DYN-follow	AV.DYN-IRR-work.together,I join in the collective working.,en,MORPHEME_ALIGNED,,mapalus_mp3 mapalus_wav mapalus_eaf mapalus_xml mapalus_tsv,,8210,10000,##	=pro.1:a_a	v:pred	np:p_a,,mapalus
mapalus_0003,mctondano,kèimèa metamen,#	kèy=	<um>èa	ma-tanem,#	1PL.EX.NOM=	<AV>go	AV.DYN-cultivate,We would go to cultivate (crops).,en,MORPHEME_ALIGNED,,mapalus_mp3 mapalus_wav mapalus_eaf mapalus_xml mapalus_tsv,,10990,12690,##	=pro.1:s	lv	v:pred,,mapalus
mapalus_0004,mctondano,wo sapa,wo	sapa,and	what,And what else?,en,MORPHEME_ALIGNED,,mapalus_mp3 mapalus_wav mapalus_eaf mapalus_xml mapalus_tsv,,14590,16140,nc	nc,,mapalus
mapalus_0005,mctondano,ta'an sa marèngoumi sa hari sabtu,#	ta'an	sa	ZERO	<um>warèng	=mow	=mi	sa	hari	sabtu,#	however	if	ZERO	<AV>return.home	=CMP	=DIR.DIST	if	day	saturday,"But if (we) would return home on Saturday,",en,MORPHEME_ALIGNED,,mapalus_mp3 mapalus_wav mapalus_eaf mapalus_xml mapalus_tsv,,16330,18670,#ac	other	other	0.1:s	v:pred	=rv	=rv	nc	np:other	rn_np,,mapalus
mapalus_0006,mctondano,ee mèa wia empesta mèa lumangsa waki kolèt,#	ee	ZERO	<um>èa	wia	N=	pesta	#	ZERO	<um>èa	l<um>ansa	waki	Kolèt,#	HES	ZERO	<AV>go	PREP1	INAN=	party	#	ZERO	<AV>go	<AV>dance	PREP3	PN,(we) would go to a party. (We) would go to dance at Kolet.,en,MORPHEME_ALIGNED,,mapalus_mp3 mapalus_wav mapalus_eaf mapalus_xml mapalus_tsv,,18730,21670,##	nc	0.1:s	v:pred	adp	=ln	np:g	##	0.1:s	lv	v:pred	adp	np:l,,mapalus
mapalus_0007,mctondano,"serta itu èi kasiang o sèa mèi, se",serta	itu	èy	kasihan	#	wo	sèa	<um>èy	sè=,after	DEM2	PART	PART	#	and	3PL	<AV>come	HES,"Following this, oh dear, and they came, the",en,WORD_ALIGNED,,mapalus_mp3 mapalus_wav mapalus_eaf mapalus_xml mapalus_tsv,,24580,27420,nc	nc	nc	nc	##	other	pro.h:s	v:pred	nc,,mapalus
mapalus_0008,mctondano,apa,apa,what,what (who),en,MORPHEME_ALIGNED,,mapalus_mp3 mapalus_wav mapalus_eaf mapalus_xml mapalus_tsv,,27610,28170,nc,,mapalus
mapalus_0009,mctondano,sèbrawijaya,sè=	brawijaya,AN.PL=	PN,the Brawijaya regiment (of the TNI).,en,MORPHEME_ALIGNED,,mapalus_mp3 mapalus_wav mapalus_eaf mapalus_xml mapalus_tsv,,28750,29900,=ln	np:dt_s,,mapalus
mapalus_0010,mctondano,perangou permèsta itu,#	perangou	=mow	Permèsta	itu,#	war	=CMP	PN	DEM2,That is the Permesta rebellion.,en,MORPHEME_ALIGNED,,mapalus_mp3 mapalus_wav mapalus_eaf mapalus_xml mapalus_tsv,,30200,32460,##	ln	=ln	np:pred	pro:s,,mapalus
mapalus_0011,mctondano,ya,ya,AFF,Yes.,en,MORPHEME_ALIGNED,,mapalus_mp3 mapalus_wav mapalus_eaf mapalus_xml mapalus_tsv,,32694,33468,nc,,mapalus
mapalus_0012,mctondano,sèminèamou wia ntalun baya sèka'ampitèi tuama,#	sè=	<im>èa	=mow	wia	N=	talun	waya	sè=	ka'ampit	=mèy	tuama,#	3PL.NOM=	<AV.PST>go	=CMP	PREP1	INAN=	forest	all	AN.PL=	friend	=1PL.EX.GEN	man,"They went into the forest, all of our male friends [to escape the TNI].",en,MORPHEME_ALIGNED,,mapalus_mp3 mapalus_wav mapalus_eaf mapalus_xml mapalus_tsv,,34180,37570,##	=pro.h:s	v:pred	=rv	adp	=ln	np:l	ln	=ln	np.h:dt_s	=rn_pro.1:poss	rn_np.h,,mapalus
mapalus_0013,mctondano,timingkasou wia ntalun,#	ZERO	t<im>ingkas	=mow	wia	N=	talun,#	ZERO	<AV.PST>run	=CMP	PREP1	INAN=	forest,(They) fled into the forest.,en,MORPHEME_ALIGNED,,mapalus_mp3 mapalus_wav mapalus_eaf mapalus_xml mapalus_tsv,,38450,39970,##	0.h:s	v:pred	=rv	adp	=ln	np:l,,mapalus
mapalus_0014,mctondano,"jadi, kèirèimou mete'u sumiwo sapa",#	jadi	kèy=	rèy'	=mow	ma-te'u	#	ZERO	s<um>iwo	sapa,#	thus	1PL.EX.NOM=	don't	=CMP	EV.STAT-know	#	ZERO	<AV>do	what,So we no longer know (that) (we) would do whatsit.,en,MORPHEME_ALIGNED,,mapalus_mp3 mapalus_wav mapalus_eaf mapalus_xml mapalus_tsv,,40570,42990,##	other	=pro.1:a_a	neg	=other	v:pred	#cc:p_a	0.1:a_a	v:pred	np:p_a,,mapalus
mapalus_0015,mctondano,winèèan jam malam,#	w<in>èè-an	ZERO	jam	malam,#	<PST>give-LV	ZERO	hour	night,(They) gave the nighttime hours (to us).,en,MORPHEME_ALIGNED,,mapalus_mp3 mapalus_wav mapalus_eaf mapalus_xml mapalus_tsv,,43240,44770,##	v:pred	0.h:a_u	np:p_u	rn_np,,mapalus
mapalus_0016,mctondano,rèi toro makaesa jamou enem rèimou toro mekekaluar embalè,#	ZERO	rèy'	toro	maka-esa	#	jam	=mow	enem	ZERO	rèy'	=mow	toro	maka-kaluar	N=	walè,#	ZERO	not	AUX.can	AV.POT-one	#	hour	=CMP	six	ZERO	not	=CMP	AUX.can	AV.POT-go.out	INAN=	house,(We) could not go alone. After six o'clock (we) could no longer leave (from) the house.,en,MORPHEME_ALIGNED,,mapalus_mp3 mapalus_wav mapalus_eaf mapalus_xml mapalus_tsv,,45770,49780,##	0.1:s	neg	aux	v:pred	##	np:other	=other	rn	0.1:s	neg	=other	aux	v:pred	=ln	np:l,,mapalus
mapalus_0017,mctondano,mèa waki uma,#	ZERO	<um>èa	waki	uma,#	ZERO	<AV>go	PREP3	field,(We) would go to the fields.,en,MORPHEME_ALIGNED,,mapalus_mp3 mapalus_wav mapalus_eaf mapalus_xml mapalus_tsv,,50410,51870,##	0.1:s	v:pred	adp	np:l,,mapalus
mapalus_0018,mctondano,komusti wewèan kartu penduduk sa rèila korèi,#	ko=	musti	wewèan	kartu	penduduk	#	sa	rèy'	=la	ZERO	#	ko=	rèy',#	2SG=	AUX.must	EXIST	card	inhabitant	#	if	EXIST.NEG	=DIR.PROX	ZERO	#	HES	HES,"You have to have an identity card. If (you) don't have it, you can't (go out).",en,WORD_ALIGNED,,mapalus_mp3 mapalus_wav mapalus_eaf mapalus_xml mapalus_tsv,,51910,54960,##	=pro.2:dt	aux	other:predex	np:s	rn_np.h	#ac	other	other:predex	=other	0:s	##	nc	nc,,mapalus
mapalus_0019,mctondano,"kotaanganèanou, taanganèa",ko=	taang-an	=nèa	=mow	#	ZERO	taang-an	=nèa,2SG.NOM=	intercept-LV	=3PL.GEN	=CMP	#	ZERO	intercept-LV	=3PL.GEN,They would hold you up [i.e. not let you leave]. They would hold (you) up.,en,MORPHEME_ALIGNED,,mapalus_mp3 mapalus_wav mapalus_eaf mapalus_xml mapalus_tsv,,54999,56716,=pro.2:p_u	v:pred	=pro.h:a_u	=rv	##	0.2:p_u	v:pred	=pro.h:a_u,,mapalus
mapalus_0020,mctondano,baya emparampatan wewèan pos nèbrawijaya,#	waya	N=	perempatan	wewèan	pos	nè=	Brawijaya,#	all	INAN=	quarter	EXIST	post	AN.PL.GEN=	PN,All of the neighbourhood quarters had Brawijaya checkpoints.,en,MORPHEME_ALIGNED,,mapalus_mp3 mapalus_wav mapalus_eaf mapalus_xml mapalus_tsv,,56890,59710,##	ln	=ln	np:dt	other:predex	np:s	=rn	rn_np:poss,,mapalus
mapalus_0021,mctondano,"ya pengalaman nitu, ya",#	ya	pengalaman	ni'tu	ya,#	AFF	experience	DEM2	AFF,"Yes, that is the experience, yes.",en,MORPHEME_ALIGNED,,mapalus_mp3 mapalus_wav mapalus_eaf mapalus_xml mapalus_tsv,,60968,62968,##	nc	np:pred	pro:s	nc,,mapalus
mapalus_0022,mctondano,pengiiten nibrawijaya,#	ZERO	peN-ki'it-en	ni=	Brawijaya,#	ZERO	DYN-follow-PV	AN.SG.GEN=	PN,The Brawijaya regiment follows (us).,en,MORPHEME_ALIGNED,,mapalus_mp3 mapalus_wav mapalus_eaf mapalus_xml mapalus_tsv,,63870,66190,##	0.1:p_u	v:pred	=ln	np:a_u,,mapalus
mapalus_0023,mctondano,lutnan tèa taan siwèan ampit,#	lutnan	tarè	ta'an	si=	wewèan	ampit,#	lieutenant	new	however	3SG=	EXIST	spouse,"The new Lieutenant (followed me), but he had a wife.",en,MORPHEME_ALIGNED,,mapalus_mp3 mapalus_wav mapalus_eaf mapalus_xml mapalus_tsv,,66800,68810,##	np.h:other	rn	other	=pro.h:dt	other:predex	np.h:s,,mapalus
mapalus_0024,mctondano,he he,he he,he.he,Hah...,en,MORPHEME_ALIGNED,,mapalus_mp3 mapalus_wav mapalus_eaf mapalus_xml mapalus_tsv,,68929,70080,nc,,mapalus
mapalus_0025,mctondano,adoèla kuso'o,#	adu	=la	ku=	so'o,#	PART	=DIR.PROX	1SG.NOM=	AUX.don't.want,"Oh dear me, I don't want (to be courted by him).",en,MORPHEME_ALIGNED,,mapalus_mp3 mapalus_wav mapalus_eaf mapalus_xml mapalus_tsv,,72590,73980,#nc	nc	nc	nc	nc,,mapalus
mapalus_0026,mctondano,maan kuèdon kadang mengopas kusoo èdonou,#	ma'an	ku=	èdo-en	kadang	meN-opas	#	ku=	so'o	èdo-en	=mow	ZERO,#	although	1SG.NOM=	take-PV	sometimes	AV.DYN-fish	#	1SG.NOM=	AUX.don't.want	take-PV	=CMP	ZERO,Although sometimes a fisherman would take me out. I didn't want (him) to take me out (either).,en,MORPHEME_ALIGNED,,mapalus_mp3 mapalus_wav mapalus_eaf mapalus_xml mapalus_tsv,,74421,76939,#ac	other	=pro.1:p_u	v:pred	rv	np.h:a_u	##	=pro.1:p_u	aux	v:pred	=rv	0.h:a_u,,mapalus
mapalus_0027,mctondano,ya keadaan memaksa,#	ya	ka-ada-an	ZERO	ma-maksa,#	AFF	NR-EXIST-NR	ZERO	AV.DYN-coerce,"Yes, (he) forced this situation (on me).",en,MORPHEME_ALIGNED,,mapalus_mp3 mapalus_wav mapalus_eaf mapalus_xml mapalus_tsv,,80360,82100,##	nc	np:p_a	0.h:a_a	v:pred,,mapalus
mapalus_0028,mctondano,daripada kusinusuyanèamou.,#	daripada	ku=	s<in>usui-an	=nèa	=mow,#	than	1SG.NOM=	<PST>speak-LV	=3PL.GEN	=CMP,"Rather than them having spoken to me [i.e. rather than asking me, they forced me to go out with them].",en,MORPHEME_ALIGNED,,mapalus_mp3 mapalus_wav mapalus_eaf mapalus_xml mapalus_tsv,,82900,85720,##	other	=pro.1:p_u	v:pred	=pro.h:a_u	=rv,,mapalus
mapalus_0029,mctondano,mèamou memema'ayang kua brèds o sèanu,#	ZERO	<um>èa	=mow	meN-pa'ayang	ku'a	bridge	wo	sè=	anu,#	ZERO	<AV>go	=CMP	AV.DYN-work	PART	bridge	with	AN.PL=	NON.SPEC,"(We) would go to play bridge then, with what's their name.",en,MORPHEME_ALIGNED,,mapalus_mp3 mapalus_wav mapalus_eaf mapalus_xml mapalus_tsv,,85780,88510,##	0.1:a_a	lv	=rv	v:pred	other	np:p_a	ln	=ln	np.h:obl,,mapalus
mapalus_0030,mctondano,ee sisapa?,#	ee	si=	sapa,#	HES	3SG.NOM=	what,"Erh, who was it?",en,MORPHEME_ALIGNED,,mapalus_mp3 mapalus_wav mapalus_eaf mapalus_xml mapalus_tsv,,89760,91200,##	nc	=pro.h:s	other:pred,,mapalus
mapalus_0031,mctondano,sèloi mana,#	sè=	loi	mana,#	AN.PL=	NC	HES,The (unclear)? in,en,MORPHEME_ALIGNED,,mapalus_mp3 mapalus_wav mapalus_eaf mapalus_xml mapalus_tsv,,92450,93910,#nc	nc	nc	nc,,mapalus
mapalus_0032,mctondano,waki katinggolan ti'i,waki	Katinggolan	iti'i,PREP3	PN	DEM2,in that Katinggolan (village).,en,MORPHEME_ALIGNED,,mapalus_mp3 mapalus_wav mapalus_eaf mapalus_xml mapalus_tsv,,94470,96430,nc	nc	nc,,mapalus
mapalus_0033,mctondano,[unintelligible; second person talking in the background],NC,NC,[UNINTELLIGIBLE],en,MORPHEME_ALIGNED,,mapalus_mp3 mapalus_wav mapalus_eaf mapalus_xml mapalus_tsv,,96720,99450,nc,,mapalus
mapalus_0034,mctondano,dèi' ya,rèy'	ya,not	AFF,"No, yes.",en,MORPHEME_ALIGNED,,mapalus_mp3 mapalus_wav mapalus_eaf mapalus_xml mapalus_tsv,,99680,100760,nc	nc,,mapalus
mapalus_0035,mctondano,sia,#	sia,#	3SG,He,en,MORPHEME_ALIGNED,,mapalus_mp3 mapalus_wav mapalus_eaf mapalus_xml mapalus_tsv,,100931,102016,##	pro.h:s,,mapalus
mapalus_0036,mctondano,rèi,rèy',not,is not,en,MORPHEME_ALIGNED,,mapalus_mp3 mapalus_wav mapalus_eaf mapalus_xml mapalus_tsv,,102682,103460,neg,,mapalus
mapalus_0037,mctondano,keruk mayor ti'i,keruk	mayor	iti'i,NC	major	DEM2,that Major.,en,MORPHEME_ALIGNED,,mapalus_mp3 mapalus_wav mapalus_eaf mapalus_xml mapalus_tsv,,104586,105714,ln	np.h:pred	rn,,mapalus
mapalus_0038,mctondano,[unintelligible; second person talking in the background],NC,NC,[UNINTELLIGIBLE],en,MORPHEME_ALIGNED,,mapalus_mp3 mapalus_wav mapalus_eaf mapalus_xml mapalus_tsv,,106863,109089,nc,,mapalus
mapalus_0039,mctondano,dan niaku kinaliurangkumou ngarana,#	dan	niaku	k<in>a-liur-an	=ku	=mow	ngaran	=na,#	and	1PL.EX	STAT.PST-know-LV	=1SG.GEN	=CMP	name	=3SG.GEN,"And as for me, I have forgotten his name.",en,MORPHEME_ALIGNED,,mapalus_mp3 mapalus_wav mapalus_eaf mapalus_xml mapalus_tsv,,109536,111923,##	other	pro.1:dt_a_u	v:pred	=pro.1:a_u	=rv	np:p_u	=rn_pro.h:poss,,mapalus
mapalus_0040,mctondano,pengiingiiten nibrawijaya,#	ZERO	peN-ki'it-ki'it-en	ni=	Brawijaya,#	ZERO	DYN-RDP-follow-PV	AN.SG.GEN=	PN,The Brawijaya regiment is following (me).,en,MORPHEME_ALIGNED,,mapalus_mp3 mapalus_wav mapalus_eaf mapalus_xml mapalus_tsv,,114918,117254,##	0.1:p_u	v:pred	=ln	np:a_u,,mapalus
mapalus_0041,mctondano,"mèa ma'ayang badminton sa kuano, siwo",#	ZERO	<um>èa	<um>pa'ayang	badminton	#	sa	ku=	anu	siwo-en	ZERO,#	ZERO	<AV>go	<AV>work	badminton	#	if	1SG.NOM=	NON.SPEC	do-PV	ZERO,"(I) went to play badminton if (they) whatsit, would make me.",en,MORPHEME_ALIGNED,,mapalus_mp3 mapalus_wav mapalus_eaf mapalus_xml mapalus_tsv,,117300,120350,##	0.1:a_a	lv	v:pred	np:p_a	#ac	other	=pro.1:p_u	nc	v:pred	0.h:a_u,,mapalus
mapalus_0042,mctondano,simèamou,#	si=	<um>èa	=mow,#	3SG.NOM=	<AV>go	=CMP,He would go.,en,MORPHEME_ALIGNED,,mapalus_mp3 mapalus_wav mapalus_eaf mapalus_xml mapalus_tsv,,120610,121650,##	=pro.h:s	v:pred	=rv,,mapalus
mapalus_0043,mctondano,èpè,sè=	pè,HES	HES,Err...,en,WORD_ALIGNED,,mapalus_mp3 mapalus_wav mapalus_eaf mapalus_xml mapalus_tsv,,122250,123093,nc	nc,,mapalus
mapalus_0044,mctondano,sitèa magoremèè mbaya sèloo'nala,#	si=	tèa	ma-ghorèm	=mèè	#	N=	waya	sè=	loo'-en	=na	=la,#	3SG.NOM=	new	AV.DYN-enter	=DIR.MED	#	INAN=	all	3PL.NOM=	see-PV	=3SG.GEN	=DIR.PROX,"As soon as he entered (my neighbourhood), he would see them (everyone).",en,MORPHEME_ALIGNED,,mapalus_mp3 mapalus_wav mapalus_eaf mapalus_xml mapalus_tsv,,123136,125267,##	=pro.h:s	lv	v:pred	=rv	##	=other	other	=pro.h:p_u	v:pred	=pro.h:a_u	=rv,,mapalus
mapalus_0045,mctondano,ada situ tapè nona,#	ada	situ	tapè	nona,#	EXIST	there	1SG.GEN	young.woman,My young sister was there [Manado Malay code mixing].,en,MORPHEME_ALIGNED,,mapalus_mp3 mapalus_wav mapalus_eaf mapalus_xml mapalus_tsv,,125272,126642,##	other:predex	other	nc_pro.1	np.h:s,,mapalus
mapalus_0046,mctondano,he he,he he,he.he,Hah...,en,MORPHEME_ALIGNED,,mapalus_mp3 mapalus_wav mapalus_eaf mapalus_xml mapalus_tsv,,126751,127523,nc,,mapalus
mapalus_0047,mctondano,kakuruala kumekekirong,#	kakuruala	ku=	ma-Ce-kirong,#	sometimes	1SG.NOM=	AV.DYN-IRR-conceal,Sometimes I want to hide.,en,MORPHEME_ALIGNED,,mapalus_mp3 mapalus_wav mapalus_eaf mapalus_xml mapalus_tsv,,128370,130460,##	other	=pro.1:s	v:pred,,mapalus
mapalus_0048,mctondano,kumekekirong,#	ku=	ma-Ce-kirong,#	1SG.NOM=	AV.DYN-conceal,I want to hide.,en,WORD_ALIGNED,,mapalus_mp3 mapalus_wav mapalus_eaf mapalus_xml mapalus_tsv,,131565,132501,##	=pro.1:s	v:pred,,mapalus
mapalus_0049,mctondano,so'o kaa si,so'o	#	ka'a	si=,AUX.don't.want	#	because	HES,(I) don't want (him) because he,en,WORD_ALIGNED,,mapalus_mp3 mapalus_wav mapalus_eaf mapalus_xml mapalus_tsv,,132548,133416,nc	#ac	other	nc,,mapalus
mapalus_0050,mctondano,siwewèan ampit,si=	wewèan	ampit,1SG=	EXIST	spouse,he already has a wife.,en,MORPHEME_ALIGNED,,mapalus_mp3 mapalus_wav mapalus_eaf mapalus_xml mapalus_tsv,,133442,134480,=pro.h:dt	other:predex	np.h:s,,mapalus
mapalus_0051,mctondano,kuramou sia?,#	kura	=mow	sia,#	how	=CMP	3SG,How about him [how could he court me when he already has a wife]?,en,MORPHEME_ALIGNED,,mapalus_mp3 mapalus_wav mapalus_eaf mapalus_xml mapalus_tsv,,134720,135840,##	other:pred	=other	pro.h:s,,mapalus
mapalus_0052,mctondano,jadi kasiang keadaan memaksa waktu nitu,#	jadi	kasihan	keadaan	ZERO	ma-maksa	waktu	ni'tu,#	thus	PART	NR-EXIST-NR	ZERO	AV.DYN-coerce	time	DEM2,"So dear me, (they) force this situation (on me) during that time.",en,WORD_ALIGNED,,mapalus_mp3 mapalus_wav mapalus_eaf mapalus_xml mapalus_tsv,,137050,139820,##	other	nc	np:p_a	0.h:a_a	v:pred	np:other	rn,,mapalus
mapalus_0053,mctondano,ya,ya,AFF,Yes.,en,MORPHEME_ALIGNED,,mapalus_mp3 mapalus_wav mapalus_eaf mapalus_xml mapalus_tsv,,140590,141010,nc,,mapalus
mapalus_0054,mctondano,sama skali kusoo nisia makirong,#	sama	sekali	ku=	so'o	nisa	#	ZERO	ma-kirong,#	same	very	1SG.NOM=	don't.want	3SG	#	ZERO	AV.DYN-conceal,In a similar way I didn't want him. I hide (from him).,en,MORPHEME_ALIGNED,,mapalus_mp3 mapalus_wav mapalus_eaf mapalus_xml mapalus_tsv,,142061,144175,##	other	other	=pro.1:a_a	v:other	pro.h:p_a	##	0.1:s	v:pred,,mapalus
mapalus_0055,mctondano,minawoopira minggu minèa maa kèkè tou entaler,#	m<in>a-wo'opira	minggu	ZERO	<im>èa	maan	kèkè	tow	N=	Taler,#	EV.STAT.PST-several	week	ZERO	<AV.PST>go	with	maiden	person	INAN=	PN,In several weeks (I) went with my younger friend (to) the Taler people.,en,MORPHEME_ALIGNED,,mapalus_mp3 mapalus_wav mapalus_eaf mapalus_xml mapalus_tsv,,145881,149311,##	other	np:other	0.1:s	v:pred	ln	np.h:obl	rn	=ln	np:l,,mapalus
mapalus_0056,mctondano,minèa makirong waki kendis,#	ZERO	<im>èa	ma-kirong	waki	Kendis,#	ZERO	<AV.PST>go	AV.DYN-conceal	PREP3	PN,(We) went to hide in Kendis.,en,MORPHEME_ALIGNED,,mapalus_mp3 mapalus_wav mapalus_eaf mapalus_xml mapalus_tsv,,149341,151034,##	0.1:s	lv	v:pred	adp	np:l,,mapalus
mapalus_0057,mctondano,sa jamou lima kumèa waki kendis,#	sa	jam	=mow	lima	ku=	<um>èa	waki	Kendis,#	if	hour	=CMP	five	1SG.NOM=	<AV>go	PREP3	PN,When it was already five o'clock I would go to Kendis.,en,MORPHEME_ALIGNED,,mapalus_mp3 mapalus_wav mapalus_eaf mapalus_xml mapalus_tsv,,151150,153550,#ac	other	np:other	=rn	rn	=pro.1:s	v:pred	adp	np:l,,mapalus
mapalus_0058,mctondano,mèa waki sètantaku esa,#	ZERO	<um>èa	waki	sè=	tanta	=ku	esa,#	ZERO	<AV>go	PREP3	AN.PL=	aunt	=1SG.GEN	one,(I) would go to my first aunt's place.,en,MORPHEME_ALIGNED,,mapalus_mp3 mapalus_wav mapalus_eaf mapalus_xml mapalus_tsv,,153600,155440,##	0.1:s	v:pred	adp	=ln	np.h:g	=rn_pro.1:poss	rn,,mapalus
mapalus_0059,mctondano,mèa matekel witula kuso'o matouanou sibrawijaya,#	ZERO	<um>èa	matekel	witu	=la	#	ku=	so'o	<um>ato-an	si=	Brawijaya,#	ZERO	<AV>go	AV.DYN-sleep	there	=DIR.PROX	#	1SG.NOM=	AUX.don't.want	<AV>look-MUT	AN.SG=	PN,(I) would go to stay there. I didn't want the Brawijaya regiment and me to meet.,en,WORD_ALIGNED,,mapalus_mp3 mapalus_wav mapalus_eaf mapalus_xml mapalus_tsv,,155510,159240,##	0.1:s	lv	v:pred	other	=other	##	=pro.1:s	aux	v:pred	=ln	np:s,,mapalus
mapalus_0060,mctondano,"kaa kinalininga'angkumou, wewèanou sisimusui ia niaku",#	ka'a	k<in>a-linga-an	=ku	=mow	#	wewèan	=mow	#	si=	s<im>usui	wia	niaku,#	because	STAT.PST-listen-LV	=1SG.GEN	=CMP	#	EXIST	=CMP	#	3SG.REL=	<AV.PST>speak	PREP1	1SG,Because I had heard (that) there was someone who had spoken about me (to the Brawijaya regiment).,en,MORPHEME_ALIGNED,,mapalus_mp3 mapalus_wav mapalus_eaf mapalus_xml mapalus_tsv,,161280,164650,##	other	v:pred	=pro.1:a_u	=rv	#cc:p_u	other:predex	=other	#rc:s	=pro.h:s	v:pred	adp	pro.1:g,,mapalus
mapalus_0061,mctondano,sa kukè loo'na wia elalan,#	sa	ku=	kèy=	loo'-en	=na	wia	N=	lalan,#	if	HES	1PL.EX.NOM=	see-PV	=3SG.GEN	PREP3	INAN=	road,"If he saw me, us on the road,",en,WORD_ALIGNED,,mapalus_mp3 mapalus_wav mapalus_eaf mapalus_xml mapalus_tsv,,165490,167460,#ac	other	nc	=pro.1:p_u	v:pred	=pro.h:a_u	adp	=ln	np:l,,mapalus
mapalus_0062,mctondano,kualinamou o noto alina aki bitung,#	ku=	ali-en	=na	wo	N=	oto	#	ZERO	ali-en	=na	waki	Bitung,#	1SG.NOM=	bring-PV	=3SG.GEN	with	INAN=	car	#	ZERO	bring-PV	=3SG.GEN	PREP3	PN,"he would take me with a car, he would take (me) to Bitung.",en,MORPHEME_ALIGNED,,mapalus_mp3 mapalus_wav mapalus_eaf mapalus_xml mapalus_tsv,,168827,171053,##	=pro.1:p_u	v:pred	=pro.h:a_u	ln	=ln	np:obl	##	0.h:p_u	v:pred	=pro.h:a_u	adp	np:l,,mapalus
mapalus_0063,mctondano,o kumakirong,#	wo	ku=	makirong,#	and	1SG.NOM=	AV.DYN-conceal,And I hide!,en,WORD_ALIGNED,,mapalus_mp3 mapalus_wav mapalus_eaf mapalus_xml mapalus_tsv,,171053,172189,##	other	=pro.1:s	v:pred,,mapalus
mapalus_0064,mctondano,susur kasiang sorèmou mèamou kumirong,#	susur	kasihan	sorè	=mow	ZERO	<um>èa	=mow	k<um>irong,#	every	PART	afternoon	=CMP	ZERO	<AV>go	=CMP	<AV>conceal,"Dear me, every afternoon I would go to hide.",en,MORPHEME_ALIGNED,,mapalus_mp3 mapalus_wav mapalus_eaf mapalus_xml mapalus_tsv,,173380,176040,##	other	nc	np:other	=rn	0.1:s	lv	=lv	v:pred,,mapalus
mapalus_0065,mctondano,èna pengancangancamen mamaku o ipapaku,#	èna	peN-ancam-ancam-en	ZERO	mama	=ku	wo	si=	papa	=ku,#	HES	DYN-RDP-threaten-PV	ZERO	mother	=1SG.GEN	and	AN.SG=	father	=1SG.GEN,(He) is threatening my mother and my father.,en,MORPHEME_ALIGNED,,mapalus_mp3 mapalus_wav mapalus_eaf mapalus_xml mapalus_tsv,,177550,180370,##	nc	v:pred	0.h:a_u	ln_np.h	=ln_pro.1:poss	ln	=ln	np.h:p_u	=rn_pro.1:poss,,mapalus
mapalus_0066,mctondano,wisakè aku,#	wisa	=kè	aku,#	where	=EPIS	1SG,(About) where I supposedly am.,en,MORPHEME_ALIGNED,,mapalus_mp3 mapalus_wav mapalus_eaf mapalus_xml mapalus_tsv,,180560,181850,##	other:pred	=other	pro.1:s,,mapalus
mapalus_0067,mctondano,laingkali lila' nipapaku minèa waki wènang,#	lainkali	ZERO	i-lila'	ni=	papa	=ku	#	ZERO	<im>èa	waki	Wènang,#	sometimes	ZERO	CV-tongue	AN.SG.GEN=	father	=1SG.GEN	#	ZERO	<AV.PST>go	PREP3	PN,"Sometimes my father would say (to him), ""(She's) gone to Manado"".",en,MORPHEME_ALIGNED,,mapalus_mp3 mapalus_wav mapalus_eaf mapalus_xml mapalus_tsv,,182050,185000,##	other	0.h:p_u	v:pred	=ln	np.h:a_u_ds	=rn_pro.1:poss	#ds	0.h:s	v:pred	adp	np:l,,mapalus
mapalus_0068,mctondano,laingkali ila'nala èi sikimaluar rèi kete'uan wisa nya,#	lainkali	ZERO	i-lila'	=na	=la	#	si=	k<im>aluar	#	ZERO	rèy'	ka-te'u-an	ZERO	wisa	nya,#	sometimes	ZERO	CV-tongue	=3SG.GEN	=DIR.PROX	#	3SG.NOM=	<AV.PST>go.out	#	ZERO	don't	STAT-know-LV	ZERO	where	PART,"Sometimes he would say (to them), ""She's gone out, (they) don't know where (she is).""",en,MORPHEME_ALIGNED,,mapalus_mp3 mapalus_wav mapalus_eaf mapalus_xml mapalus_tsv,,186490,190470,##	other	0.h:p_u	v:pred	=pro.h:a_u_ds	=rv	#ds	=pro.h:s	v:pred	##	0.h:p_u	neg	v:pred	0.h:a_u	other	nc,,mapalus
mapalus_0069,mctondano,padahal kete'uanèa kuwaki kendis,#	padahal	ka-te'u-an	=nèa	#	ku=	waki	Kendis,#	although	STAT-know-LV	=3PL.GEN	#	1SG.NOM=	PREP3	PN,"Athough (they) knew (that) as for me, I was in Kendis.",en,MORPHEME_ALIGNED,,mapalus_mp3 mapalus_wav mapalus_eaf mapalus_xml mapalus_tsv,,190650,193340,##	other	v:pred	=pro.h:a_u	#cc:p_u	=pro.1:s	adp	np:pred_l,,mapalus
mapalus_0070,mctondano,jadi,#	jadi,#	thus,"So,",en,MORPHEME_ALIGNED,,mapalus_mp3 mapalus_wav mapalus_eaf mapalus_xml mapalus_tsv,,193580,194410,##	other,,mapalus
mapalus_0071,mctondano,pengalaman kèimepepalus,pengalaman	kèy=	ma-Ce-palus,experience	1PL.EX.NOM=	AV.DYN-IRR-work.together,"(this) experience, we want to work together [to avoid the TNI].",en,MORPHEME_ALIGNED,,mapalus_mp3 mapalus_wav mapalus_eaf mapalus_xml mapalus_tsv,,195240,197410,np:other	=pro.1:s	v:pred,,mapalus
mapalus_0072,mctondano,ya,ya,AFF,Yes.,en,MORPHEME_ALIGNED,,mapalus_mp3 mapalus_wav mapalus_eaf mapalus_xml mapalus_tsv,,198250,199540,nc,,mapalus
mapalus_0073,mctondano,"masuweng, kèimepepalus kèitiga pulu tuju niaku kumasuweng",#	ZERO	ma-suweng	#	kèy=	ma-Ce-palus	#	kèy=	tiga	puluh	tujuh	#	niaku	ku=	ma-suweng,#	ZERO	AV.DYN-community.work	#	1PL.EX.NOM=	AV.DYN-IRR-work.together	#	1PL.EX.NOM=	three	ten	seven	#	1PL.EX	1SG.EX.NOM=	AV.DYN-community.work,"(We) do community work. We will do collective work. There are 37 of us, as for me, I do community work.",en,MORPHEME_ALIGNED,,mapalus_mp3 mapalus_wav mapalus_eaf mapalus_xml mapalus_tsv,,200636,204240,##	0.1:s	v:pred	##	=pro.1:s	v:pred	##	=pro.1:s	ln	other:pred	rn	##	pro.1:dt_s	=pro.1:s	v:pred,,mapalus
mapalus_0074,mctondano,rèi maliur kèiwaki,#	ZERO	rèy'	ma-liur	#	kèy=	waki,#	ZERO	not	EV.STAT-forget	#	1PL.EX.NOM=	PREP3,(I) won't forget (that) we were in,en,MORPHEME_ALIGNED,,mapalus_mp3 mapalus_wav mapalus_eaf mapalus_xml mapalus_tsv,,205786,207952,##	0.1:a_a	neg	v:pred	#cc:p_a	=pro.1:s	adp,,mapalus
mapalus_0075,mctondano,karokoaan waki,karokoaan	#	ZERO	waki,PN	#	ZERO	PREP3,"Karokoaan. (We) were at (the place of),",en,MORPHEME_ALIGNED,,mapalus_mp3 mapalus_wav mapalus_eaf mapalus_xml mapalus_tsv,,208032,209518,np:pred_l	##	0.1:s	adp,,mapalus
mapalus_0076,mctondano,tou règèsan,tow	Règèsan,person	PN,the Regesan people.,en,MORPHEME_ALIGNED,,mapalus_mp3 mapalus_wav mapalus_eaf mapalus_xml mapalus_tsv,,209637,210518,np.h:pred_l	rn_np,,mapalus
mapalus_0077,mctondano,kèièdoan foto nisapa?,#	kèy=	èdo-an	foto	ni=	sapa,#	1PL.EX.NOM=	take-LV	photo	AN.SG.GEN=	who,Who would take our photo?,en,MORPHEME_ALIGNED,,mapalus_mp3 mapalus_wav mapalus_eaf mapalus_xml mapalus_tsv,,211239,213397,##	=pro.1:p_u	v:pred	np:obl	=ln	pro.h:a_u,,mapalus
mapalus_0078,mctondano,mèmang wèan mengingia petersong,#	mèmang	wewèan	#	ZERO	meN-wia-wia	Petersong,#	truly	EXIST	#	ZERO	EV.STAT-here	PN,There were truly those who were here at Petersong (church).,en,WORD_ALIGNED,,mapalus_mp3 mapalus_wav mapalus_eaf mapalus_xml mapalus_tsv,,213920,217410,##	other	other:predex	#rc:s	0.h:s	v:pred	np:l,,mapalus
mapalus_0079,mctondano,ya kèinialian pernah nialianami foto ta'an rei'mou kalio,#	ya	kèy=	<in>ali-an	ZERO	#	pernah	<in>ali-an	=mi	ZERO	foto	#	ta'an	ZERO	rèy'	=mow	kaliong,#	AFF	1PL.EX.NOM=	<PST>bring-LV	ZERO	#	once	<PST>bring-LV	=DIR.DIST	ZERO	photo	#	however	ZERO	not	=CMP	lost,(They) took us. (They) took photos but (they) are already lost.,en,MORPHEME_ALIGNED,,mapalus_mp3 mapalus_wav mapalus_eaf mapalus_xml mapalus_tsv,,218260,222810,##	nc	=pro.1:p_u	v:pred	0.h:a_u	##	other	v:pred	=rv	0.h:a_u	np:p_u	##	other	0:s	neg	=other	other:pred,,mapalus
mapalus_0080,mctondano,pengalaman dulu,#	ZERO	pengalaman	dulu,#	ZERO	experience	before,(It) is the experience of earlier times.,en,MORPHEME_ALIGNED,,mapalus_mp3 mapalus_wav mapalus_eaf mapalus_xml mapalus_tsv,,226090,227350,##	0:s	np:pred	rn,,mapalus
mapalus_0081,mctondano,ta'an pertama kali kua sebelum permèsta kèimèmang minèa metanding ma melansa wia enkolèt,#	ta'an	pertama	kali	ku'a	sebelum	Permèsta	kèy=	mèmang	<im>èa	=mow	ma-tanding	#	ZERO	ma—	ma-lansa	wia	N=	kolèt,#	however	first	time	PART	before	PN	1PL.EX.NOM=	truly	<AV.PST>go	=CMP	AV.DYN-compete	#	ZERO	HES	AV.DYN-dance	PREP1	INAN=	PN,But in the first times before the Permesta rebellion we truly went to compete. (We) dance at Kolet.,en,MORPHEME_ALIGNED,,mapalus_mp3 mapalus_wav mapalus_eaf mapalus_xml mapalus_tsv,,228600,234600,##	other	other	np:other	nc	other	np:other	=pro.1:s	lv	lv	=lv	v:pred	##	0.1:s	nc	v:pred	adp	=ln	np:l,,mapalus
mapalus_0082,mctondano,jadi ya,#	jadi	ya,#	thus	AFF,"So, yes,",en,MORPHEME_ALIGNED,,mapalus_mp3 mapalus_wav mapalus_eaf mapalus_xml mapalus_tsv,,236470,237650,##	other	nc,,mapalus
mapalus_0083,mctondano,wèèmoula empergaulan luas sadiki jadi,i-wèè	ZERO	=mow	=la	N=	pergaulan	luas	sadiki	#	jadi,CV-give	ZERO	=CMP	=DIR.PROX	INAN=	association	broad	small	#	thus,"(we) gave some wide ranging association (with others). So,",en,MORPHEME_ALIGNED,,mapalus_mp3 mapalus_wav mapalus_eaf mapalus_xml mapalus_tsv,,238490,241700,v:pred	0.h:a_u	=rv	=rv	=ln	np:p_u	rn	other	##	other,,mapalus
mapalus_0084,mctondano,ta'an makèidè' engkaa minamuali,ta'an	ZERO	maka-idè'	#	N=	ka'a	ZERO	m<in>a-muali,however	ZERO	AV.POT-afraid	#	INAN=	beause	ZERO	EV.STAT.PST-become,But (we) could be afraid because (we) were already together [the men and the women].,en,MORPHEME_ALIGNED,,mapalus_mp3 mapalus_wav mapalus_eaf mapalus_xml mapalus_tsv,,245070,247560,other	0.1:s	v:pred	#ac	=other	other	0.1:s	v:pred,,mapalus
mapalus_0085,mctondano,ya ya komatingkatingkasoukan ya,#	ya	ya	ko=	ma-tingkas-tingkas	=mowkan	ya,#	AFF	AFF	2SG.NOM=	AV.DYN-RDP-run	=definitely	AFF,"Yes yes, you just run away, yes.",en,MORPHEME_ALIGNED,,mapalus_mp3 mapalus_wav mapalus_eaf mapalus_xml mapalus_tsv,,248070,251020,##	nc	nc	=pro.2:s	v:pred	=rv	nc,,mapalus
mapalus_0086,mctondano,ta'an ya so bagitu,#	ta'an	ya	ZERO	so	bagitu,#	however	AFF	ZERO	already	thus,"But yes (it) is already thus [Manado Malay code mixing],",en,MORPHEME_ALIGNED,,mapalus_mp3 mapalus_wav mapalus_eaf mapalus_xml mapalus_tsv,,251220,252820,##	other	nc	0:s	other	other,,mapalus
mapalus_0087,mctondano,keadaan perang,ka-ada-an	perang,NR-EXIST-NR	war,the war situation.,en,MORPHEME_ALIGNED,,mapalus_mp3 mapalus_wav mapalus_eaf mapalus_xml mapalus_tsv,,253390,254740,other:pred	rn_np,,mapalus
mapalus_0088,mctondano,pengalaman waktu,#	pengalaman	waktu,#	experience	when,"The experience when,",en,MORPHEME_ALIGNED,,mapalus_mp3 mapalus_wav mapalus_eaf mapalus_xml mapalus_tsv,,256690,258460,##	np:s	np:other,,mapalus
mapalus_0089,mctondano,èbrawijaya wia,sè=	Brawijaya	wia,AN.PL=	PN	here,the Brawijaya regiment are here.,en,MORPHEME_ALIGNED,,mapalus_mp3 mapalus_wav mapalus_eaf mapalus_xml mapalus_tsv,,258530,260030,=ln	np:pred	other,,mapalus
mapalus_0090,mctondano,jadi,#	jadi,#	thus,"So,",en,MORPHEME_ALIGNED,,mapalus_mp3 mapalus_wav mapalus_eaf mapalus_xml mapalus_tsv,,260290,261050,##	other,,mapalus
mapalus_0091,mctondano,pernah kèiminèa waki uma nèi tele'u engkartu penduduk,pernah	kèy=	<im>èa	waki	uma	#	nèy	tele'u	ZERO	N=	kartu	penduduk,ever	1PL.EX.NOM=	<AV.PST>go	PREP3	field	#	CV.PST	remain	ZERO	INAN=	card	inhabitant,once we went to the fields. (I) left the identity card there.,en,MORPHEME_ALIGNED,,mapalus_mp3 mapalus_wav mapalus_eaf mapalus_xml mapalus_tsv,,262800,265728,other	=pro.1:s	v:pred	adp	np:l	##	lv	v:pred	0.1:a_u	=ln	np:p_u	rn_np.h,,mapalus
mapalus_0092,mctondano,penèron kartu penduduku ndèimou wia,#	peN-sèro-en	ZERO	kartu	penduduk	=ku	#	ZERO	N=	rèy'	=mow	wia,#	DYN-search-PV	ZERO	card	inhabitant	=1SG.GEN	#	ZERO	INAN=	not	=CMP	here,"(I) search for the identity card, it's no longer here.",en,MORPHEME_ALIGNED,,mapalus_mp3 mapalus_wav mapalus_eaf mapalus_xml mapalus_tsv,,265732,267766,##	v:pred	0.1:a_u	np:p_u	rn_np.h	=rn_pro.1:poss	##neg	0:s	=other	lv	=lv	other:pred,,mapalus
mapalus_0093,mctondano,nèimou isi ninitentara witu sakenarè,#	ZERO	nèy	=mow	isi	ni=	ni=	tentara	witu	Sakenarè,#	ZERO	CV.PST	=CMP	fill	HES	AN.SG.GEN=	army	PREP2	PN,The army contained us at Sakenare.,en,WORD_ALIGNED,,mapalus_mp3 mapalus_wav mapalus_eaf mapalus_xml mapalus_tsv,,268930,272230,##	0.1:p_u	lv	=other	v:pred	nc	=ln	np.h:a_u	adp	np:l,,mapalus
mapalus_0094,mctondano,ta'an kakurula o èlo sa kupontarenèa waki ro'ong,#	ta'an	kakuruala	o	wèlow	sa	ku=	pontar-en	=nèa	waki	ro'ong,#	however	sometimes	PART	PART	if	1SG.NOM=	hold.up-PV	=3PL.GEN	PREP3	rural.area,"But sometimes, oh dear me, if they would waylay me in the countryside.",en,MORPHEME_ALIGNED,,mapalus_mp3 mapalus_wav mapalus_eaf mapalus_xml mapalus_tsv,,273180,276600,##	other	other	nc	nc	other	=pro.1:p_u	v:pred	=pro.h:a_u	adp	np:l,,mapalus
mapalus_0095,mctondano,"kurèi'mou,kumengumurmou empenjara rèè",#	ku=	rèy'	=mow	ku=	meN-umur	=mow	N=	penjara	rè'èn,#	HES	not	=CMP	1SG.NOM=	EV.STAT-age	=CMP	INAN=	jail	PART,"I no longer, I age (in) jail then [they would put me in jail].",en,WORD_ALIGNED,,mapalus_mp3 mapalus_wav mapalus_eaf mapalus_xml mapalus_tsv,,277280,280510,##	nc	nc	nc	=pro.1:s	v:pred	=rv	=ln	np:l	nc,,mapalus
mapalus_0096,mctondano,ya ku,#	ya	ku=,#	AFF	HES,"Yes, me.",en,WORD_ALIGNED,,mapalus_mp3 mapalus_wav mapalus_eaf mapalus_xml mapalus_tsv,,280829,282144,#nc	nc	nc,,mapalus
mapalus_0097,mctondano,kuwèèna kela engkartu penduduk,#	ku=	wèè-en	=na	o	kela	N=	kartu	penduduk,#	1SG.NOM=	give-PV	=3SG.GEN	PART	PART	INAN=	card	inhabitant,"Oh dear, then he would give me an identity card.",en,MORPHEME_ALIGNED,,mapalus_mp3 mapalus_wav mapalus_eaf mapalus_xml mapalus_tsv,,283360,285960,##	=pro.1:p_u	v:pred	=pro.h:a_u	nc	nc	=ln	np:obl	rn_np.h,,mapalus
mapalus_0098,mctondano,kèimarèngi o kela,#	kèy=	<um>warèng	=mi	o	kala,#	1PL.EX.NOM=	<AV>return.home	=DIR.DIST	PART	PART,"We would return home, oh goodness.",en,MORPHEME_ALIGNED,,mapalus_mp3 mapalus_wav mapalus_eaf mapalus_xml mapalus_tsv,,286520,288640,##	=pro.1:s	v:pred	=rv	nc	nc,,mapalus
mapalus_0099,mctondano,mulaimèè nitu kuso'omou mèi aki uma,#	mulai	=mèè	ni'tu	ku=	so'o	=mow	<um>èy	waki	uma,#	begin	=DIR.MED	DEM2	1SG.NOM=	AUX.don't.want	=CMP	<AV>come	PREP3	field,From that point on I don't want to go to the fields.,en,MORPHEME_ALIGNED,,mapalus_mp3 mapalus_wav mapalus_eaf mapalus_xml mapalus_tsv,,288700,290930,##	other	=other	other	=pro.1:s	aux	=lv	v:pred	adp	np:l,,mapalus
mapalus_0100,mctondano,taan pengalaman tèmpo anu,#	ta'an	pengalaman	tèmpo	anu,#	however	experience	time	NON.SPEC,"But the experience of that time, whatsit,",en,MORPHEME_ALIGNED,,mapalus_mp3 mapalus_wav mapalus_eaf mapalus_xml mapalus_tsv,,292989,295304,##	other	np:s	rn_np	nc,,mapalus
mapalus_0101,mctondano,mepepalus,ma-Ce-palus,AV.DYN-IRR-work.together,is collective working.,en,MORPHEME_ALIGNED,,mapalus_mp3 mapalus_wav mapalus_eaf mapalus_xml mapalus_tsv,,295860,297130,np:pred,,mapalus
mapalus_0102,mctondano,èi kèitiga pulu tuju,#	èy	kèy=	tiga	puluh	tujuh,#	PART	1PL.EX.NOM=	three	ten	seven,"Hey, there are 37 of us.",en,MORPHEME_ALIGNED,,mapalus_mp3 mapalus_wav mapalus_eaf mapalus_xml mapalus_tsv,,297200,299160,##	nc	=pro.1:s	ln	other:pred	rn,,mapalus
mapalus_0103,mctondano,niaku kumasuweng wia nisèa,#	niaku	ku=	ma-suweng	wia	nisèa,#	1SG	1SG.NOM=	AV.DYN-community.work	PREP1	3PL,I do community work for them.,en,MORPHEME_ALIGNED,,mapalus_mp3 mapalus_wav mapalus_eaf mapalus_xml mapalus_tsv,,299762,301685,##	pro.1:dt_s	=pro.1:s	v:pred	adp	pro.h:obl,,mapalus
mapalus_0104,mctondano,ta'an wèta kulinèbèan jam,#	ta'an	wèta	ku=	l<in>èbè-an	ZERO	jam,#	however	PART	1SG.NOM=	<PST>more-LV	ZERO	hour,But they added me (my work) hours.,en,MORPHEME_ALIGNED,,mapalus_mp3 mapalus_wav mapalus_eaf mapalus_xml mapalus_tsv,,302974,304961,##	other	nc	=pro.1:p_u	v:pred	0.h:a_u	np:other,,mapalus
mapalus_0105,mctondano,ta'an kulinèbèan jam kaa kumasuweng,#	ta'an	ku=	l<in>èbè-an	ZERO	jam	#	ka'a	ku=	ma-suweng,#	however	1SG.NOM=	<PST>more-LV	ZERO	hour	#	because	1SG.NOM=	AV.DYN-community.work,But they added me (my work) hours because I do community work.,en,MORPHEME_ALIGNED,,mapalus_mp3 mapalus_wav mapalus_eaf mapalus_xml mapalus_tsv,,305042,307446,##	other	=pro.1:p_u	v:pred	0.h:a_u	np:other	#ac	other	=pro.1:s	v:pred,,mapalus
mapalus_0106,mctondano,itu rèkèn empengalamana,#	itu	rèkèn	N=	pengalaman	=na,#	DEM2	count	INAN=	experience	=3SG.GEN,That is the total experience.,en,MORPHEME_ALIGNED,,mapalus_mp3 mapalus_wav mapalus_eaf mapalus_xml mapalus_tsv,,309100,310870,##	pro:s	ln	=ln	np:pred	=rn_pro:poss,,mapalus
mapalus_0107,mctondano,matulung sètu'a,#	ZERO	ma-tulung	sè=	tu'a,#	ZERO	AV.DYN-help	AN.PL=	old,(We) help the elders.,en,MORPHEME_ALIGNED,,mapalus_mp3 mapalus_wav mapalus_eaf mapalus_xml mapalus_tsv,,313000,314390,##	0.1:a_a	v:pred	=ln	np.h:p_a,,mapalus
mapalus_0108,mctondano,tu pepalus waya ma,#	tu	ZERO	ma-palus	waya	ma—,#	then	ZERO	AV.DYN-work.together	all	HES,Then (we) all work together.,en,MORPHEME_ALIGNED,,mapalus_mp3 mapalus_wav mapalus_eaf mapalus_xml mapalus_tsv,,315183,316817,##	other	0.1:s	v:pred	rn	nc,,mapalus
mapalus_0109,mctondano,mepa'ayang wia numa jadi,#	ZERO	ma-pa'ayang	wia	N=	uma	#	jadi,#	ZERO	AV.DYN-work	PREP1	INAN=	field	#	thus,"We work in the fields. So,",en,MORPHEME_ALIGNED,,mapalus_mp3 mapalus_wav mapalus_eaf mapalus_xml mapalus_tsv,,316842,318710,##	0.1:s	v:pred	adp	=ln	np:l	##	other,,mapalus
mapalus_0110,mctondano,tu mèng pengalamanèa,itu	mèmang	pengalaman	=nèa,DEM2	truly	experience	=3PL.GEN,That is truly their experience.,en,MORPHEME_ALIGNED,,mapalus_mp3 mapalus_wav mapalus_eaf mapalus_xml mapalus_tsv,,319744,321510,pro:s	other	np:pred	=rn_pro.h:poss,,mapalus
mapalus_0111,mctondano,ya kiok idè sa komawingkung,#	ya	kiok	idè	sa	ko=	ma-wingkung,#	AFF	PART	NC	if	2SG.NOM=	AV.DYN-hoe.the.ground,"Yes , unfortunately, if you hoe the ground,",en,MORPHEME_ALIGNED,,mapalus_mp3 mapalus_wav mapalus_eaf mapalus_xml mapalus_tsv,,322640,325080,#ac	nc	nc	nc	other	=pro.2:s	v:pred,,mapalus
mapalus_0112,mctondano,kolumoo'la embusa wowosou,#	ko=	l<um>oo'	=la	N=	wusa	wowos	=mow,#	2SG.NOM=	<AV>see	=DIR.PROX	INAN=	pineapple	ripe	=CMP,You would see a ripe pineapple.,en,MORPHEME_ALIGNED,,mapalus_mp3 mapalus_wav mapalus_eaf mapalus_xml mapalus_tsv,,325574,327297,##	=pro.2:a_a	v:pred	=rv	=ln	np:p_a	rn	=other,,mapalus
mapalus_0113,mctondano,lutu tatèa batumbang bangkengoula enguntengena mewingkung kaanenou kua haha,lutu'	#	ta=	tarè	ba-tumbang	ZERO	#	ZERO	wangkèng-en	ZERO	=mow	=la	wo	N=	gunteng	=na	#	ZERO	ma-wingkung	ZERO	#	ZERO	kaan-en	ZERO	=mow	ku'a	ha ha,ripe	#	1PL.IN.NOM=	recently	AV.DYN-fall.down	ZERO	#	ZERO	crush-PV	ZERO	=CMP	=DIR.PROX	with	INAN=	scissor	=3SG.GEN	#	ZERO	AV.DYN-hoe.the.ground	ZERO	#	ZERO	rice-PV	ZERO	=CMP	PART	ha.ha,"We just brought it down (from the tree). (They) split it with a sharp object. (They) dig the ground (with it), (then) (we) would eat (the pinapple), right, ha ha.",en,MORPHEME_ALIGNED,,mapalus_mp3 mapalus_wav mapalus_eaf mapalus_xml mapalus_tsv,,327297,332220,rn	##	=pro.1:a_a	lv	v:pred	0:p_a	##	0:p_u	v:pred	0.h:a_u	=rv	=rv	ln	=ln	np:obl	=rn_pro:poss	##	0.h:a_a	v:pred	0:p_a	##	0:p_u	v:pred	0.1:a_u	=rv	nc	nc,,mapalus
mapalus_0114,mctondano,e he,e	he,e	he,Heh.,en,MORPHEME_ALIGNED,,mapalus_mp3 mapalus_wav mapalus_eaf mapalus_xml mapalus_tsv,,332488,333701,nc	nc,,mapalus
mapalus_0115,mctondano,ya komareèomou ya,#	ya	ko=	ma-rèo	=mow	ya,#	AFF	2SG.NOM=	EV.STAT-thirsty	=CMP	AFF,"Yes, you are thirsty, yes.",en,MORPHEME_ALIGNED,,mapalus_mp3 mapalus_wav mapalus_eaf mapalus_xml mapalus_tsv,,333810,335610,##	nc	=pro.2:s	v:pred	=rv	nc,,mapalus
mapalus_0116,mctondano,èi kakakurala kèimemingkumingkung kolumoola embusa,#	èy	kakuruala	kèy=	meN-wingkung-wingkung	#	ko=	l<um>oo'	=la	N=	wusa,#	PART	sometimes	1PL.EX.NOM=	AV.DYN-RDP-hoe.the.ground	#	2SG.NOM=	<AV>see	=DIR.PROX	INAN=	pineapple,Hey sometimes you are hoeing the ground (and) you would see a pineapple.,en,MORPHEME_ALIGNED,,mapalus_mp3 mapalus_wav mapalus_eaf mapalus_xml mapalus_tsv,,337060,340960,##	nc	other	=pro.1:s	v:pred	##	=pro.2:a_a	v:pred	=rv	=ln	np:p_a,,mapalus
mapalus_0117,mctondano,itu kuniroukan pupunoumi wèèmoula tu mbatu bangkèngenou waya,#	itu	kunir	=mowkan	#	ZERO	pa-upu-en	ZERO	=mow	=mi	#	ZERO	i-wèè	ZERO	=la	witu	N=	batu	#	ZERO	wangkèng-en	ZERO	=mow	waya,#	DEM2	yellow	=definitely	#	ZERO	DYN-pick-PV	ZERO	=CMP	=DIR.DIST	#	ZERO	CV-give	ZERO	=DIR.PROX	PREP2	INAN=	rock	#	ZERO	crush-PV	ZERO	=CMP	all,It's definitely yellow (ripe). (You) pick (it) up. (You) drop (it) on a rock. (You) crush all (of it).,en,MORPHEME_ALIGNED,,mapalus_mp3 mapalus_wav mapalus_eaf mapalus_xml mapalus_tsv,,341410,345660,##	pro:s	other:pred	=other	##	0:p_u	v:pred	0.2:a_u	=rv	=rv	##	0:p_u	v:pred	0.2:a_u	=rv	adp	=ln	np:g	##	0:p_u	v:pred	0.2:a_u	=rv	rv,,mapalus
mapalus_0118,mctondano,itu mineparuamou engkosenou,#	itu	m<in>a-parua	=mow	#	N=	kosong	=mow,#	DEM2	EV.STAT.PST-share	=CMP	#	3SG.NOM=	zero	=CMP,That (pineapple) was in half. (Then) it's gone (eaten).,en,MORPHEME_ALIGNED,,mapalus_mp3 mapalus_wav mapalus_eaf mapalus_xml mapalus_tsv,,345790,348420,##	pro:s	v:pred	=rv	##	=pro:s	v:pred	=other,,mapalus
mapalus_0119,mctondano,ya empengalaman ni sa wia numa,#	ya	N=	pengalaman	ini	#	sa	ZERO	wia	N=	uma	ya,#	AFF	INAN=	experience	DEM1	#	if	ZERO	PREP1	INAN=	field	AFF,"Yes this is the experience, if (you) are in the field, yes.",en,MORPHEME_ALIGNED,,mapalus_mp3 mapalus_wav mapalus_eaf mapalus_xml mapalus_tsv,,349540,352530,##	nc	=ln	np:pred	pro:s	#ac	other	0.2:s	adp	=ln	np:pred_l	nc,,mapalus
mapalus_0120,mctondano,koma'ana maèdo paai',#	ko=	ma-ana'	ma-èdo	paai',#	2SG.NOM=	AV.DYN-stay	AV.DYN-take	knife,You stop to take a knife [to cut the pineapple].,en,MORPHEME_ALIGNED,,mapalus_mp3 mapalus_wav mapalus_eaf mapalus_xml mapalus_tsv,,352848,354316,##	=pro.2:a_a	lv	v:pred	np:p_a,,mapalus
mapalus_0121,mctondano,o manamèè aki salu maowasa ni'tu,#	wo	ZERO	ma-ana'	=mèè	waki	salu	#	ZERO	ma-owas	ni'tu,#	and	ZERO	AV.DYN-stay	=DIR.MED	PREP3	ditch	#	ZERO	AV.DYN-wash	DEM2,And (you) stop in the ditch. (You) wash that (pineapple).,en,MORPHEME_ALIGNED,,mapalus_mp3 mapalus_wav mapalus_eaf mapalus_xml mapalus_tsv,,354333,356265,##	other	0.2:a_a	v:pred	=rv	adp	np:l	##	0.2:a_a	v:pred	pro:p_a,,mapalus
mapalus_0122,mctondano,rèimou itu wangkèngenoula,#	rèy'	=mow	itu	wangkèng-en	ZERO	=mow	=la,#	not	=CMP	DEM2	crush-PV	ZERO	=CMP	=DIR.PROX,You have not crushed that (pineapple).,en,MORPHEME_ALIGNED,,mapalus_mp3 mapalus_wav mapalus_eaf mapalus_xml mapalus_tsv,,356290,358750,##neg	other	=other	pro:p_u	v:pred	0.2:a_u	=rv	=rv,,mapalus
mapalus_0123,mctondano,tu kaanenou,#	tu	ZERO	kaan-en	ZERO	=mow,#	then	ZERO	rice-PV	ZERO	=CMP,Then (you) would eat (it).,en,MORPHEME_ALIGNED,,mapalus_mp3 mapalus_wav mapalus_eaf mapalus_xml mapalus_tsv,,358970,360280,##	other	0:p_u	v:pred	0.2:a_u	=rv,,mapalus
mapalus_0124,mctondano,daripada komarèo'mou,#	daripada	ko=	ma-rèo'	=mow,#	than	2SG.NOM=	EV.STAT-thirsty	=CMP,(Better) than you being thirsty.,en,MORPHEME_ALIGNED,,mapalus_mp3 mapalus_wav mapalus_eaf mapalus_xml mapalus_tsv,,363040,364650,##	other	=pro.2:s	v:pred	=rv,,mapalus
mapalus_0125,mctondano,jadi ya,#	jadi	ya,#	thus	AFF,"So yes,",en,MORPHEME_ALIGNED,,mapalus_mp3 mapalus_wav mapalus_eaf mapalus_xml mapalus_tsv,,365660,367230,##	other	nc,,mapalus
mapalus_0126,mctondano,itu kouman pengalaman ta'an ya,#	itu	kowman	pengalaman	#	ta'an	ya,#	DEM2	meanwhile	experience	#	however	AFF,"that on the other hand is the experience (of Permesta). But yes,",en,MORPHEME_ALIGNED,,mapalus_mp3 mapalus_wav mapalus_eaf mapalus_xml mapalus_tsv,,367952,369829,##	pro.h:s	other	np:pred	##	other	nc,,mapalus
mapalus_0127,mctondano,kèiminepa'ayang numa kua tolaan nianu,kèy=	m<in>a-pa'ayang	N=	uma	ku'a	tola-an	ni=	anu,1PL.EX.NOM=	AV.DYN.PST-work	INAN=	field	PART	NC	HES	NON.SPEC,"we had worked the fields then, the whatsit",en,WORD_ALIGNED,,mapalus_mp3 mapalus_wav mapalus_eaf mapalus_xml mapalus_tsv,,369829,372089,=pro.1:a_a	v:pred	=ln	np:p_a	nc	nc	nc	nc,,mapalus
mapalus_0128,mctondano,numa,N=	uma,INAN=	field,the field.,en,MORPHEME_ALIGNED,,mapalus_mp3 mapalus_wav mapalus_eaf mapalus_xml mapalus_tsv,,372267,372888,=ln	np:l,,mapalus
mapalus_0129,mctondano,mèa mawingkung wia numa o metanem,#	ZERO	<um>èa	ma-wingkung	wia	N=	uma	#	wo	ZERO	ma-tanem	ZERO,#	ZERO	<AV>go	AV.DYN-hoe.the.ground	PREP1	INAN=	field	#	and	ZERO	AV.DYN-cultivate	ZERO,(You) would go to hoe the ground. And/then (you) grow (crops).,en,MORPHEME_ALIGNED,,mapalus_mp3 mapalus_wav mapalus_eaf mapalus_xml mapalus_tsv,,373897,377430,##	0.2:s	lv	v:pred	adp	=ln	np:l	##	other	0.2:a_a	v:pred	0:p_a,,mapalus
mapalus_0130,mctondano,tanu wia lepo niaku sumusuweng,#	tanu	wia	lepo'	niaku	s<um>uweng,#	like	PREP1	wet.rice.field	1SG	<AV>community.work,Like this in the wet rice fields I would do community work.,en,MORPHEME_ALIGNED,,mapalus_mp3 mapalus_wav mapalus_eaf mapalus_xml mapalus_tsv,,379550,381740,##	other	adp	np:l	pro.1:s	v:pred,,mapalus
mapalus_0131,mctondano,jadi ya,#	jadi	ya,#	thus	AFF,"So yes,",en,MORPHEME_ALIGNED,,mapalus_mp3 mapalus_wav mapalus_eaf mapalus_xml mapalus_tsv,,382240,383170,##	other	nc,,mapalus
mapalus_0132,mctondano,laker empengalaman wia numa,laker	N=	pengalaman	wia	N=	uma,many	INAN=	experience	PREP1	INAN=	field,the many experiences are in the fields.,en,MORPHEME_ALIGNED,,mapalus_mp3 mapalus_wav mapalus_eaf mapalus_xml mapalus_tsv,,384703,386784,ln	=ln	np:s	adp	=ln	np:pred_l,,mapalus
mapalus_0133,mctondano,sa marèngomi ndèi'mou,#	sa	ZERO	<um>warèng	=mow	=mi	N=	rèy'	=mow,#	if	ZERO	<AV>return.home	=CMP	=DIR.DIST	INAN=	not	=CMP,When (you) would return home (then) it's done.,en,MORPHEME_ALIGNED,,mapalus_mp3 mapalus_wav mapalus_eaf mapalus_xml mapalus_tsv,,388880,390940,#ac	other	0.2:s	v:pred	=rv	=rv	=other	neg	=other,,mapalus
mapalus_0134,mctondano,kumaanoula kumirongou,#	ZERO	k<um>aan	=mow	=la	ZERO	#	ZERO	k<um>irong	=mow,#	ZERO	<AV>rice	=CMP	=DIR.PROX	ZERO	#	ZERO	<AV>conceal	=CMP,(You) eat (some food) (and) (you) hide.,en,MORPHEME_ALIGNED,,mapalus_mp3 mapalus_wav mapalus_eaf mapalus_xml mapalus_tsv,,391510,393720,##	0.2:a_a	v:pred	=rv	=rv	0:p_a	##	0.2:s	v:pred	=rv,,mapalus
mapalus_0135,mctondano,sa korèi kumirong èi mèi sèbrawijaya,#	sa	ko=	rèy'	k<um>irong	#	èy	<um>èy	sè=	Brawijaya,#	if	2SG.NOM=	not	<AV>conceal	#	PART	<AV>come	AN.SG=	PN,"If you don't hide, hey, the Brawijaya regiment will come.",en,MORPHEME_ALIGNED,,mapalus_mp3 mapalus_wav mapalus_eaf mapalus_xml mapalus_tsv,,395470,398790,#ac.neg	other	=pro.2:s	lv	v:pred	##	nc	v:pred	=ln	np:s,,mapalus
mapalus_0136,mctondano,pengalaman tèmpo,#	pengalaman	tèmpo,#	experience	time,"The experience (of) the time when,",en,MORPHEME_ALIGNED,,mapalus_mp3 mapalus_wav mapalus_eaf mapalus_xml mapalus_tsv,,401300,402800,##	np:s	np:pred,,mapalus
mapalus_0137,mctondano,brawijaya sèmina',#	Brawijaya	sè=	<im>ana',#	PN	3PL.NOM=	<AV.PST>stay,the Brawijaya regiment stayed here.,en,MORPHEME_ALIGNED,,mapalus_mp3 mapalus_wav mapalus_eaf mapalus_xml mapalus_tsv,,403450,405830,#rc_rn	np:dt_s	=pro.h:s	v:pred,,mapalus
water_0001,mctondano,"o, watè",#	o	watè,#	PART	sago.grub,"Oh, sago grubs,",en,MORPHEME_ALIGNED,,water_mp3 water_wav water_eaf water_xml water_tsv,,8730,10030,#nc	nc	nc,,water
water_0002,mctondano,watè,watè,sago.grub,"sago grubs,",en,MORPHEME_ALIGNED,,water_mp3 water_wav water_eaf water_xml water_tsv,,10030,10990,nc,,water
water_0003,mctondano,sè itu toudano,#	sa	itu	Toudano,#	if	DEM2	PN,"if that is (in) the Tondano language,",en,MORPHEME_ALIGNED,,water_mp3 water_wav water_eaf water_xml water_tsv,,11080,13220,#ac	other	pro:s	np:pred,,water
water_0004,mctondano,t'in,#	iti'i,#	DEM2,"that,",en,MORPHEME_ALIGNED,,water_mp3 water_wav water_eaf water_xml water_tsv,,13260,14290,##	pro:p_u,,water
water_0005,mctondano,linina'lèa watè,l<in>ila'-en	=nèa	watè,<PST>tongue-PV	=3PL.GEN	sago.grub,"they call ""sago grubs"".",en,MORPHEME_ALIGNED,,water_mp3 water_wav water_eaf water_xml water_tsv,,14420,16080,v:pred	=pro.h:a_u_ds	np:other,,water
water_0006,mctondano,watè pasiwon witu,#	watè	pa-siwo-en	ZERO	witu,#	sago.grub	DYN-do-PV	ZERO	PREP2,"(They) make [collect] the sago grubs from,",en,MORPHEME_ALIGNED,,water_mp3 water_wav water_eaf water_xml water_tsv,,17140,19550,##	np:p_u	v:pred	0.h:a_u	adp,,water
water_0007,mctondano,nakel,N=	akel,INAN=	sugar.palm.tree,"a sugar palm,",en,MORPHEME_ALIGNED,,water_mp3 water_wav water_eaf water_xml water_tsv,,20020,20780,nc	nc,,water
water_0008,mctondano,pohon nakel,pohon	N=	akel,tree	INAN=	sugar.palm.tree,a sugar palm tree.,en,MORPHEME_ALIGNED,,water_mp3 water_wav water_eaf water_xml water_tsv,,21440,22870,ln_np	=ln	np:l,,water
water_0009,mctondano,sa nakel,#	sa	N=	akel,#	if	INAN=	sugar.palm.tree,If the sugar palm tree.,en,MORPHEME_ALIGNED,,water_mp3 water_wav water_eaf water_xml water_tsv,,23070,24690,#nc	nc	nc	nc,,water
water_0010,mctondano,"ya, sèmakaluar itu nakel taan sèmakaluar itu nakel",#	ya	sè=	ma-kaluar	witu	N=	akel	#	ta'an	sè=	ma-kaluar	witu	N=	akel,#	AFF	3PL.NOM=	AV.DYN-go.out	PREP2	INAN=	sugar.palm.tree	#	however	3PL.NOM=	AV.DYN-go.out	PREP2	INAN=	sugar.palm.tree,"Yes, they come out of the sugar palm tree. But, they come out of the sugar palm tree.",en,MORPHEME_ALIGNED,,water_mp3 water_wav water_eaf water_xml water_tsv,,24730,28880,##	nc	=pro:s	v:pred	adp	=ln	np:l	##	other	=pro:s	v:pred	adp	=ln	np:l,,water
water_0011,mctondano,aa,#	aa,#	HES,"Ah,",en,MORPHEME_ALIGNED,,water_mp3 water_wav water_eaf water_xml water_tsv,,29220,30270,##	nc,,water
water_0012,mctondano,musti,musti,AUX.must,"have to,",en,MORPHEME_ALIGNED,,water_mp3 water_wav water_eaf water_xml water_tsv,,30560,32240,nc,,water
water_0013,mctondano,"ee, sapa",ee	ZERO	sapa,HES	ZERO	what,"eh, what is (it).",en,MORPHEME_ALIGNED,,water_mp3 water_wav water_eaf water_xml water_tsv,,32530,34250,nc	0:s	other:pred,,water
water_0014,mctondano,ee siwola lobang,#	ee	i-siwo	=la	ZERO	lobang,#	HES	CV-do	=DIR.PROX	ZERO	hole,"Erh, (he) makes a hole [in the tree, to remove the sago grubs].",en,MORPHEME_ALIGNED,,water_mp3 water_wav water_eaf water_xml water_tsv,,34588,37178,##	nc	v:pred	=rv	0.h:a_u	np:p_u,,water
water_0015,mctondano,"aa, siwola lobang",#	i-siwo	=la	ZERO	lobang,#	CV-do	=DIR.PROX	ZERO	hole,"Aah, (he) makes a hole.",en,MORPHEME_ALIGNED,,water_mp3 water_wav water_eaf water_xml water_tsv,,37190,39270,##	v:pred	=rv	0.h:a_u	np:p_u,,water
water_0016,mctondano,lobang siwon o,#	lobang	siwo-en	ZERO	wo,#	hole	do-PV	ZERO	with,"(He) will make holes with,",en,MORPHEME_ALIGNED,,water_mp3 water_wav water_eaf water_xml water_tsv,,39270,42200,##	np:p_u	v:pred	0.h:a_u	adp,,water
water_0017,mctondano,empati',N=	pati',INAN=	axe,an axe.,en,MORPHEME_ALIGNED,,water_mp3 water_wav water_eaf water_xml water_tsv,,42530,44040,=ln	np:obl,,water
water_0018,mctondano,siwo empati',#	i-siwo	ZERO	N=	pati',#	CV-do	ZERO	INAN=	axe,(He) would make an axe.,en,MORPHEME_ALIGNED,,water_mp3 water_wav water_eaf water_xml water_tsv,,44330,46021,##	v:pred	0.h:a_u	=ln	np:p_u,,water
water_0019,mctondano,sa,#	sa,#	if,If,en,MORPHEME_ALIGNED,,water_mp3 water_wav water_eaf water_xml water_tsv,,46250,47730,#ac	other,,water
water_0020,mctondano,piramou èdo,pira	=mow	i-èdo	ZERO,how.many	=CMP	CV-take	ZERO,(he) would take a few (grubs).,en,MORPHEME_ALIGNED,,water_mp3 water_wav water_eaf water_xml water_tsv,,47990,49390,pro:p_u	=other	v:pred	0.h:a_u,,water
water_0021,mctondano,tano duamou mengèdo,#	tanu	rua	=mow	ZERO	meN-èdo,#	like	two	=CMP	ZERO	AV.DYN-take,So like this (he) takes two (sago grubs).,en,MORPHEME_ALIGNED,,water_mp3 water_wav water_eaf water_xml water_tsv,,49670,51630,##	other	pro:p_a	=rn	0.h:a_a	v:pred,,water
water_0022,mctondano,toromou,#	toro	=mow,#	AUX.can	=CMP,(He) can,en,MORPHEME_ALIGNED,,water_mp3 water_wav water_eaf water_xml water_tsv,,51660,52560,##	aux	=rv,,water
water_0023,mctondano,pasera'an sèwatè,pa-sera'-an	ZERO	sè=	watè,DYN-meat-LV	ZERO	AN.PL=	sago.grub,"prepare [lit. 'meat', i.e. 'make meat out of'] the sago grubs.",en,MORPHEME_ALIGNED,,water_mp3 water_wav water_eaf water_xml water_tsv,,52560,54240,v:pred	0.h:a_u	=ln	np:p_u,,water
water_0024,mctondano,watè sèodègodè kasa,#	watè	sè=	godè-godè	kasa,#	sago.grub	3PL.NOM=	RDP-fat	very,"Sago grubs, they are very fat.",en,MORPHEME_ALIGNED,,water_mp3 water_wav water_eaf water_xml water_tsv,,54680,56600,##	np:dt_s	=pro:s	other:pred	other,,water
water_0025,mctondano,rua nèi èdo,#	rua	nèy	èdo	ZERO,#	two	CV.PST	take	ZERO,(He) has taken two (of them).,en,MORPHEME_ALIGNED,,water_mp3 water_wav water_eaf water_xml water_tsv,,56860,58530,##	pro:p_u	lv	v:pred	0.h:a_u,,water
water_0026,mctondano,"aa, toro pekaan langsung watè, toro pekaan langsung",#	aa	toro	i-pa-kaan	ZERO	langsung	watè	#	toro	i-pa-kaan	ZERO	langsung	ZERO,#	HES	AUX.can	CV-DYN-rice	ZERO	direct	sago.grub	#	AUX.can	CV-DYN-rice	ZERO	direct	ZERO,"Aah, (he) can eat sago grubs directly [i.e. raw]. (He) can eat (them) raw.",en,MORPHEME_ALIGNED,,water_mp3 water_wav water_eaf water_xml water_tsv,,58820,62540,##	nc	aux	v:pred	0.h:a_u	rv	np:p_u	##	aux	v:pred	0.h:a_u	rv	0:p_u,,water
water_0027,mctondano,"toro, ka, toro pasiwon ya",#	toro	ka	ZERO	toro	pa-siwo-en	ZERO	ya,#	HES	HES	ZERO	AUX.can	DYN-do-PV	ZERO	AFF,"(He) can, because (he) can make (it), yes.",en,MORPHEME_ALIGNED,,water_mp3 water_wav water_eaf water_xml water_tsv,,63210,65770,##	nc	nc	0:p_u	aux	v:pred	0.h:a_u	nc,,water
water_0028,mctondano,ngaa,ngaa,HES,Ah.,en,MORPHEME_ALIGNED,,water_mp3 water_wav water_eaf water_xml water_tsv,,66120,66850,nc,,water
water_0029,mctondano,"tano, tano yei'i",#	tanu	tanu	ye'i,#	HES	like	now,"Like, like this now,",en,MORPHEME_ALIGNED,,water_mp3 water_wav water_eaf water_xml water_tsv,,66920,69100,##	other	other	other,,water
water_0030,mctondano,natè rèi'pè,watè	rèy'	=pè',sago.grub	not	=INCMP,the sago grubs have not yet [TB: should be watè' not 'natè'],en,MORPHEME_ALIGNED,,water_mp3 water_wav water_eaf water_xml water_tsv,,69100,70870,np:s	neg	=other,,water
water_0031,mctondano,kimaluar itu,k<im>aluar	witu,<AV.PST>go.out	PREP2,"come out of,",en,MORPHEME_ALIGNED,,water_mp3 water_wav water_eaf water_xml water_tsv,,70870,73290,v:pred	adp,,water
water_0032,mctondano,"ee, nakel",ee	N=	akel,HES	INAN=	sugar.palm.tree,"erh, the sugar palm tree.",en,MORPHEME_ALIGNED,,water_mp3 water_wav water_eaf water_xml water_tsv,,73290,74892,nc	=ln	np:l,,water
water_0033,mctondano,"pasiwonèala, aa",#	ZERO	pa-siwo-en	=nèa	=la	aa,#	ZERO	DYN-do-PV	=3PL.GEN	=DIR.PROX	HES,"They make (it, the hole in the side of the tree).",en,MORPHEME_ALIGNED,,water_mp3 water_wav water_eaf water_xml water_tsv,,75300,77130,##	0:p_u	v:pred	=pro.h:a_u	=rv	nc,,water
water_0034,mctondano,palubangen o empati',#	ZERO	pa-lubang-en	ZERO	wo	N=	pati',#	ZERO	DYN-hole-PV	ZERO	with	INAN=	axe,"(They) make (a hole) with an axe,",en,MORPHEME_ALIGNED,,water_mp3 water_wav water_eaf water_xml water_tsv,,77490,80680,##	0:p_u	v:pred	0.h:a_u	adp	=ln	ln_np,,water
water_0035,mctondano,"ee, ka'apa tamako",ee	ka'apa	tamako,HES	or	tomohawk,"erh, or a tomahawk.",en,MORPHEME_ALIGNED,,water_mp3 water_wav water_eaf water_xml water_tsv,,81020,82890,nc	ln	np:obl,,water
water_0036,mctondano,pasiwon itu,#	pa-siwo-en	ZERO	itu,#	DYN-do-PV	ZERO	DEM2,"(He) makes that,",en,MORPHEME_ALIGNED,,water_mp3 water_wav water_eaf water_xml water_tsv,,82900,84540,##	v:pred	0.h:a_u	pro:p_u,,water
water_0037,mctondano,"lobangnèa, tampanèa",lobang	=nèa	tampa	=nèa,hole	=3PL.GEN	place	=3PL.GEN,"their hole, their place.",en,MORPHEME_ALIGNED,,water_mp3 water_wav water_eaf water_xml water_tsv,,84579,86389,np:dt_p_u	=rn_pro:poss	np:dt_p_u	=rn_pro:poss,,water
water_0038,mctondano,aa,aa,HES,Ah.,en,MORPHEME_ALIGNED,,water_mp3 water_wav water_eaf water_xml water_tsv,,87390,88380,nc,,water
water_0039,mctondano,pati ka'apa pepatil toro,#	pati'	ka'apa	pepatil	toro,#	axe	or	machete	AUX.can,An axe or a machete can,en,MORPHEME_ALIGNED,,water_mp3 water_wav water_eaf water_xml water_tsv,,89340,92480,##	ln_np	ln	np:a_a	aux,,water
water_0040,mctondano,"sumiwo lobang, aanèa",s<um>iwo	lobang	=nèa,<AV>do	hole	=3PL.GEN,make their hole [in the tree].,en,MORPHEME_ALIGNED,,water_mp3 water_wav water_eaf water_xml water_tsv,,92530,94620,v:pred	np:p_a	=rn_pro:poss,,water
water_0041,mctondano,aa pakaruten tanu ni'itu,#	aa	ZERO	pa-karut-en	ZERO	tanu	ni'tu,#	HES	ZERO	DYN-gather-PV	ZERO	like	DEM2,"Ah, (he) gathers (them) up like that.",en,MORPHEME_ALIGNED,,water_mp3 water_wav water_eaf water_xml water_tsv,,94670,99030,##	nc	0:p_u	v:pred	0.h:a_u	other	pro:other,,water
water_0042,mctondano,watè,#	watè,#	sago.grubs,The sago grubs,en,MORPHEME_ALIGNED,,water_mp3 water_wav water_eaf water_xml water_tsv,,99190,100490,##	np:s,,water
water_0043,mctondano,witu rano,witu	rano,PREP2	water,are in the water.,en,MORPHEME_ALIGNED,,water_mp3 water_wav water_eaf water_xml water_tsv,,101100,102660,adp	np:pred_l,,water
water_0044,mctondano,kasa juga witu rano sèa,#	kasa	juga	witu	rano	sèa,#	very	also	PREP2	water	3PL,They are also in the water.,en,MORPHEME_ALIGNED,,water_mp3 water_wav water_eaf water_xml water_tsv,,102660,105470,##	other	other	adp	np:pred_l	pro:s,,water
water_0045,mctondano,"ta'an nakelnèa, nakel sa",#	ta'an	N=	akel	=nèa	N=	akel	sa,#	however	INAN=	sugar.palm.tree	=3PL.GEN	INAN=	sugar.palm.tree	if,"But their sugar palm tree, if the sugar palm tree",en,MORPHEME_ALIGNED,,water_mp3 water_wav water_eaf water_xml water_tsv,,105475,108965,#ac	other	nc	nc	nc	=ln	np:s	other,,water
water_0046,mctondano,minawu'ulou,m<in>a-wu'ul	=mow,EV.STAT.PST-rotten	=CMP,has already rotted.,en,MORPHEME_ALIGNED,,water_mp3 water_wav water_eaf water_xml water_tsv,,109630,111120,v:pred	=rv,,water
water_0047,mctondano,wo sèa lumaker kasa natè sa nakel wu'uluo,#	wo	sèa	l<um>aker	kasa	N=	atè	#	sa	N=	akel	wu'ul	=mow,#	and	3PL	<AV>many	very	INAN=	heart	#	if	INAN=	sugar.palm.tree	rotten	=CMP,And they grow big hearts [i.e. are very big and juicy] if the sugar palm tree is already rotten.,en,MORPHEME_ALIGNED,,water_mp3 water_wav water_eaf water_xml water_tsv,,111120,115050,##	other	pro:a_a	v:pred	other	=ln	np:p_a	#ac	other	=ln	np:s	other:pred	=rv,,water
water_0048,mctondano,taan sa rèi' wu'ul,#	ta'an	sa	ZERO	rèy'	wu'ul,#	however	if	ZERO	not	rotten,But if (the tree) is not rotten.,en,MORPHEME_ALIGNED,,water_mp3 water_wav water_eaf water_xml water_tsv,,115160,116640,##	other	other	0:s	neg	other:pred,,water
water_0049,mctondano,rèi laker,#	ZERO	rèy'	laker,#	ZERO	not	many,(The sago grubs) are not many.,en,MORPHEME_ALIGNED,,water_mp3 water_wav water_eaf water_xml water_tsv,,116670,117620,##	0:s	neg	other:pred,,water
water_0050,mctondano,"o, nesa noki'",#	wo	N=	esa	N=	oki',#	and	INAN=	one	INAN=	small,"And a one small one,",en,MORPHEME_ALIGNED,,water_mp3 water_wav water_eaf water_xml water_tsv,,117620,119470,##	other	=ln	ln	=ln	other:pred,,water
water_0051,mctondano,ee watè,ee	watè,HES	sago.grub,(is) the sago grub.,en,MORPHEME_ALIGNED,,water_mp3 water_wav water_eaf water_xml water_tsv,,119520,120480,nc	np:s,,water
water_0052,mctondano,sa rèi' wu'ul nakelna,#	sa	rèy'	wu'ul	N=	akel	=na,#	if	not	rotten	INAN=	sugar.palm.tree	=3SG.GEN,If it's sugar palm tree is not rotten.,en,MORPHEME_ALIGNED,,water_mp3 water_wav water_eaf water_xml water_tsv,,120480,122320,#ac	other	neg	other:pred	=ln	np:s	=rn_pro:poss,,water
water_0053,mctondano,aa tanu nye'i',#	aa	tanu	N=	ye'i,#	HES	like	INAN=	DEM1,"Ah, just like this",en,MORPHEME_ALIGNED,,water_mp3 water_wav water_eaf water_xml water_tsv,,122610,124830,##	nc	other	=ln	pro:other,,water
water_0054,mctondano,nakelna emwu'ul ka'a,N=	akel	=na	N=	wu'ul	#	ka'a,INAN=	sugar.palm.tree	=3SG.GEN	3SG.NOM=	rotten	#	because,"the sugar palm tree, it is rotten, because",en,MORPHEME_ALIGNED,,water_mp3 water_wav water_eaf water_xml water_tsv,,124930,128240,=ln	np:dt_s	=rn_pro:poss	=pro:s	other:pred	#ac	other,,water
water_0055,mctondano,"nèi kakolo itu ndano nèi kakolo itu ndano, nakel",ZERO	nèy	kakolo	ZERO	witu	N=	rano	#	nèy	kakolo	ZERO	witu	N=	rano	N=	akel,ZERO	CV.PST	fall	ZERO	PREP2	INAN=	water	#	CV.PST	fall	ZERO	PREP2	INAN=	water	INAN=	sugar.palm.tree,(they) felled it in the water. (They) felled the sugar palm tree in the water.,en,MORPHEME_ALIGNED,,water_mp3 water_wav water_eaf water_xml water_tsv,,128240,132110,0:p_u	lv	v:pred	0.h:a_u	adp	=ln	np:l	##	rv	v:pred	0.h:a_u	adp	=ln	np:l	=ln	np:p_u,,water
water_0056,mctondano,pasiwonèamou sarang nèwatè,#	pa-siwo-en	=nèa	=mow	sarang	nè=	watè,#	DYN-do-PV	=3PL.GEN	=CMP	nest	AN.PL.GEN=	sago.grub,They are making the sago grub's nest.,en,MORPHEME_ALIGNED,,water_mp3 water_wav water_eaf water_xml water_tsv,,132910,135630,##	v:pred	=pro.h:a_u	=rv	np:p_u	=rn	rn_np:poss,,water
water_0057,mctondano,"naa, mèmang kasa",#	naa	mèmang	kasa,#	HES	truly	very,"It's truly very,",en,MORPHEME_ALIGNED,,water_mp3 water_wav water_eaf water_xml water_tsv,,137940,140320,##	nc	other	lv,,water
water_0058,mctondano,susa makèwè' nakel saa witumou ndano,susa	ZERO	makèwè'	N=	akel	#	sa	ZERO	witu	=mow	N=	rano,difficult	ZERO	AV.DYN-halve	INAN=	sugar.palm.tree	#	if	ZERO	PREP2	=CMP	INAN=	water,difficult (for them) to chop the sugar palm tree in half if (it) is in the water.,en,WORD_ALIGNED,,water_mp3 water_wav water_eaf water_xml water_tsv,,140320,144420,lv	0.h:a_a	v:pred	=ln	np:p_a	#ac	other	0:s	other:pred	=other	=ln	np:l,,water
water_0059,mctondano,na,naa,HES,Ah.,en,MORPHEME_ALIGNED,,water_mp3 water_wav water_eaf water_xml water_tsv,,144740,145900,nc,,water
water_0060,mctondano,ti'in,#	iti'i,#	DEM2,That (guy),en,MORPHEME_ALIGNED,,water_mp3 water_wav water_eaf water_xml water_tsv,,145920,147740,##	pro.h:a_a,,water
water_0061,mctondano,simiwomou lubang,s<im>iwo	=mow	lubang,<AV>do	=CMP	hole,"made a hole,",en,MORPHEME_ALIGNED,,water_mp3 water_wav water_eaf water_xml water_tsv,,147760,150110,v:pred	=rv	np:p_a,,water
water_0062,mctondano,patampaan nèwatè,pa-tampa-an	nè=	watè,DYN-place-LV	AN.PL.GEN=	sago.grub,a sago grub place.,en,MORPHEME_ALIGNED,,water_mp3 water_wav water_eaf water_xml water_tsv,,150650,152220,np:dt_p_a	=rn	rn_np:poss,,water
water_0063,mctondano,aa,#	aa,#	HES,Ah.,en,MORPHEME_ALIGNED,,water_mp3 water_wav water_eaf water_xml water_tsv,,152220,153040,##	nc,,water
water_0064,mctondano,"mèmang pedis kasa mekekaluar aa, sapa nakel",mèmang	pedis	kasa	ZERO	ma-Ce-kaluar	aa	sapa	N=	akel,truly	difficult	very	ZERO	AV.DYN-IRR-go.out	HES	what	INAN=	sugar.palm.tree,(it's) truly very difficult [for the sago grubs] to come out (of) the sugar palm tree.,en,MORPHEME_ALIGNED,,water_mp3 water_wav water_eaf water_xml water_tsv,,153040,157040,other	lv	lv	0:s	v:pred	nc	nc	=ln	np:l,,water
water_0065,mctondano,sa,#	sa,#	if,If,en,MORPHEME_ALIGNED,,water_mp3 water_wav water_eaf water_xml water_tsv,,157040,158110,#ac	other,,water
water_0066,mctondano,"minakolo'mou waki dano, naa, ti'in watè",ZERO	m<in>a-kakolo	=mow	waki	rano	#	naa	iti'i	watè,ZERO	EV.STAT.PST-fall	=CMP	PREP3	water	#	HES	DEM2	sago.grub,"(it ) had already fallen in the water. Ah, this is the sago grub.",en,MORPHEME_ALIGNED,,water_mp3 water_wav water_eaf water_xml water_tsv,,158110,161930,0:s	v:pred	=rv	adp	np:g	##	nc	ln	np:s,,water
water_0067,mctondano,oh tuang kasela kasa,o	tuang	ka-sela	kasa,PART	PART	very-big	very,"Oh god, (it's) too big.",en,MORPHEME_ALIGNED,,water_mp3 water_wav water_eaf water_xml water_tsv,,162080,165560,nc	nc	other:pred	other,,water
water_0068,mctondano,"nnh, na, nèi",nn	na	nèy,HES	HES	HES,"Hmm, ah.",en,MORPHEME_ALIGNED,,water_mp3 water_wav water_eaf water_xml water_tsv,,165840,169510,nc	nc	nc,,water
water_0069,mctondano,"paèdonèamou na, ee watè",#	pa-èdo-en	=nèa	=mow	na	ee	watè,#	DYN-take-PV	=3PL.GEN	=CMP	HES	HES	sago.grub,"They take the, eh, sago grubs.",en,MORPHEME_ALIGNED,,water_mp3 water_wav water_eaf water_xml water_tsv,,169510,171940,##	v:pred	=pro.h:a_u	=rv	nc	nc	np:p_u,,water
water_0070,mctondano,"aa, ti'in watè kasela kasa watè",#	aa	iti'i	o	watè	ka-sela	kasa	watè,#	PART	DEM2	PART	sago.grub	very-big	very	sago.grub,"Ah this sago grub, it's too big, the sago grub.",en,MORPHEME_ALIGNED,,water_mp3 water_wav water_eaf water_xml water_tsv,,171940,175650,##	nc	ln	nc	np:s	other:pred	other	np:dt_s,,water
water_0071,mctondano,wewèan,wewèan,EXIST,"There are,",en,MORPHEME_ALIGNED,,water_mp3 water_wav water_eaf water_xml water_tsv,,175650,177570,nc,,water
water_0072,mctondano,"na, toro watè pasiwon satè",#	na	toro	watè	pa-siwo-en	ZERO	satè,#	HES	AUX.can	sago.grub	DYN-do-PV	ZERO	satay,(they) can make sago grubs into satay.,en,MORPHEME_ALIGNED,,water_mp3 water_wav water_eaf water_xml water_tsv,,177570,181290,##	nc	aux	np:p_u	v:pred	0.h:a_u	np:other,,water
water_0073,mctondano,watè toro enpasiwon satè,#	watè	toro	N=	pa-siwo-en	ZERO	satè,#	sago.grub	AUX.can	3SG.NOM=	DYN-do-PV	ZERO	satay,(They) can make sago grubs into satay.,en,MORPHEME_ALIGNED,,water_mp3 water_wav water_eaf water_xml water_tsv,,181470,185620,##	np:dt_p_u	aux	=pro:p_u	v:pred	0.h:a_u	np:other,,water
water_0074,mctondano,"ta'an lèbè sedap, satè engkokong nèwatè, ikaluarla",#	ta'an	lèbè	sedap	satè	#	N=	kokong	nè=	watè	i-kaluar	ZERO	=la,#	however	more	tasty	satay	#	INAN=	head	AN.PL.GEN=	sago.grub	CV-go.out	ZERO	=DIR.PROX,"But satey are tastier, (if) (he) would remove the head of the sago grub.",en,MORPHEME_ALIGNED,,water_mp3 water_wav water_eaf water_xml water_tsv,,185620,190690,##	other	other	other:pred	np:s	##	=ln	np:p_u	=rn	rn_np:poss	v:pred	0.h:a_u	=rv,,water
water_0075,mctondano,"o, bumbulaa, bumbu satè wèan marisa",#	o	ZERO	i-bumbu	ZERO	=la	#	bumbu	satè	wewèan	marisa,#	PART	ZERO	CV-spice	ZERO	=DIR.PROX	#	spice	satay	EXIST	chilli,"(They) would spice it (the sago grub). As for satey ingredients, there is chilli.",en,MORPHEME_ALIGNED,,water_mp3 water_wav water_eaf water_xml water_tsv,,190690,194340,##	nc	0:p_u	v:pred	0.h:a_u	=rv	##	ln_np	np:dt_s	other:predex	np:s,,water
water_0076,mctondano,"aa, o, tunun, tunun itu embaa'",#	aa	wo	ZERO	i-tunun	ZERO	#	ZERO	i-tunun	ZERO	witu	N=	waa',#	HES	and	ZERO	CV-grill	ZERO	#	ZERO	CV-grill	ZERO	PREP2	INAN=	ember,"Ah, and (they) will grill (it). (They) grill (it) over the hot coals,",en,MORPHEME_ALIGNED,,water_mp3 water_wav water_eaf water_xml water_tsv,,196010,198650,##	nc	other	0:p_u	v:pred	0.h:a_u	##	0:p_u	v:pred	0.h:a_u	adp	nc	nc,,water
water_0077,mctondano,"mbaa, tampurung",N=	waa'	tampurung,INAN=	ember	coconut.shell,"coconut shell coals,",en,MORPHEME_ALIGNED,,water_mp3 water_wav water_eaf water_xml water_tsv,,198650,200860,nc	nc	nc,,water
water_0078,mctondano,mbaa tampurung,N=	waa'	tampurung,INAN=	ember	coconut.shell,"coconut shell coals,",en,MORPHEME_ALIGNED,,water_mp3 water_wav water_eaf water_xml water_tsv,,200860,202990,=ln	np:l	rn_np,,water
water_0079,mctondano,"nuka, nuka, yon",N=	uka	N=	uka	iyon,INAN=	coconut.shell	INAN=	coconut.shell	AFF,"coconut shells, coconut shells, yes.",en,MORPHEME_ALIGNED,,water_mp3 water_wav water_eaf water_xml water_tsv,,203240,205081,nc	nc	nc	nc	nc,,water
water_0080,mctondano,saa tampurung kapa nuka aa..,#	sa	tampurung	ka'apa	N=	uka	aa,#	if	coconut.shell	or	INAN=	coconut.shell	HES,"When coconut shell [in Manado Malay] or coconut shell [in Tondano], ah,",en,MORPHEME_ALIGNED,,water_mp3 water_wav water_eaf water_xml water_tsv,,205230,208418,#ac	other	ln_np	ln	=ln	np:s	nc,,water
water_0081,mctondano,masuatou nuka,ma-suat	=mow	N=	uka,EV.STAT-same	=CMP	INAN=	coconut.shell,"are the same, coconut shell.",en,MORPHEME_ALIGNED,,water_mp3 water_wav water_eaf water_xml water_tsv,,208470,210160,v:pred	=rv	=ln	np:dt_s,,water
water_0082,mctondano,"ee, tunun itu mbaa kasa, aa",#	ee	ZERO	i-tunun	ZERO	witu	N=	waa'	kasa,#	HES	ZERO	CV-grill	ZERO	PREP2	INAN=	ember	very,"Erh, (they) will grill (it) on many coals.",en,MORPHEME_ALIGNED,,water_mp3 water_wav water_eaf water_xml water_tsv,,210347,213982,##	nc	0:p_u	v:pred	0.h:a_u	adp	=ln	np:l	rn,,water
water_0083,mctondano,sa,#	sa,#	if,When,en,MORPHEME_ALIGNED,,water_mp3 water_wav water_eaf water_xml water_tsv,,214480,215840,#ac	other,,water
water_0084,mctondano,paloo'la,i-pa-loo'	ZERO	=la,CV.DYN-see	ZERO	=DIR.PROX,(they) see,en,WORD_ALIGNED,,water_mp3 water_wav water_eaf water_xml water_tsv,,215840,217180,v:pred	0.h:a_u	=rv,,water
water_0085,mctondano,"kimerèa, kimerèmèamou toro ngkaanən",#	kimerèa	ZERO	k<im>erèmèa	=mow	#	toro	N=	kaan-en	ZERO,#	HES	ZERO	<AV.PST>redden	=CMP	#	AUX.can	3SG.NOM=	rice-PV	ZERO,"(that) it becomes red [i.e. cooked], then (they) can eat it.",en,MORPHEME_ALIGNED,,water_mp3 water_wav water_eaf water_xml water_tsv,,217180,220520,#cc:p_u	nc	0:s	v:pred	=rv	##	aux	=pro:p_u	v:pred	0.h:a_u,,water
water_0086,mctondano,lutu'mou ni'itu,#	lutu'	=mow	ni'tu,#	ripe	=CMP	DEM2,That [sago grub] is cooked.,en,MORPHEME_ALIGNED,,water_mp3 water_wav water_eaf water_xml water_tsv,,220520,222890,##	other:pred	=rv	pro:s,,water
water_0087,mctondano,"mm, sedap kasa wèlow",#	mm	ZERO	sedap	kasa	wèlow,#	HES	ZERO	tasty	very	PART,"Hmm, (it's) very tasty, wow.",en,MORPHEME_ALIGNED,,water_mp3 water_wav water_eaf water_xml water_tsv,,222890,225710,##	nc	0:s	other:pred	other	nc,,water
water_0088,mctondano,"oo, tuang",oo	tuang,HES	PART,Oh goodness.,en,MORPHEME_ALIGNED,,water_mp3 water_wav water_eaf water_xml water_tsv,,225710,227100,nc	nc,,water
water_0089,mctondano,"ta'an, sa paloo'la tanu ti'in, oh tuang iwatè",#	ta'an	sa	ZERO	i-pa-loo'	ZERO	=la	tanu	iti'i	o	tuang	si=	watè,#	however	if	ZERO	CV-DYN-see	ZERO	=DIR.PROX	like	DEM2	PART	PART	AN.SG=	sago.grub,"But when (they) see (it) like this, oh god, the sago grubs [are disgusting].",en,MORPHEME_ALIGNED,,water_mp3 water_wav water_eaf water_xml water_tsv,,227100,231410,#ac	other	other	0:p_u	v:pred	0.h:a_u	=rv	other	other	nc	nc	ln	np:dt_p_u,,water
water_0090,mctondano,"o wèlow, o tuang",o	wèlow	o	tuang,PART	PART	PART	PART,"Oh wow, oh god.",en,MORPHEME_ALIGNED,,water_mp3 water_wav water_eaf water_xml water_tsv,,231410,233340,nc	nc	nc	nc,,water
water_0091,mctondano,"tanumoukan, tanumoukan leloi ma mengèlangèlang o tuang",#	tanu	=mowkan	tanu	=mowkan	leloi'	ma—	meN-kèlang-kèlang	o	tuang,#	like	=definitely	like	=definitely	snake	HES	AV.DYN-RDP-walk	PART	PART,"Definitiely like this, just like this the snake (grub) is going along, oh god.",en,MORPHEME_ALIGNED,,water_mp3 water_wav water_eaf water_xml water_tsv,,233340,237710,##	other	=other	other	=other	np:s	nc	v:pred	nc	nc,,water
water_0092,mctondano,"ta'an, sa sia",#	ta'an	sa	sia,#	however	if	3SG,But when it,en,MORPHEME_ALIGNED,,water_mp3 water_wav water_eaf water_xml water_tsv,,237710,239870,#ac	other	other	np:s,,water
water_0093,mctondano,"ee, suma selamoumi",ee	suma	sela	=mow	=mi,HES	HES	big	=CMP	=DIR.DIST,is already big.,en,MORPHEME_ALIGNED,,water_mp3 water_wav water_eaf water_xml water_tsv,,239870,242080,nc	nc	other:pred	=rv	=rv,,water
water_0094,mctondano,"mamuali kopo'kopo', ee sapa rè'èn sia?",#	ZERO	ma-muali	kopo' kopo'	#	ee	sapa	rè'èn	sia,#	ZERO	EV.STAT-become	buttterfly	#	HES	what	PART	3SG,"(It) becomes a butterfly, uhm, what is it then?",en,MORPHEME_ALIGNED,,water_mp3 water_wav water_eaf water_xml water_tsv,,242080,246030,##	0:s	v:pred	np:other	##	nc	other:pred	nc	pro:s,,water
water_0095,mctondano,"ee, tantamengkan, naa",#	ZERO	ee	tantamengkan	na,#	ZERO	HES	flying.beetle	HES,"erh, (it's) the flying beetle.",en,MORPHEME_ALIGNED,,water_mp3 water_wav water_eaf water_xml water_tsv,,246170,248640,##	0:s	nc	np:pred	nc,,water
water_0096,mctondano,"tu masopit, masopisopit, hhmm",#	tu	ZERO	ma-sopit	#	ZERO	ma-sopit-sopit	mm,#	then	ZERO	AV.DYN-sting	#	ZERO	AV.DYN-RDP-sting	HES,Then (it) stings. (It) is stinging.,en,MORPHEME_ALIGNED,,water_mp3 water_wav water_eaf water_xml water_tsv,,248640,253450,##	other	0:s	v:pred	##	0:s	v:pred	nc,,water
water_0097,mctondano,"o watè toro kangkèi siwon ensapa, mbalap",#	o	watè	toro	kangkèi	siwo-en	ZERO	N=	sapa	N=	balap,#	PART	sago.grub	AUX.can	also	do-PV	ZERO	INAN=	what	INAN=	race,"Oh (they) can also make the sago grubs (into), what, a race?",en,MORPHEME_ALIGNED,,water_mp3 water_wav water_eaf water_xml water_tsv,,254250,257800,##	nc	np:p_u	aux	other	v:pred	0.h:a_u	=ln	nc	=ln	np:obl,,water
water_0098,mctondano,ma sèmasiwo mbalap sèwatè,#	ma—	sè=	ma-siwo	N=	balap	sè=	watè,#	HES	3PL.NOM=	AV.DYN-do	INAN=	race	AN.PL=	sago.grub,"They are having a race, the sago grubs.",en,MORPHEME_ALIGNED,,water_mp3 water_wav water_eaf water_xml water_tsv,,257800,260440,##	nc	=pro:a_a	v:pred	=ln	np:p_a	=ln	np:dt_a_a,,water
water_0099,mctondano,taan nitu papa'yangenatè,#	ta'an	ni'tu	Ce-pa'ayang-en	=na	=itè,#	however	DEM2	NR-work-PV	=3SG.GEN	=LIM,But that's just its [sago grubs] game.,en,MORPHEME_ALIGNED,,water_mp3 water_wav water_eaf water_xml water_tsv,,260440,263090,##	other	pro:s	np:pred	=rn_pro:poss	=rn,,water
water_0100,mctondano,"tanu, mm",#	tanu	mm,#	like	HES,"Thus,",en,MORPHEME_ALIGNED,,water_mp3 water_wav water_eaf water_xml water_tsv,,263090,266820,##	other	nc,,water
water_0101,mctondano,papa'ayangenèatè,ZERO	Ce-pa'ayang-en	=nèa	=itè,ZERO	NR-work-PV	=3PL.GEN	=LIM,"(it's) just their game,",en,MORPHEME_ALIGNED,,water_mp3 water_wav water_eaf water_xml water_tsv,,266820,269860,0:s	np:pred	=rn_pro:poss	=rn,,water
water_0102,mctondano,"aa, ti'ini, o tuange èi",#	aa	iti'i	o	tuang	èy,#	HES	DEM2	PART	PART	PART,"Ah, that, oh god.",en,MORPHEME_ALIGNED,,water_mp3 water_wav water_eaf water_xml water_tsv,,269860,272450,#nc	nc	nc	nc	nc	nc,,water
water_0103,mctondano,watè sèmeleloo'an,#	watè	sè=	ma-Ce-loo'-an,#	sago.grub	3PL.NOM=	AV.DYN-IRR-see-MUT,"The sago grubs, they will see [meet] each other [on the banana palm leaf].",en,MORPHEME_ALIGNED,,water_mp3 water_wav water_eaf water_xml water_tsv,,272450,275760,##	np:dt_s	=pro:s	v:pred,,water
water_0104,mctondano,sèrior,#	sè=	rior,#	3SG.NOM=	fast,They are quick,en,MORPHEME_ALIGNED,,water_mp3 water_wav water_eaf water_xml water_tsv,,275760,277850,##	=pro:s	other:pred,,water
water_0105,mctondano,ka'ayo finis,i-ka-ayo	finis,CV-POT-arrive	finish,until the end (of the race).,en,MORPHEME_ALIGNED,,water_mp3 water_wav water_eaf water_xml water_tsv,,278060,280120,adp	np:g,,water
water_0106,mctondano,"nge, o tuang, rimaragha' ti'in",#	nge	o	tuang	r<im>araagha'	iti'i,#	PART	PART	PART	<AV.PST>fall.down	DEM2,Oh dear that one went down.,en,MORPHEME_ALIGNED,,water_mp3 water_wav water_eaf water_xml water_tsv,,280380,283710,##	nc	nc	nc	v:pred	pro:s,,water
water_0107,mctondano,sa simaselamoumi watè,#	sa	si=	ma-sela	=mow	=mi	watè,#	if	3SG.NOM=	EV.STAT-big	=CMP	=DIR.DIST	sago.grub.,"If it gets bigger, the sago grub.",en,MORPHEME_ALIGNED,,water_mp3 water_wav water_eaf water_xml water_tsv,,283710,287620,#ac	other	=pro:s	v:pred	=rv	=rv	np:dt_s,,water
water_0108,mctondano,woo pira minggu,#	wo'o	pira	minggu,#	maybe	how.many	week,In a few weeks,en,MORPHEME_ALIGNED,,water_mp3 water_wav water_eaf water_xml water_tsv,,287620,289270,##	other	other	np:other,,water
water_0109,mctondano,mamualimou sapa,ZERO	ma-muali	=mow	sapa,ZERO	EV.STAT-become	=CMP	what,"(it) becomes what,",en,MORPHEME_ALIGNED,,water_mp3 water_wav water_eaf water_xml water_tsv,,289270,291060,0:s	v:pred	=rv	nc,,water
water_0110,mctondano,ee tantamengkan,ee	tantamengkan,PART	flying.horned.beetle,"erh, the flying horned beetle?",en,MORPHEME_ALIGNED,,water_mp3 water_wav water_eaf water_xml water_tsv,,291060,292850,nc	np:other,,water
water_0111,mctondano,"wewèan, ee sapana",#	wewèan	ee	sapa	=na,#	EXIST	HES	what	=3SG.GEN,"There's a what's its (name),",en,MORPHEME_ALIGNED,,water_mp3 water_wav water_eaf water_xml water_tsv,,292850,295200,##	other:predex	nc	ln_np	=rn_pro:poss,,water
water_0112,mctondano,nsayapena,N=	sayap	=na,INAN=	wing	=3SG.GEN,its wing.,en,MORPHEME_ALIGNED,,water_mp3 water_wav water_eaf water_xml water_tsv,,295370,297030,=ln	np:s	=rn_pro:poss,,water
water_0113,mctondano,soalnya sèa ma,#	soal	=nya	sèa,#	issue	=3SG.GEN	3SG.,Because they,en,MORPHEME_ALIGNED,,water_mp3 water_wav water_eaf water_xml water_tsv,,297140,299430,#ac	other	=rn_pro:poss	pro:s,,water
water_0114,mctondano,matèwèl sèa matèwèl,ma-tèwèl	#	sèa	ma-tèwèl,AV.DYN-wing	#	3SG	AV.DYN-wing,fly (away). They fly (away).,en,MORPHEME_ALIGNED,,water_mp3 water_wav water_eaf water_xml water_tsv,,299430,302700,v:pred	##	pro:s	v:pred,,water
watulaney_0001,mctondano,ee,#	ee,#	HES,Eh,en,MORPHEME_ALIGNED,,watulaney_mp3 watulaney_wav watulaney_eaf watulaney_xml watulaney_tsv,,5888,6613,##	nc,,watulaney
watulaney_0002,mctondano,niaku timou waki,niaku	t<im>ou	waki,1SG	<AV.PST>person	PREP3,I was born in,en,MORPHEME_ALIGNED,,watulaney_mp3 watulaney_wav watulaney_eaf watulaney_xml watulaney_tsv,,7290,10240,pro.1:s	v:pred	adp,,watulaney
watulaney_0003,mctondano,wanua watulanèy,wanua	Watulanèy,village	PN,"Watulaney village,",en,MORPHEME_ALIGNED,,watulaney_mp3 watulaney_wav watulaney_eaf watulaney_xml watulaney_tsv,,10240,11850,np:l	rn,,watulaney
watulaney_0004,mctondano,waki keluarga,waki	keluarga,PREP3	family,"to the family,",en,MORPHEME_ALIGNED,,watulaney_mp3 watulaney_wav watulaney_eaf watulaney_xml watulaney_tsv,,12560,14610,adp	np:obl,,watulaney
watulaney_0005,mctondano,tulangi korèngkèng,Tulangi	Korèngkèng,PN	PN,of Tulangi Korengkeng.,en,MORPHEME_ALIGNED,,watulaney_mp3 watulaney_wav watulaney_eaf watulaney_xml watulaney_tsv,,15806,17654,rn_np	rn_np,,watulaney
watulaney_0006,mctondano,ee,#	ee,#	HES,"Erh,",en,MORPHEME_ALIGNED,,watulaney_mp3 watulaney_wav watulaney_eaf watulaney_xml watulaney_tsv,,18408,19514,##	nc,,watulaney
watulaney_0007,mctondano,niaku wewèan,niaku	wewèan,1SG	EXIST,I have,en,MORPHEME_ALIGNED,,watulaney_mp3 watulaney_wav watulaney_eaf watulaney_xml watulaney_tsv,,19520,21030,pro.1:dt	other:predex,,watulaney
watulaney_0008,mctondano,kaka telu,kaka	telu,older.sibling	three,three older siblings.,en,MORPHEME_ALIGNED,,watulaney_mp3 watulaney_wav watulaney_eaf watulaney_xml watulaney_tsv,,21280,22930,np.h:s	rn,,watulaney
watulaney_0009,mctondano,niaku oki' ka'epat,#	niaku	oki'	ka-epat,#	1SG	small	ORD-four,I am the fourth child.,en,MORPHEME_ALIGNED,,watulaney_mp3 watulaney_wav watulaney_eaf watulaney_xml watulaney_tsv,,24050,26840,##	pro.1:s	other:pred	rn,,watulaney
watulaney_0010,mctondano,kèimatuari wewènè waya,#	kèy=	matuari	wewènè	waya,#	1.PL.EX.NOM=	sibling	woman	all,We siblings are all women.,en,MORPHEME_ALIGNED,,watulaney_mp3 watulaney_wav watulaney_eaf watulaney_xml watulaney_tsv,,27960,30300,##	=pro.1:s	ln_np.h	np:pred	rn,,watulaney
watulaney_0011,mctondano,ee ngaranèa mulai,#	ee	ngaran	=nèa	mulai,#	HES	name	=3PL.GEN	begin,"Erh, there names are, firstly,",en,MORPHEME_ALIGNED,,watulaney_mp3 watulaney_wav watulaney_eaf watulaney_xml watulaney_tsv,,32413,35833,##	nc	np:s	=rn_pro.h:poss	other,,watulaney
watulaney_0012,mctondano,siee,si=	ee,AN.SG=	HES,"the, eh",en,MORPHEME_ALIGNED,,watulaney_mp3 watulaney_wav watulaney_eaf watulaney_xml watulaney_tsv,,36253,38613,=ln	nc,,watulaney
watulaney_0013,mctondano,oki ketarè,oki'	ka-tarè,small	very-new,(with) the first child.,en,MORPHEME_ALIGNED,,watulaney_mp3 watulaney_wav watulaney_eaf watulaney_xml watulaney_tsv,,39133,40763,other:pred	rn,,watulaney
watulaney_0014,mctondano,"wewèan sinona, sikèkè, sièla maa niaku.",#	wewèan	si=	nona	si=	kèkè	si=	èla	maan	niaku,#	EXIST	AN.SG=	miss	AN.SG=	maiden	AN.SG=	PN	with	1SG,"There is the miss, the youngest, the... and me.",en,MORPHEME_ALIGNED,,watulaney_mp3 watulaney_wav watulaney_eaf watulaney_xml watulaney_tsv,,41850,46250,##	other:predex	=ln	ln_np.h	=ln	ln_np.h	=ln	ln_np.h	ln	pro.1:s,,watulaney
watulaney_0015,mctondano,"ngarnanku, sefli tulangi",#	ngaran	=ku	Sefli	Tulangi,#	name	=1SG.GEN	PN	PN,My name is Sefli Tulangi.,en,MORPHEME_ALIGNED,,watulaney_mp3 watulaney_wav watulaney_eaf watulaney_xml watulaney_tsv,,46340,49480,##	np:s	=rn_pro.1:poss	np.h:pred	rn_np,,watulaney
watulaney_0016,mctondano,"niaku, ee",#	niaku	e,#	1SG	HES,"I, eh,",en,MORPHEME_ALIGNED,,watulaney_mp3 watulaney_wav watulaney_eaf watulaney_xml watulaney_tsv,,49910,52400,##	pro.1:s	nc,,watulaney
watulaney_0017,mctondano,"simekola tèka, esdèi, esèma, aa",s<im>ekola	TK	SD	SMA	aa,<AV.PST>school	primary.school	junior.high.school	high.school	HES,"went (to) primary school, junior high school, (and) high school, ah.",en,MORPHEME_ALIGNED,,watulaney_mp3 watulaney_wav watulaney_eaf watulaney_xml watulaney_tsv,,53460,56680,v:pred	ln_np	ln_np	np:l	nc,,watulaney
watulaney_0018,mctondano,niaku,#	niaku,#	1SG,I,en,MORPHEME_ALIGNED,,watulaney_mp3 watulaney_wav watulaney_eaf watulaney_xml watulaney_tsv,,57100,58630,##	pro.1:s,,watulaney
watulaney_0019,mctondano,kumawèng maan si,k<um>awèng	maan	si=,<AV>marry	with	AN.SG=,marry the,en,MORPHEME_ALIGNED,,watulaney_mp3 watulaney_wav watulaney_eaf watulaney_xml watulaney_tsv,,58710,60790,v:pred	adp	=ln,,watulaney
watulaney_0020,mctondano,tuama mekegaran dèine gèrungan,tuama	#	ZERO	maka- ngaran	Dèine	Gèrungan,man	#	ZERO	AV.POT-name	PN	PN,man named Deine Gerungan (the man who has the name Deine Gerungan).,en,MORPHEME_ALIGNED,,watulaney_mp3 watulaney_wav watulaney_eaf watulaney_xml watulaney_tsv,,60810,64910,np.h:obl	#rc_rn	0.h:a_a	v:pred	np.h:p_a	rn_np,,watulaney
watulaney_0021,mctondano,meke'oki' siputri Gerungan,#	ZERO	maka-oki'	si=	putri	Gèrungan,#	ZERO	AV.POT-small	AN.SG=	daughter	PN,"(We) have a child, the Gerungan daughter.",en,MORPHEME_ALIGNED,,watulaney_mp3 watulaney_wav watulaney_eaf watulaney_xml watulaney_tsv,,65470,69510,##	0.1:a_a	v:pred	=ln	np.h:p_a	rn_np,,watulaney
watulaney_0022,mctondano,"ee, ye'in sioki'ku masekola waki èsèma satu tondano",#	ee	ye'i	si=	oki'	=ku	ma-sekola	waki	SMA	satu	Tondano,#	HES	now	AN.SG=	small	=1SG.GEN	AV.DYN-school	PREP3	high.school	one	PN,Eh now my child goes to the high school one in Tondano.,en,MORPHEME_ALIGNED,,watulaney_mp3 watulaney_wav watulaney_eaf watulaney_xml watulaney_tsv,,70320,75010,##	nc	other	=ln	np.h:s	=rn_pro.1:poss	v:pred	adp	np:l	rn	rn_np,,watulaney
watulaney_0023,mctondano,"e, kelas telu",e	kelas	telu,HES	class	three,"Eh, class three.",en,MORPHEME_ALIGNED,,watulaney_mp3 watulaney_wav watulaney_eaf watulaney_xml watulaney_tsv,,76780,79800,nc	np:other	rn,,watulaney
watulaney_0024,mctondano,"ee, waki wanuaku kelaker patuari",#	ee	waki	wanua	=ku	ka-laker	pa-tuari,#	HES	PREP3	village	=1SG.GEN	very-many	nuclear.family,"Erh, in my village (are) many families [lit. 'very many are families'].",en,WORD_ALIGNED,,watulaney_mp3 watulaney_wav watulaney_eaf watulaney_xml watulaney_tsv,,81040,85350,##	nc	adp	np:l	=rn_pro.1:poss	other:pred	np:s,,watulaney
watulaney_0025,mctondano,ee,e,HES,"Eh,",en,MORPHEME_ALIGNED,,watulaney_mp3 watulaney_wav watulaney_eaf watulaney_xml watulaney_tsv,,86330,87780,nc,,watulaney
watulaney_0026,mctondano,e pepayangenèa,#	e	Ce-pa'ayang-en	=nèa,#	HES	NR-work-PV	=3PL.GEN,Their jobs,en,MORPHEME_ALIGNED,,watulaney_mp3 watulaney_wav watulaney_eaf watulaney_xml watulaney_tsv,,89400,91580,##	nc	np:s	=rn_pro.h:poss,,watulaney
watulaney_0027,mctondano,ee,e,HES,erh,en,MORPHEME_ALIGNED,,watulaney_mp3 watulaney_wav watulaney_eaf watulaney_xml watulaney_tsv,,91750,92630,nc,,watulaney
watulaney_0028,mctondano,kelaker,ka-laker,very-many,are very many.,en,MORPHEME_ALIGNED,,watulaney_mp3 watulaney_wav watulaney_eaf watulaney_xml watulaney_tsv,,92630,93761,other:pred,,watulaney
watulaney_0029,mctondano,wewèan sèpetani,#	wewèan	sè=	petani,#	EXIST	AN.PL=	farmer,There are farmers.,en,MORPHEME_ALIGNED,,watulaney_mp3 watulaney_wav watulaney_eaf watulaney_xml watulaney_tsv,,93861,95621,##	other:predex	=ln	np.h:s,,watulaney
watulaney_0030,mctondano,"wewèan sèmewangker, wawèan sèmapa'ayang kantor",#	wewèan	#	sè=	ma-wangker	#	wewèan	#	sè=	ma-pa'ayang	kantor,#	EXIST	#	3PL.REL=	AV.DYN-sell	#	EXIST	#	3PL.REL=	AV.DYN-work	office,There are those who sell [i.e. traders]. There are (those who work (in) offices [i.e. office workers].,en,MORPHEME_ALIGNED,,watulaney_mp3 watulaney_wav watulaney_eaf watulaney_xml watulaney_tsv,,95791,100721,##	other:predex	#rc:s	=pro.h:s	v:pred	##	other:predex	#rc:s	=pro.h:s	v:pred	np:obl,,watulaney
watulaney_0031,mctondano,pokonya,#	pokok	=nya,#	primary	=3SG.GEN,"Primarily,",en,MORPHEME_ALIGNED,,watulaney_mp3 watulaney_wav watulaney_eaf watulaney_xml watulaney_tsv,,100721,102091,##	other	=rn_pro:poss,,watulaney
watulaney_0032,mctondano,"ee, kelaker karangan, ee papa'yanganè wal",e	ka-laker	karengan	e	Ce-pa'ayangan	=nèa	#	walau,HES	very-many	definitely	HES	NR-work-LV	=3PL.GEN	#	although,"erh, (there are) definitely many (of) their jobs. Although,",en,WORD_ALIGNED,,watulaney_mp3 watulaney_wav watulaney_eaf watulaney_xml watulaney_tsv,,102241,105261,nc	other:pred	other	nc	np:s	=rn_pro.h:poss	#ac	other,,watulaney
watulaney_0033,mctondano,eem,em,HES,"ehm,",en,MORPHEME_ALIGNED,,watulaney_mp3 watulaney_wav watulaney_eaf watulaney_xml watulaney_tsv,,105481,107281,nc,,watulaney
watulaney_0034,mctondano,waki wanuamèi,waki	wanua	=mèy,PREP3	village	=1PL.EX.GEN,"in our village,",en,MORPHEME_ALIGNED,,watulaney_mp3 watulaney_wav watulaney_eaf watulaney_xml watulaney_tsv,,107367,109757,adp	np:l	=rn_pro.1:poss,,watulaney
watulaney_0035,mctondano,ee,e,HES,"erh,",en,MORPHEME_ALIGNED,,watulaney_mp3 watulaney_wav watulaney_eaf watulaney_xml watulaney_tsv,,111270,112050,nc,,watulaney
watulaney_0036,mctondano,"laker karangan sèee, mepa'ayang uma",laker	karengan	#	sè=	e	ma-pa'ayang	uma,many	definitely	#	3PL.REL=	HES	AV.DYN-work	fields,(there are) definitely many who work the fields [i.e. are farmers].,en,MORPHEME_ALIGNED,,watulaney_mp3 watulaney_wav watulaney_eaf watulaney_xml watulaney_tsv,,112860,117770,other:pred	ln	#rc:s	=pro.h:a_a	nc	v:pred	np:p_a,,watulaney
watulaney_0037,mctondano,ee,e,HES,"erh,",en,MORPHEME_ALIGNED,,watulaney_mp3 watulaney_wav watulaney_eaf watulaney_xml watulaney_tsv,,118560,120150,nc,,watulaney
watulaney_0038,mctondano,uma nitu,#	uma	ni'tu,#	field	DEM2,(In) these fields,en,MORPHEME_ALIGNED,,watulaney_mp3 watulaney_wav watulaney_eaf watulaney_xml watulaney_tsv,,121740,123180,##	np:l	rn,,watulaney
watulaney_0039,mctondano,"sèa sèma, matanem se'ut, cinkè'",sèa	sè=	ma—	ma-tanem	se'ut	cinkè,3PL	3PL.NOM=	HES	AV.DYN-cultivate	banana	clove,"they, they grow bananas, cloves,",en,MORPHEME_ALIGNED,,watulaney_mp3 watulaney_wav watulaney_eaf watulaney_xml watulaney_tsv,,123270,127080,pro.h:dt_a_a	=pro.h:a_a	nc	v:pred	ln_np	ln_np,,watulaney
watulaney_0040,mctondano,marisa,marisa,chilli,chillies.,en,MORPHEME_ALIGNED,,watulaney_mp3 watulaney_wav watulaney_eaf watulaney_xml watulaney_tsv,,127770,130240,np:p_a,,watulaney
watulaney_0041,mctondano,sèma,#	sè=	ma—,#	3PL.NOM=	HES,They,en,MORPHEME_ALIGNED,,watulaney_mp3 watulaney_wav watulaney_eaf watulaney_xml watulaney_tsv,,131930,133820,##	=pro.h:s	nc,,watulaney
watulaney_0042,mctondano,mepa'ayang waki uma ni'tu,ma-pa'ayang	waki	uma	ni'tu,AV.DYN-work	PREP3	fields	DEM2,work in those fields.,en,MORPHEME_ALIGNED,,watulaney_mp3 watulaney_wav watulaney_eaf watulaney_xml watulaney_tsv,,134090,135960,v:pred	adp	np:l	rn,,watulaney
watulaney_0043,mctondano,"sa sèa matanem cinkè' sèmepa'ayang mèmang ulit ulit, ee",#	#	sa	sèa	ma-tanem	cinkè'	%	sè=	ma-pa'ayang	mèmang	ulit	ulit	e,#	#	if	3PL	AV.DYN-cultivate	cloves	%	3PL.NOM=	AV.DYN-work	truly	RDP	correct	HES,"When they grow cloves, they truly work properly, erh.",en,MORPHEME_ALIGNED,,watulaney_mp3 watulaney_wav watulaney_eaf watulaney_xml watulaney_tsv,,136227,141165,##	#ac	other	pro.h:a_a	v:pred	np:p_a	%	=pro.h:s	v:pred	rv	rv	rv	nc,,watulaney
watulaney_0044,mctondano,supaya ee,#	supaya	e,#	so.that	HES,"In order that, erh,",en,MORPHEME_ALIGNED,,watulaney_mp3 watulaney_wav watulaney_eaf watulaney_xml watulaney_tsv,,143390,145980,#ac	other	nc,,watulaney
watulaney_0045,mctondano,cinkè' nitu musti ma,cinkè'	ni'tu	musti	ma—,clove	DEM2	must	HES,"these cloves must,",en,MORPHEME_ALIGNED,,watulaney_mp3 watulaney_wav watulaney_eaf watulaney_xml watulaney_tsv,,147114,149290,np:s	rn	aux	nc,,watulaney
watulaney_0046,mctondano,mawua laker,ma-wu'a	laker,EV.STAT-fruit	many,bloom a lot (yield a lot of fruit).,en,MORPHEME_ALIGNED,,watulaney_mp3 watulaney_wav watulaney_eaf watulaney_xml watulaney_tsv,,149290,150780,v:pred	rv,,watulaney
watulaney_0047,mctondano,sème,#	sè=	me-,#	3PL.NOM=	HES,They,en,WORD_ALIGNED,,watulaney_mp3 watulaney_wav watulaney_eaf watulaney_xml watulaney_tsv,,150780,152330,##	=pro.h:a_a	nc,,watulaney
watulaney_0048,mctondano,"mabersi cinkè' sèma, marou' witek waki",ma-weresi	cinkè'	#	sè=	ma—	ma-row'	witek	waki,AV.DYN-clean	clove	#	3PL.NOM=	HES	AV.DYN-far	larvae	PREP3,clean the cloves. They remove the grub larvae from,en,MORPHEME_ALIGNED,,watulaney_mp3 watulaney_wav watulaney_eaf watulaney_xml watulaney_tsv,,152330,156340,v:pred	np:p_a	##	=pro.h:a_a	nc	v:pred	np:p_a	adp,,watulaney
watulaney_0049,mctondano,"ee, apa, waki po'ongna cinkè",e	apa	waki	po'ong	=na	cinkè,HES	what	PREP3	tree	=3SG.GEN	clove,"erh, what, from the clove trees.",en,MORPHEME_ALIGNED,,watulaney_mp3 watulaney_wav watulaney_eaf watulaney_xml watulaney_tsv,,156437,159540,nc	nc	adp	np:obl	=rn_pro:poss	rn_np,,watulaney
watulaney_0050,mctondano,sèmapupuk,#	sè=	ma-pupuk	ZERO,#	3PL.NOM=	AV.DYN-fertilizer	ZERO,They fertilize (the fields).,en,MORPHEME_ALIGNED,,watulaney_mp3 watulaney_wav watulaney_eaf watulaney_xml watulaney_tsv,,159540,161410,##	=pro.h:a_a	v:pred	0:p_a,,watulaney
watulaney_0051,mctondano,"sèmawingkung, sèma",#	sè=	ma-wingkung	#	sè=	ma—,#	3PL.NOM=	AV.DYN-hoe.the.ground	#	3PL.NOM=	HES,"They hoe the ground. They,",en,MORPHEME_ALIGNED,,watulaney_mp3 watulaney_wav watulaney_eaf watulaney_xml watulaney_tsv,,161410,165320,##	=pro.h:s	v:pred	##	=pro.h:a_a	nc,,watulaney
watulaney_0052,mctondano,maberesiberesi waya,ma-weresi-weresi	waya,AV.DYN-RDP-clean	all,are cleaning (removing bug larvae) all,en,MORPHEME_ALIGNED,,watulaney_mp3 watulaney_wav watulaney_eaf watulaney_xml watulaney_tsv,,166410,168000,v:pred	ln,,watulaney
watulaney_0053,mctondano,"poong cinkè' nitu supaya, supaya po'ong nitu mawua' laker karangen",po'ong	cinkè	ni'tu	#	supaya	supaya	po'ong	ni'tu	ma-wu'a	laker	karengan,tree	clove	DEM2	#	HES	so.that	tree	DEM2	EV.STAT-fruit	many	definitely,"these clove trees, so that, so that these trees definitely bear a lot of fruit.",en,MORPHEME_ALIGNED,,watulaney_mp3 watulaney_wav watulaney_eaf watulaney_xml watulaney_tsv,,168110,172170,np:p_a	rn_np	rn	#ac	nc	other	np:s	rn	v:pred	rv	rv,,watulaney
watulaney_0054,mctondano,ee,e,HES,Eh,en,MORPHEME_ALIGNED,,watulaney_mp3 watulaney_wav watulaney_eaf watulaney_xml watulaney_tsv,,173760,175380,nc,,watulaney
watulaney_0055,mctondano,"sa sia simelamou sicinke', sè",#	sa	sia	s<im>ela	=mow	si=	cinkè	#	sè=,#	if	3SG	<AV.PST>big	=CMP	AN.SG=	clove	#	HES,"If it grows, the cloves. They",en,WORD_ALIGNED,,watulaney_mp3 watulaney_wav watulaney_eaf watulaney_xml watulaney_tsv,,177810,180610,#ac	other	pro.h:s	v:pred	=rv	=ln	np:dt_s	##	nc,,watulaney
watulaney_0056,mctondano,sèmusti parou'an witek supaya,sè=	musti	pa-row'-an	ZERO	witek	#	supaya,3PL.NOM=	AUX.must	DYN-far-LV	ZERO	larvae	#	so.that,"they, must be removed (by the farmers) the grubs, so that",en,MORPHEME_ALIGNED,,watulaney_mp3 watulaney_wav watulaney_eaf watulaney_xml watulaney_tsv,,180750,183650,=pro:p_u	aux	v:pred	0.h:a_u	np:dt_p_u	#ac	other,,watulaney
watulaney_0057,mctondano,sisumela,si=	s<um>ela,3SG.NOM=	<AV>big,it (the tree) will grow.,en,MORPHEME_ALIGNED,,watulaney_mp3 watulaney_wav watulaney_eaf watulaney_xml watulaney_tsv,,183920,185640,=pro:s	v:pred,,watulaney
watulaney_0058,mctondano,po'ongna sisumela o mawu'a laker,#	po'ong	=na	si=	s<um>ela	#	wo	ZERO	ma-wua'	laker,#	tree	=3SG.GEN	3SG.NOM=	<AV>big	#	and	ZERO	EV.STAT-fruit	many,"Its tree, it will grow and bear a lot of fruit.",en,MORPHEME_ALIGNED,,watulaney_mp3 watulaney_wav watulaney_eaf watulaney_xml watulaney_tsv,,185680,189990,##	np:dt_s	=rn_pro:poss	=pro:s	v:pred	##	other	0:s	v:pred	rv,,watulaney
watulaney_0059,mctondano,waki wanuamèi,#	waki	wanua	=mèy,#	PREP3	village	=1PL.EX.GEN,In our village,en,MORPHEME_ALIGNED,,watulaney_mp3 watulaney_wav watulaney_eaf watulaney_xml watulaney_tsv,,198350,200600,##	adp	np:l	=rn_pro.1:poss,,watulaney
watulaney_0060,mctondano,e ngarana,e	ngaran	=na,HES	name	=3SG.GEN,"its name is,",en,MORPHEME_ALIGNED,,watulaney_mp3 watulaney_wav watulaney_eaf watulaney_xml watulaney_tsv,,200820,203050,nc	np:s	=rn_pro:poss,,watulaney
watulaney_0061,mctondano,ee watulanèy,e	Watulanèy,HES	PN,"erh, Watulaney,",en,MORPHEME_ALIGNED,,watulaney_mp3 watulaney_wav watulaney_eaf watulaney_xml watulaney_tsv,,203720,206930,nc	np:pred,,watulaney
watulaney_0062,mctondano,eem apa,eem	apa,HES	what,erm what?,en,MORPHEME_ALIGNED,,watulaney_mp3 watulaney_wav watulaney_eaf watulaney_xml watulaney_tsv,,210034,212300,nc	nc,,watulaney
watulaney_0063,mctondano,sejarahna nitu,#	sejarah	=na	ni'tu,#	history	=3SG.GEN	DEM2,That is its history.,en,MORPHEME_ALIGNED,,watulaney_mp3 watulaney_wav watulaney_eaf watulaney_xml watulaney_tsv,,214130,216790,##	np:pred	=rn_pro:poss	pro:s,,watulaney
watulaney_0064,mctondano,"karna wewèan waki wanua ee, ngarana ee",#	karena	wewèan	waki	wanua	e	ngaran	=na	e,#	because	EXIST	PREP3	village	HES	name	=3SG.GEN	HES,"Because there is in the village, erh its name is, erh,",en,MORPHEME_ALIGNED,,watulaney_mp3 watulaney_wav watulaney_eaf watulaney_xml watulaney_tsv,,217750,223070,#ac	other	other:predex	adp	np:l	nc	np:s	=rn_pro:poss	nc,,watulaney
watulaney_0065,mctondano,apa,apa,what,what?,en,MORPHEME_ALIGNED,,watulaney_mp3 watulaney_wav watulaney_eaf watulaney_xml watulaney_tsv,,223660,224770,nc,,watulaney
watulaney_0066,mctondano,"rano batu licin, a",rano	batu	licin,water	rock	slippery,(it means) slippery water rock.,en,MORPHEME_ALIGNED,,watulaney_mp3 watulaney_wav watulaney_eaf watulaney_xml watulaney_tsv,,228930,231650,np:other	rn	rn,,watulaney
watulaney_0067,mctondano,"ee, batu licin ni'tu",#	e	batu	licin	ni'tu,#	HES	rock	slippery	DEM2,"Eh, that slippery rock,",en,MORPHEME_ALIGNED,,watulaney_mp3 watulaney_wav watulaney_eaf watulaney_xml watulaney_tsv,,232720,235750,##	nc	np:s	rn_np	rn,,watulaney
watulaney_0068,mctondano,ee,e,HES,"erh,",en,MORPHEME_ALIGNED,,watulaney_mp3 watulaney_wav watulaney_eaf watulaney_xml watulaney_tsv,,236120,238100,nc,,watulaney
watulaney_0069,mctondano,sejarah dari,sejarah	dari,history	PREP1,(is) the history from.,en,MORPHEME_ALIGNED,,watulaney_mp3 watulaney_wav watulaney_eaf watulaney_xml watulaney_tsv,,238300,240090,np:pred	adp,,watulaney
watulaney_0070,mctondano,"ee, o toumou",#	e	wo	ZERO	tow	=mow,#	HES	and	ZERO	like	=CMP,"Erth, and it (the name) is like,",en,MORPHEME_ALIGNED,,watulaney_mp3 watulaney_wav watulaney_eaf watulaney_xml watulaney_tsv,,240415,243075,##	nc	other	0:s	other	=other,,watulaney
watulaney_0071,mctondano,wanua watulanèy,wanua	Watulanèy,village	PN,"the village 'Watulaney',",en,MORPHEME_ALIGNED,,watulaney_mp3 watulaney_wav watulaney_eaf watulaney_xml watulaney_tsv,,245580,247110,np:pred	rn_np,,watulaney
watulaney_0072,mctondano,"batu watu, licin lanèy, jadi","batu	watu	licin	lanèy,	#	jadi",rock	rock	slippery	slippery	#	thus,"rock, rock, slippery, slippery, (first in Indonesian and then in Tondano). So",en,MORPHEME_ALIGNED,,watulaney_mp3 watulaney_wav watulaney_eaf watulaney_xml watulaney_tsv,,247220,250450,nc	nc	nc	nc	##	other,,watulaney
watulaney_0073,mctondano,ee mamualila,e	ZERO	ma-muali	=la,HES	ZERO	STAT.EV-become	=DIR.PROX,erh (the name) becomes,en,MORPHEME_ALIGNED,,watulaney_mp3 watulaney_wav watulaney_eaf watulaney_xml watulaney_tsv,,250450,252190,nc	0:s	v:pred	=rv,,watulaney
watulaney_0074,mctondano,"wanuamèi, watulanèy",wanua	=mèy	Watulanèy,village	=1PL.EX.GEN	PN,"our village, Watulaney.",en,MORPHEME_ALIGNED,,watulaney_mp3 watulaney_wav watulaney_eaf watulaney_xml watulaney_tsv,,252280,254810,np:other	=rn_pro.1:poss	rn_np,,watulaney
watulaney_0075,mctondano,"aa, ye'in sè",#	aa	ye'in	sè=,#	HES	now	HES,"Ah, nowadays the",en,WORD_ALIGNED,,watulaney_mp3 watulaney_wav watulaney_eaf watulaney_xml watulaney_tsv,,263240,265250,#ac	nc	other	nc,,watulaney
watulaney_0076,mctondano,"sètou waki wanua, wanuaku",sè=	tow	waki	wanua	wanua	=ku,AN.PL=	people	PREP3	HES	village	=3SG.GEN,"the people in village, my village,",en,MORPHEME_ALIGNED,,watulaney_mp3 watulaney_wav watulaney_eaf watulaney_xml watulaney_tsv,,265390,268120,=ln	np.h:dt_a_a	adp	nc	np:l	=rn_pro.1:poss,,watulaney
watulaney_0077,mctondano,ee,e,HES,erh,en,MORPHEME_ALIGNED,,watulaney_mp3 watulaney_wav watulaney_eaf watulaney_xml watulaney_tsv,,268829,270082,nc,,watulaney
watulaney_0078,mctondano,sèa,sèa,HES,they.,en,MORPHEME_ALIGNED,,watulaney_mp3 watulaney_wav watulaney_eaf watulaney_xml watulaney_tsv,,272510,273980,nc,,watulaney
watulaney_0079,mctondano,"sa sèa mepanen cinkè, mao, mapan, mepanen cinkè",sa	sèa	ma-panen	cinkè	mao	#	ZERO	ma-panen	cinkè,if	3PL	AV.DYN-cultivate	clove	HES	#	ZERO	AV.DN-cultivate	clove,"If they grow cloves, grow. (They) grow cloves.",en,MORPHEME_ALIGNED,,watulaney_mp3 watulaney_wav watulaney_eaf watulaney_xml watulaney_tsv,,274345,279425,other	pro.h:a_a	v:pred	np:p_a	nc	##	0.h:a_a	v:pred	np:p_a,,watulaney
watulaney_0080,mctondano,sè,#	sè=,#	3PL.NOM=,"They,",en,MORPHEME_ALIGNED,,watulaney_mp3 watulaney_wav watulaney_eaf watulaney_xml watulaney_tsv,,279710,281310,##	=pro.h:a_a,,watulaney
watulaney_0081,mctondano,"ma, masèro tou waki",ma—	ma-sèro	tow	waki,HES	AV.DYN-search	person	PREP3,search for people from,en,MORPHEME_ALIGNED,,watulaney_mp3 watulaney_wav watulaney_eaf watulaney_xml watulaney_tsv,,281530,284320,nc	v:pred	np.h:p_a	adp,,watulaney
watulaney_0082,mctondano,luar luar wanua mèi matipu cinkè' mewaliwali,luar	luar	wanua	#	ZERO	<um> èy	ma-tipu'	cinkè'	ma-wali wali,outside	outside	village	#	ZERO	<AV>come	AV.DYN-pick	cloves	EV.STAT-RDP-together,outside the village. (They) come and pick cloves together (with the villagers).,en,WORD_ALIGNED,,watulaney_mp3 watulaney_wav watulaney_eaf watulaney_xml watulaney_tsv,,284430,287700,ln	ln	np:l	##	0.h:a_a	lv	v:pred	np:p_a	rv,,watulaney
watulaney_0083,mctondano,pasèwan nètou ma,#	ZERO	pa-sewa-en	nè=	tow	#	ZERO	ma—,#	ZERO	DYN-hire-PV	AN.PL.GEN=	person	#	ZERO	HES,(The outsiders) are hired by people (from the village). (They),en,MORPHEME_ALIGNED,,watulaney_mp3 watulaney_wav watulaney_eaf watulaney_xml watulaney_tsv,,288510,290870,##	0.h:p_u	v:pred	=ln	np.h:a_u	##	0.h:a_a	nc,,watulaney
watulaney_0084,mctondano,matipu',ma-tipu'	ZERO,AV.DYN-pick	ZERO,pick (the cloves).,en,MORPHEME_ALIGNED,,watulaney_mp3 watulaney_wav watulaney_eaf watulaney_xml watulaney_tsv,,291080,292400,v:pred	0:p_a,,watulaney
watulaney_0085,mctondano,o,#	wo,#	and,"And,",en,MORPHEME_ALIGNED,,watulaney_mp3 watulaney_wav watulaney_eaf watulaney_xml watulaney_tsv,,294250,295920,##	other,,watulaney
watulaney_0086,mctondano,"pawèèan kumaan sèa, pa pawèaren pokoknya sè",pa-wèè-an	ZERO	k<um>aan	sèa	#	pa—	ZERO	pa-wèar-en	ZERO	#	pokok	=nya	sè=,DYN-give-LV	ZERO	<AV>rice	3PL	#	HES	ZERO	DYN-pay-PV	ZERO	#	primarily	=3SG.GEN	HES,"They are given food (by the villagers). They are paid (by them). Primarily they,",en,WORD_ALIGNED,,watulaney_mp3 watulaney_wav watulaney_eaf watulaney_xml watulaney_tsv,,299780,303270,v:pred	0.h:a_u	np:p_u	pro.h:obl	##	nc	0.h:p_u	v:pred	0.h:a_u	##	other	=rn_pro:poss	nc,,watulaney
watulaney_0087,mctondano,"sèma, mapa'ayang",sè=	ma	ma-pa'ayang,3PL.NOM=	HES	AV.DYN-work,"they work,",en,MORPHEME_ALIGNED,,watulaney_mp3 watulaney_wav watulaney_eaf watulaney_xml watulaney_tsv,,303450,305570,=pro.h:s	nc	v:pred,,watulaney
watulaney_0088,mctondano,waki sèi siwewèan,waki	sèi	#	si=	wewèan,PREP3	who	#	3SG.REL=	EXIST,with (the people) who have (own),en,MORPHEME_ALIGNED,,watulaney_mp3 watulaney_wav watulaney_eaf watulaney_xml watulaney_tsv,,305570,307750,adp	np.h:obl	#rc_rn	=pro.h:dt	other:predex,,watulaney
watulaney_0089,mctondano,po'ong cinke' nitu,po'ong	cinkè'	ni'tu,tree	clove	DEM2,these cloves trees.,en,MORPHEME_ALIGNED,,watulaney_mp3 watulaney_wav watulaney_eaf watulaney_xml watulaney_tsv,,307750,309110,np:s	rn_np	rn,,watulaney
watulaney_0090,mctondano,susur,#	susur,#	every,Every,en,MORPHEME_ALIGNED,,watulaney_mp3 watulaney_wav watulaney_eaf watulaney_xml watulaney_tsv,,312550,314290,##	other,,watulaney
watulaney_0091,mctondano,"e, rua te'un",e	rua	te'un,HES	two	year,eh two years,en,MORPHEME_ALIGNED,,watulaney_mp3 watulaney_wav watulaney_eaf watulaney_xml watulaney_tsv,,314312,316872,nc	ln	np:other,,watulaney
watulaney_0092,mctondano,"me, matipu cinkè",m—	ZERO	ma-tipu'	cinkè',HES	ZERO	AV.DYN-pick	cloves,(they) pick cloves.,en,MORPHEME_ALIGNED,,watulaney_mp3 watulaney_wav watulaney_eaf watulaney_xml watulaney_tsv,,317042,320442,nc	0.h:a_a	v:pred	np:p_a,,watulaney
watulaney_0093,mctondano,te'un ye'in,#	te'un	ye'i,#	year	DEM1,This year,en,MORPHEME_ALIGNED,,watulaney_mp3 watulaney_wav watulaney_eaf watulaney_xml watulaney_tsv,,321017,322467,##	np:other	other,,watulaney
watulaney_0094,mctondano,"kemaal tarè ee, hargana cinkè', ta'an dèi, dè' metipu",ka-maal	tarè	e	harga	=na	cinkè'	#	ta'an	rèy'	rèy'	ZERO	ma-tipu'	ZERO,very-expensive	new	HES	price	=3SG.GEN	clove	#	however	HES	don't	ZERO	AV.DYN-pick	ZERO,recently the clove price is very expensive. But (they) don't pick (the cloves).,en,MORPHEME_ALIGNED,,watulaney_mp3 watulaney_wav watulaney_eaf watulaney_xml watulaney_tsv,,322487,327167,other:pred	other	nc	np:s	=rn_pro:poss	rn_np:poss	##	other	nc	neg	0.h:a_a	v:pred	0:p_a,,watulaney
watulaney_0095,mctondano,"ee, te'un, te'un nesamoukan wona'","#	ee	te'un,	te'un,	N=	esa	=mowkan	wona",#	HES	HES	year	INAN=	one	=definitely	pehaps,"Only in the coming (next) year maybe,",en,MORPHEME_ALIGNED,,watulaney_mp3 watulaney_wav watulaney_eaf watulaney_xml watulaney_tsv,,328160,331310,#ac	nc	nc	np:other	=ln	other	=rn	other,,watulaney
watulaney_0096,mctondano,sa,sa,HES,if,en,MORPHEME_ALIGNED,,watulaney_mp3 watulaney_wav watulaney_eaf watulaney_xml watulaney_tsv,,331340,332630,nc,,watulaney
watulaney_0097,mctondano,"sa, wèèni berkat niopo empung",sa	wèè-en	=mi	berkat	ni=	Opo	Empung,if	give-PV	=DIR.DIST	blessing	AN.SG.GEN=	elder	ancestor,if the elder ancestor [i.e. a god] will give a blessing (to us).,en,MORPHEME_ALIGNED,,watulaney_mp3 watulaney_wav watulaney_eaf watulaney_xml watulaney_tsv,,332660,336110,other	v:pred	=rv	np:p_u	=ln	np.d:a_u	rn_np.d,,watulaney
watulaney_0098,mctondano,ee yi',#	e	ye'i,#	HES	HES,"Erh, now",en,MORPHEME_ALIGNED,,watulaney_mp3 watulaney_wav watulaney_eaf watulaney_xml watulaney_tsv,,339898,340781,##	nc	nc,,watulaney
watulaney_0099,mctondano,ye'in sisiokiku minarèng waki wanua,ye'i	si=	si=	oki'	=ku	<im> warèng	waki	wanua,now	HES	AN.SG=	small	=1SG.GEN	<AV.PST>return.home	PREP3	village,now my child has returned home to the village.,en,WORD_ALIGNED,,watulaney_mp3 watulaney_wav watulaney_eaf watulaney_xml watulaney_tsv,,340918,344374,other	nc	=ln	np.h:s	=rn_pro.1:poss	v:pred	adp	np:l,,watulaney
watulaney_0100,mctondano,mèa mekeki'it acara,#	ZERO	<um>èa	ma-Ce-ki'it	acara,#	ZERO	<AV>go	AV.DYN-IRR-follow	ritual,"(She) will follow (attend) a meeting,",en,MORPHEME_ALIGNED,,watulaney_mp3 watulaney_wav watulaney_eaf watulaney_xml watulaney_tsv,,345169,348613,##	0.h:a_a	lv	v:pred	nc,,watulaney
watulaney_0101,mctondano,"ee, acara grèja",e	acara	gerèja,HES	ritual	church,eh a church prayer meeting.,en,MORPHEME_ALIGNED,,watulaney_mp3 watulaney_wav watulaney_eaf watulaney_xml watulaney_tsv,,353560,355970,nc	np:p_a	rn_np,,watulaney
watulaney_0102,mctondano,simarèngoukeni wia,#	si=	<um>warèng	=mowkan	=mi	wia,#	3SG.NOM=	<AV>return.home	=definitely	=DIR.DIST	here,She will definitely come back here.,en,MORPHEME_ALIGNED,,watulaney_mp3 watulaney_wav watulaney_eaf watulaney_xml watulaney_tsv,,356620,360060,##	=pro.h:s	v:pred	=rv	=rv	other,,watulaney
watulaney_0103,mctondano,ee,ee,HES,"erh,",en,MORPHEME_ALIGNED,,watulaney_mp3 watulaney_wav watulaney_eaf watulaney_xml watulaney_tsv,,360480,363010,nc,,watulaney
watulaney_0104,mctondano,nendo,N=	endo,INAN=	day,"the day,",en,MORPHEME_ALIGNED,,watulaney_mp3 watulaney_wav watulaney_eaf watulaney_xml watulaney_tsv,,363280,365620,nc	nc,,watulaney
watulaney_0105,mctondano,nendo ye',N=	endo	ye'i,INAN=	day	DEM1,"today,",en,MORPHEME_ALIGNED,,watulaney_mp3 watulaney_wav watulaney_eaf watulaney_xml watulaney_tsv,,366080,367630,=ln	np:other	rn,,watulaney
watulaney_0106,mctondano,kaapat hari berikut,ka-apat	hari	berikut,ORD-four	day	follow,in four more days.,en,MORPHEME_ALIGNED,,watulaney_mp3 watulaney_wav watulaney_eaf watulaney_xml watulaney_tsv,,374040,377740,ln	np:other	rn,,watulaney
watulaney_0107,mctondano,mm,#	mm,#	HES,"Hmm,",en,MORPHEME_ALIGNED,,watulaney_mp3 watulaney_wav watulaney_eaf watulaney_xml watulaney_tsv,,378074,379904,##	nc,,watulaney
watulaney_0108,mctondano,niaku maana' wia,niaku	ma-ana'	wia,1SG	AV.DYN-stay	here,I live here.,en,MORPHEME_ALIGNED,,watulaney_mp3 watulaney_wav watulaney_eaf watulaney_xml watulaney_tsv,,380470,383060,pro.1:s	v:pred	other,,watulaney
watulaney_0109,mctondano,"me, mejaga si oki'ku",#	ZERO	ma—	ma-jaga	si=	oki'	=ku,#	ZERO	HES	AV.DYN-watch.over	AN.SG=	small	=1SG.GEN,I look after my child.,en,MORPHEME_ALIGNED,,watulaney_mp3 watulaney_wav watulaney_eaf watulaney_xml watulaney_tsv,,383800,386230,##	0.1:a_a	nc	v:pred	=ln	np.h:p_a	=rn_pro.1:poss,,watulaney
watulaney_0110,mctondano,o mepa'ayang waki walè ti'in,#	wo	ZERO	ma-pa'ayang	waki	walè	iti'i,#	and	ZERO	AV.DYN-work	PREP3	house	DEM2,And (I) work in this house here.,en,MORPHEME_ALIGNED,,watulaney_mp3 watulaney_wav watulaney_eaf watulaney_xml watulaney_tsv,,386390,389190,##	other	0.1:s	v:pred	adp	np:l	rn,,watulaney
watulaney_0111,mctondano,"ee, wia kelaker tou wewèan si",#	e	wia	ka-laker	tow	#	wewèan	si=,#	HES	here	very-many	person	#	EXIST	HES,"Here (there) are very many people. There is the,",en,WORD_ALIGNED,,watulaney_mp3 watulaney_wav watulaney_eaf watulaney_xml watulaney_tsv,,389830,393760,##	nc	other	other:pred	np.h:s	##	other:predex	nc,,watulaney
watulaney_0112,mctondano,"siguru nioki'ku ngarana, ee",si=	guru	ni=	oki'	=ku	#	ngaran	=na	e,AN.SG=	teacher	AN.SG.GEN=	small	=1SG.GEN	#	HES	=3SG.GEN	HES,"the teacher of my child. Her name is, erh,",en,MORPHEME_ALIGNED,,watulaney_mp3 watulaney_wav watulaney_eaf watulaney_xml watulaney_tsv,,393952,397572,=ln	np.h:s	=rn	rn_np.h:poss	=rn_pro.1:poss	##	nc	nc	nc,,watulaney
watulaney_0113,mctondano,"ngaran wa' in ngaranè keluarga wia, pungus moni'",ngaran	wa	in	ngaran	nè=	keluarga	wia	Pungus - Moni,HES	HES	HES	name	AN.PL.GEN=	family	here	PN,"the name, the name of the family here is Pungus Moni.",en,WORD_ALIGNED,,watulaney_mp3 watulaney_wav watulaney_eaf watulaney_xml watulaney_tsv,,401600,405740,nc	nc	nc	np:s	=rn	rn_np:poss	other	np:pred,,watulaney
watulaney_0114,mctondano,"sèkeluarga wia sème, mekeoki' rua",#	sè=	keluarga	wia	sè=	ma—	maka-oki'	rua,#	AN.PL=	family	PREP1	3PL.NOM=	HES	AV.POT-small	two,"The families here, they have two (children).",en,MORPHEME_ALIGNED,,watulaney_mp3 watulaney_wav watulaney_eaf watulaney_xml watulaney_tsv,,406608,409788,##	=ln	np:dt_a_a	adp	=pro.h:a_a	nc	v:pred	pro.h:p_a,,watulaney
watulaney_0115,mctondano,"ee, ngarana fèren maan sirèfen",#	ngaran	=na	Fèren	maan	si=	Rèfen,#	name	=3SG.GEN	PN	with	AN.SG=	PN,Its (i.e. their) names are Feren and Refen.,en,MORPHEME_ALIGNED,,watulaney_mp3 watulaney_wav watulaney_eaf watulaney_xml watulaney_tsv,,410390,414070,##	np:s	=rn_pro.h:poss	ln_np	ln	=ln	np.h:pred,,watulaney
watulaney_0116,mctondano,ee,#	ee,#	HES,"Erh,",en,MORPHEME_ALIGNED,,watulaney_mp3 watulaney_wav watulaney_eaf watulaney_xml watulaney_tsv,,414670,416230,##	nc,,watulaney
watulaney_0117,mctondano,wewèan kasi sèma'ana waki walè wia,wewèan	kasi	#	sè=	ma-ana'	waki	walè'	wia,EXIST	more	#	3PL.REL=	AV.DYN-stay	PREP3	house	here,there are also those who live in the house here.,en,MORPHEME_ALIGNED,,watulaney_mp3 watulaney_wav watulaney_eaf watulaney_xml watulaney_tsv,,416630,419480,other:predex	other	#rc:s	=pro.h:s	v:pred	adp	np:l	other,,watulaney
watulaney_0118,mctondano,sèrua cèwè,#	sè=	rua	cèwè,#	AN.PL=	two	girl,"The two girls,",en,MORPHEME_ALIGNED,,watulaney_mp3 watulaney_wav watulaney_eaf watulaney_xml watulaney_tsv,,419650,421080,##	=ln	ln	np.h:dt_s,,watulaney
watulaney_0119,mctondano,"sèma, makulia, ngaranèa liani maan andrianti",sè=	ma—	ma-kulia	#	ngaran	=nèa	Liani	maan	Andrianti,3PL.NOM=	HES	AV.DYN-university.lecture	#	name	=3PL.GEN	PN	with	PN,they attend University. Their names are Liani and Adrianti.,en,MORPHEME_ALIGNED,,watulaney_mp3 watulaney_wav watulaney_eaf watulaney_xml watulaney_tsv,,421330,425620,=pro.h:s	nc	v:pred	##	np:s	=rn_pro.h:poss	ln_np	ln	np.h:pred,,watulaney
watulaney_0120,mctondano,hmm,#	hmm,#	HES,Hmm,en,MORPHEME_ALIGNED,,watulaney_mp3 watulaney_wav watulaney_eaf watulaney_xml watulaney_tsv,,426710,427829,##	nc,,watulaney
watulaney_0121,mctondano,jadi kèikeramè ma'ana waki walè wia kaa kelaker tou,jadi	kèy=	ka-ramè	ma-ana'	waki	walè	wia	#	ka'a	ka-laker	tow,thus	1.PL.EX.NOM=	very-noisy	AV.DYN-stay	PREP3	house	now	#	because	very-many	people,"so we live here noisily in the house here, because (there are) very many people.",en,MORPHEME_ALIGNED,,watulaney_mp3 watulaney_wav watulaney_eaf watulaney_xml watulaney_tsv,,427829,431599,other	=pro.1:s	rv	v:pred	adp	np:l	other	#ac	other	other:pred	np.h:s,,watulaney
watulaney_0122,mctondano,susur nendo,#	susur	N=	endo,#	every	INAN=	day,"Every day,",en,MORPHEME_ALIGNED,,watulaney_mp3 watulaney_wav watulaney_eaf watulaney_xml watulaney_tsv,,432310,433810,##	other	=ln	np:other,,watulaney
watulaney_0123,mctondano,kumusti tumoor,ku=	musti	t<um>o'or,1SG.NOM=	AUX.must	<AV>get.up,I have to get up.,en,MORPHEME_ALIGNED,,watulaney_mp3 watulaney_wav watulaney_eaf watulaney_xml watulaney_tsv,,434083,435728,=pro.1:s	aux	v:pred,,watulaney
watulaney_0124,mctondano,ee rior,#	ee	rior,#	HES	so.that,"Eh, so that",en,MORPHEME_ALIGNED,,watulaney_mp3 watulaney_wav watulaney_eaf watulaney_xml watulaney_tsv,,435872,437177,#ac	nc	other,,watulaney
watulaney_0125,mctondano,"makemes labung, mawas piring ma",ZERO	ma-kemes	labung	#	ZERO	ma-owas	piring	ma—,ZERO	AV.DYN-wash	clothes	#	ZERO	AV.DYN-clean	plate	HES,(I) wash the clothes. (I) clean up the plates.,en,MORPHEME_ALIGNED,,watulaney_mp3 watulaney_wav watulaney_eaf watulaney_xml watulaney_tsv,,437756,441806,0.1:a_a	v:pred	np:p_a	##	0.1:a_a	v:pred	np:p_a	nc,,watulaney
watulaney_0126,mctondano,"moas pekaanan, moas",#	ZERO	ma-owas	Ce-kaan-an	#	ZERO	ma-owas,#	ZERO	AV.DYN-wash	NR-eat-LV	#	ZERO	AV.DYN-wash,"(I) wash the dishes, (I) wash",en,MORPHEME_ALIGNED,,watulaney_mp3 watulaney_wav watulaney_eaf watulaney_xml watulaney_tsv,,441830,443850,##	0.1:a_a	v:pred	np:p_a	##	0.1:a_a	v:pred,,watulaney
watulaney_0127,mctondano,ee keko'an,ee	Ce-koo'-an,HES	NR-drink-LV,erh the cups.,en,MORPHEME_ALIGNED,,watulaney_mp3 watulaney_wav watulaney_eaf watulaney_xml watulaney_tsv,,444336,446050,nc	np:p_a,,watulaney
watulaney_0128,mctondano,ma,#	ma—,#	HES,Uh...,en,MORPHEME_ALIGNED,,watulaney_mp3 watulaney_wav watulaney_eaf watulaney_xml watulaney_tsv,,446050,447300,##	nc,,watulaney
watulaney_0129,mctondano,"pokonya ma, mepa'ayang waki walè wia",pokok	=nya	ZERO	ma—	ma-pa'ayang	waki	walè	wia,primary	=3SG.GEN	ZERO	HES	AV.DYN-work	PREP3	house	here,"primarily, (I) work in this house here.",en,MORPHEME_ALIGNED,,watulaney_mp3 watulaney_wav watulaney_eaf watulaney_xml watulaney_tsv,,447879,451993,other	=rn_pro:poss	0.1:s	nc	v:pred	adp	np:l	other,,watulaney
watulaney_0130,mctondano,ee,ee,HES,"erh,",en,MORPHEME_ALIGNED,,watulaney_mp3 watulaney_wav watulaney_eaf watulaney_xml watulaney_tsv,,453100,454530,nc,,watulaney
watulaney_0131,mctondano,ee,ee,HES,"erh,",en,MORPHEME_ALIGNED,,watulaney_mp3 watulaney_wav watulaney_eaf watulaney_xml watulaney_tsv,,458800,460470,nc,,watulaney
watulaney_0132,mctondano,pagipè' sa oras skola sèmèa waki skola,#	pagi	=pè'	sa	oras	sekola	sè=	<um>èa	waki	sekola,#	morning	=INCMP	if	moment	school	3PL.NOM=	<AV>go	PREP3	school,"(If) it's still morning, when it's school time they (the children) go to school.",en,MORPHEME_ALIGNED,,watulaney_mp3 watulaney_wav watulaney_eaf watulaney_xml watulaney_tsv,,460630,464130,##	other	=other	other	np:other	rn_np	=pro.h:s	v:pred	adp	np:g,,watulaney
watulaney_0133,mctondano,karna siibu wia sima,#	karèna	si=	ibu	wia	#	si=	ma—,#	because	AN.SG=	mother	here	#	3SG.REL=	HES,"Because the mother here, who",en,MORPHEME_ALIGNED,,watulaney_mp3 watulaney_wav watulaney_eaf watulaney_xml watulaney_tsv,,464260,466500,##	other	=ln	np.h:s	other	#rc_rn	=pro.h:s	nc,,watulaney
watulaney_0134,mctondano,maguru waki èsèma,ma-guru	waki	SMA,AV.DYN-teacher	PREP3	junior.high.school,teaches at the junior high school,en,MORPHEME_ALIGNED,,watulaney_mp3 watulaney_wav watulaney_eaf watulaney_xml watulaney_tsv,,466590,468510,v:pred	adp	np:l,,watulaney
watulaney_0135,mctondano,maan sioki'ku masekola mana jadi sèmewali mengèa,%	maan	si=	oki'	=ku	ma-sekola	mana	#	jadi	sè=	ma-wali	meN-èa,%	with	AN.SG=	small	=1SG.GEN	AV.DYN-school	there	#	thus	3PL.NOM=	EV.STAT-together	AV.DYN-go,"with my child, goes to school there. So they go together",en,MORPHEME_ALIGNED,,watulaney_mp3 watulaney_wav watulaney_eaf watulaney_xml watulaney_tsv,,468510,471730,%	ln	=ln	np.h:obl	=rn_pro.1:poss	v:pred	other	##	other	=pro.h:s	lv	v:pred,,watulaney
watulaney_0136,mctondano,"man sioki' rua wia, sèmaskola waki èsdè maan èsèmpè",maan	si=	oki'	rua	wia	#	sè=	ma-sekola	waki	SD	maan	SMP,with	AN.SG=	small	two	here	#	3PL.NOM=	AV.DYN-school	PREP3	primary.school	with	senior.high.school,with the two children here. They go to primary school and senior high school.,en,MORPHEME_ALIGNED,,watulaney_mp3 watulaney_wav watulaney_eaf watulaney_xml watulaney_tsv,,471730,475740,ln	=ln	np.h:obl	rn	other	##	=pro.h:s	v:pred	adp	ln_np	ln	np:l,,watulaney
watulaney_0137,mctondano,mengèa mewali-wali,#	ZERO	meN-èa	ma-wali wali,#	ZERO	AV.DYN-go	EV.STAT-RDP-together,(They) go (to school) together.,en,WORD_ALIGNED,,watulaney_mp3 watulaney_wav watulaney_eaf watulaney_xml watulaney_tsv,,475860,477410,##	0.h:s	v:pred	rv,,watulaney
watulaney_0138,mctondano,"o sa sèa mo, mewarèngi, mewarèng mengesangesa","#	#	wo	sa	sèa	mo-	ma-warèng,	=mi	%	ZERO	ma-warèng,	meN-esa-esa",#	#	and	if	3PL	HES	AV.DYN-return.home	=DIR.DIST	%	ZERO	AV.DYN-return.home	EV.STAT-RDP-one,"And when they come home, (they) come home one by one.",en,WORD_ALIGNED,,watulaney_mp3 watulaney_wav watulaney_eaf watulaney_xml watulaney_tsv,,477490,480800,##	#ac	other	other	pro.h:s	nc	v:pred	=rv	%	0.h:s	v:pred	rv,,watulaney
watulaney_0139,mctondano,sa sèminèamou waya,#	#	sa	sè=	<im>èa	=mow	waya,#	#	if	3PL.NOM=	<AV.PST>go	=CMP	all,If they all go (together).,en,MORPHEME_ALIGNED,,watulaney_mp3 watulaney_wav watulaney_eaf watulaney_xml watulaney_tsv,,484220,486120,##	#ac	other	=pro.h:s	v:pred	=rv	other,,watulaney
watulaney_0140,mctondano,niakumoukan maesaesa waki walè,%	niaku	=mowkan	ma-esa -esa	waki	walè,%	1SG	=definitely	EV.STAT-RDP-one	PREP3	house,I'm definitely all alone in the house.,en,MORPHEME_ALIGNED,,watulaney_mp3 watulaney_wav watulaney_eaf watulaney_xml watulaney_tsv,,486270,488560,%	pro.1:s	=rn	v:pred	adp	np:l,,watulaney
watulaney_0141,mctondano,"jadi, ku",#	jadi	ku=,#	thus	HES,"So, I",en,WORD_ALIGNED,,watulaney_mp3 watulaney_wav watulaney_eaf watulaney_xml watulaney_tsv,,489260,491210,##	other	nc,,watulaney
watulaney_0142,mctondano,"empepepa'ayangou, sapa mpe'ayangenku waki walè",N=	i-pa-Ce-pa'ayang	ZERO	=mow	#	sapa	N=	pa'ayangen	=ku	waki	walè,3SG.NOM=	AV.DYN-IRR-work	ZERO	=CMP	#	what	3SG.NOM=	work-PV	=1SG.GEN	PREP3	house,"I will do this work, what I do in the house.",en,WORD_ALIGNED,,watulaney_mp3 watulaney_wav watulaney_eaf watulaney_xml watulaney_tsv,,491270,494880,=pro:p_u	v:pred	0.h:a_u	=rv	##	nc	=pro:p_u	v:pred	=pro.1:a_u	adp	np:l,,watulaney
watulaney_0143,mctondano,"ee, abisla nitu kasi",#	ee	abis	=la	ni'tu	kasi,#	HES	finish	=DIR.PROX	DEM2	more,(When) this is finished again.,en,MORPHEME_ALIGNED,,watulaney_mp3 watulaney_wav watulaney_eaf watulaney_xml watulaney_tsv,,495840,499300,##	nc	other:pred	=rv	pro:s	other,,watulaney
watulaney_0144,mctondano,"soro, sorèmou nendo",#	soro	sorè	=mow	N=	endo,#	HES	afternoon	=CMP	INAN=	day,When it's already afternoon of the day.,en,MORPHEME_ALIGNED,,watulaney_mp3 watulaney_wav watulaney_eaf watulaney_xml watulaney_tsv,,499390,501330,##	nc	ln_np	=rn	=ln	np:other,,watulaney
watulaney_0145,mctondano,kumusti lumelè'mou,ku=	musti	l<um>elè'	=mow,1SG.NOM=	must.AUX	<AV>bathe	=CMP,I have to bathe.,en,MORPHEME_ALIGNED,,watulaney_mp3 watulaney_wav watulaney_eaf watulaney_xml watulaney_tsv,,501780,504560,=pro.1:s	aux	v:pred	=rv,,watulaney
watulaney_0146,mctondano,ee,#	ee,#	HES,Erh,en,MORPHEME_ALIGNED,,watulaney_mp3 watulaney_wav watulaney_eaf watulaney_xml watulaney_tsv,,504574,505506,##	nc,,watulaney
watulaney_0147,mctondano,"dèi urè, wengimou",rèy'	urè	wengi	=mow,not	long	night	=CMP,not long (after) it is already night time.,en,MORPHEME_ALIGNED,,watulaney_mp3 watulaney_wav watulaney_eaf watulaney_xml watulaney_tsv,,505713,507244,neg	np:s	np:pred	=rn,,watulaney
watulaney_0148,mctondano,sa wengimou,#	sa	wengi	=mow,#	if	night	=CMP,"When it is already night time,",en,MORPHEME_ALIGNED,,watulaney_mp3 watulaney_wav watulaney_eaf watulaney_xml watulaney_tsv,,507391,508911,##	other	np:other	=other,,watulaney
watulaney_0149,mctondano,numenotonou televisi,ZERO	n<um>onton	=mow	televisi,ZERO	<AV>watch	=CMP	television,(I) would watch televison,en,MORPHEME_ALIGNED,,watulaney_mp3 watulaney_wav watulaney_eaf watulaney_xml watulaney_tsv,,509810,511926,0.1:a_a	v:pred	=rv	np:p_a,,watulaney
watulaney_0150,mctondano,"ka'ayo wengi, wengi repet",i-ka'ayo	wengi	wengi	repet,CV-POT-arrive	HES	night	quick,"until night, late at night.",en,WORD_ALIGNED,,watulaney_mp3 watulaney_wav watulaney_eaf watulaney_xml watulaney_tsv,,512918,515479,adp	nc	np:other	rn,,watulaney
watulaney_0151,mctondano,"abisla nitu, merengou",#	abis	=la	ni'tu	#	ZERO	mereng	=mow,#	finish	=DIR.PROX	DEM2	#	ZERO	close.eyes	=CMP,When this is done (I) rest.,en,MORPHEME_ALIGNED,,watulaney_mp3 watulaney_wav watulaney_eaf watulaney_xml watulaney_tsv,,516650,518850,##	other:pred	=rv	pro:s	##	0.1:s	other:pred	=rv,,watulaney
watulaney_0152,mctondano,owatou kasi tumo'rou,#	owat	=mow	kasi	ZERO	t<um>o'or	=mow,#	daylight	=CMP	more	ZERO	<AV>get.up	=CMP,(When) it's daylight again (I) will get up.,en,MORPHEME_ALIGNED,,watulaney_mp3 watulaney_wav watulaney_eaf watulaney_xml watulaney_tsv,,520880,522760,##	np:other	=rn	other	0.1:s	v:pred	=rv,,watulaney
watulaney_0153,mctondano,"susur nendo, tuana pepa'ayangenku",#	susur	N=	endo	tuana	Ce-pa'ayang-en	=ku,#	every	INAN=	day	thus	NR-work-PV	=1SG.GEN,Every day my work is like this.,en,MORPHEME_ALIGNED,,watulaney_mp3 watulaney_wav watulaney_eaf watulaney_xml watulaney_tsv,,523010,526240,##	other	=ln	np:other	other:pred	np:s	=rn_pro.1:poss,,watulaney
watulaney_0154,mctondano,wewèan e kasi,#	wewèan	e	kasi,#	EXIST	HES	more,There's also,en,MORPHEME_ALIGNED,,watulaney_mp3 watulaney_wav watulaney_eaf watulaney_xml watulaney_tsv,,535897,538210,##	other:predex	nc	other,,watulaney
watulaney_0155,mctondano,"pe, cese pesesesuiengkula waki wanuaku",pe	cece	pa-Ce-susui-en	=ku	=la	waki	wanua	=ku,HES	HES	DYN-IRR-talk-PV	=1SG.GEN	=DIR.PROX	PREP3	village	=1SG.GEN,"uhm, my story from in my village.",en,MORPHEME_ALIGNED,,watulaney_mp3 watulaney_wav watulaney_eaf watulaney_xml watulaney_tsv,,538210,542050,nc	nc	np:s	=rn_pro.1:poss	=rv	adp	np:l	=rn_pro.1:poss,,watulaney
watulaney_0156,mctondano,ee,e,HES,erh,en,MORPHEME_ALIGNED,,watulaney_mp3 watulaney_wav watulaney_eaf watulaney_xml watulaney_tsv,,542200,543740,nc,,watulaney
watulaney_0157,mctondano,si,#	si=,#	AN.SG=,The,en,MORPHEME_ALIGNED,,watulaney_mp3 watulaney_wav watulaney_eaf watulaney_xml watulaney_tsv,,545853,547308,##	=ln,,watulaney
watulaney_0158,mctondano,papaku,papa	=ku,father	=1SG.GEN,my father,en,MORPHEME_ALIGNED,,watulaney_mp3 watulaney_wav watulaney_eaf watulaney_xml watulaney_tsv,,547482,548883,np.h:dt_s	=rn_pro.1:poss,,watulaney
watulaney_0159,mctondano,siminatèmou,si=	<im>patè	=mow,3SG.NOM=	<AV.PST>break	=CMP,he died,en,MORPHEME_ALIGNED,,watulaney_mp3 watulaney_wav watulaney_eaf watulaney_xml watulaney_tsv,,549013,550643,=pro.h:s	v:pred	=rv,,watulaney
watulaney_0160,mctondano,"ee, rua te'un limangkoèla",e	rua	te'un	l<im>angkoy	=la,HES	two	year	<AV.PST>pass	=DIR.PROX,"erh, two years past.",en,MORPHEME_ALIGNED,,watulaney_mp3 watulaney_wav watulaney_eaf watulaney_xml watulaney_tsv,,550786,553769,nc	ln	np:other	rn	=other,,watulaney
watulaney_0161,mctondano,jadi,#	jadi,#	thus,"So,",en,MORPHEME_ALIGNED,,watulaney_mp3 watulaney_wav watulaney_eaf watulaney_xml watulaney_tsv,,553981,555000,##	other,,watulaney
watulaney_0162,mctondano,sètu'aku,sè=	tu'a	=ku,AN.PL=	old	=1SG.GEN,my parents (are),en,MORPHEME_ALIGNED,,watulaney_mp3 watulaney_wav watulaney_eaf watulaney_xml watulaney_tsv,,555000,556370,=ln	np.h:s	=rn_pro.1:poss,,watulaney
watulaney_0163,mctondano,esamoukan simamakumokan,esa	=mowkan	si=	mama	=ku	=mowkan,one	=definitely	AN.SG=	mother	=1SG.GEN	=definitely,"only one, only my mother.",en,MORPHEME_ALIGNED,,watulaney_mp3 watulaney_wav watulaney_eaf watulaney_xml watulaney_tsv,,556510,558860,ln	=rn	=ln	np.h:pred	=rn_pro.1:poss	=rn,,watulaney
watulaney_0164,mctondano,si,#	si=,#	AN.SG=,"The,",en,MORPHEME_ALIGNED,,watulaney_mp3 watulaney_wav watulaney_eaf watulaney_xml watulaney_tsv,,559910,561600,##	=ln,,watulaney
watulaney_0165,mctondano,"mamaku ma'ana waki wanua watulanèy, maan sikakaku",mama	=ku	ma-ana'	waki	wanua	Watulanèy	maan	si=	kaka	=ku,mother	=1SG.GEN	AV.DYN-stay	PREP3	village	PN	with	AN.SG=	older.sibling	=1SG.GEN,my mother lives in Watulaney village with my older brother.,en,MORPHEME_ALIGNED,,watulaney_mp3 watulaney_wav watulaney_eaf watulaney_xml watulaney_tsv,,562157,567078,np.h:s	=rn_pro.1:poss	v:pred	adp	np:l	rn_np	ln	=ln	np.h:obl	=rn_pro.1:poss,,watulaney
watulaney_0166,mctondano,ee,#	e,#	HES,"Erh,",en,MORPHEME_ALIGNED,,watulaney_mp3 watulaney_wav watulaney_eaf watulaney_xml watulaney_tsv,,568319,569311,##	nc,,watulaney
watulaney_0167,mctondano,si,si=,AN.SG=,"the,",en,MORPHEME_ALIGNED,,watulaney_mp3 watulaney_wav watulaney_eaf watulaney_xml watulaney_tsv,,569975,571385,=ln,,watulaney
watulaney_0168,mctondano,"mamaku, siumurna",mama	=ku	si=	umur	=na,mother	=1SG.GEN	3SG.NOM=	age	=3SG.GEN,"my mother, she is aged,",en,MORPHEME_ALIGNED,,watulaney_mp3 watulaney_wav watulaney_eaf watulaney_xml watulaney_tsv,,571720,575100,np.h:dt_s	=rn_pro.1:poss	=pro.h:s	other:pred	=rn_pro.h:poss,,watulaney
watulaney_0169,mctondano,"mm, tujuh pulu duamou te'un",mm	tujuh	puluh	dua	=mow	te'un,HES	seven	ten	two	=CMP	year,already 72 years old.,en,MORPHEME_ALIGNED,,watulaney_mp3 watulaney_wav watulaney_eaf watulaney_xml watulaney_tsv,,575980,579000,nc	ln	ln	ln	=ln	np:other,,watulaney
watulaney_0170,mctondano,jadi situa'mou,#	jadi	si=	tu'a	=mow,#	thus	3SG.NOM=	old	=CMP,So she is already old.,en,MORPHEME_ALIGNED,,watulaney_mp3 watulaney_wav watulaney_eaf watulaney_xml watulaney_tsv,,579026,581456,##	other	=pro.h:s	other:pred	=rn,,watulaney
watulaney_0171,mctondano,tapi,#	tapi,#	HES,But,en,MORPHEME_ALIGNED,,watulaney_mp3 watulaney_wav watulaney_eaf watulaney_xml watulaney_tsv,,582380,583300,##	nc,,watulaney
watulaney_0172,mctondano,ta'an si,ta'an	si=,however	HES,"but, she",en,WORD_ALIGNED,,watulaney_mp3 watulaney_wav watulaney_eaf watulaney_xml watulaney_tsv,,583330,584990,other	nc,,watulaney
watulaney_0173,mctondano,siketerenè',si=	keter-en	=pè',3SG.NOM=	power-PV	=INCMP,she is still strong.,en,MORPHEME_ALIGNED,,watulaney_mp3 watulaney_wav watulaney_eaf watulaney_xml watulaney_tsv,,585070,586900,=pro.h:s	other:pred	=rn,,watulaney
watulaney_0174,mctondano,simakemesè' sandiri malutu'pè' sandiri,#	si=	ma-kemes	=pè'	sandiri	#	ZERO	ma-lutu'	=pè'	sandiri,#	3SG.NOM=	AV.DYN-wash	=INCMP	self	#	ZERO	AV.DYN-cook	=INCMP	self,She can still wash herself. (She) can still cook for herself.,en,MORPHEME_ALIGNED,,watulaney_mp3 watulaney_wav watulaney_eaf watulaney_xml watulaney_tsv,,587730,590950,##	=pro.h:a_a	v:pred	=rv	np.h:p_a	##	0.h:a_a	v:pred	=rv	np.h:p_a,,watulaney
watulaney_0175,mctondano,"ma, mapa'ayangè waki walès ee, mengesa",#	ZERO	ma—	ma-pa'ayang	=pè'	waki	walè	e	meN-esa,#	ZERO	HES	AV.DYN-work	=INCMP	PREP3	house	eh	EV.STAT-one,"She still works at the house, eh alone.",en,MORPHEME_ALIGNED,,watulaney_mp3 watulaney_wav watulaney_eaf watulaney_xml watulaney_tsv,,590970,595660,##	0.h:s	nc	v:pred	=rv	adp	np:l	nc	rn,,watulaney
watulaney_0176,mctondano,maan sia,#	ma'an	sia,#	although	3SG,"Although she is,",en,MORPHEME_ALIGNED,,watulaney_mp3 watulaney_wav watulaney_eaf watulaney_xml watulaney_tsv,,595690,597130,#ac	other	pro.h:s,,watulaney
watulaney_0177,mctondano,maesaesamokan ta'an,ma-esa -esa	=mowkan	#	ta'an,EV.STAT-RDP-one	=definitely	#	however,definitely alone. But,en,MORPHEME_ALIGNED,,watulaney_mp3 watulaney_wav watulaney_eaf watulaney_xml watulaney_tsv,,598258,600359,v:pred	=rv	##	other,,watulaney
watulaney_0178,mctondano,"sima, siapè' masiwosiwo",si=	ma—	sia	=pè'	ma-siwo-siwo,HES	HES	3SG	=INCMP	AV.DYN-RDP-do,"she is, she still is doing",en,WORD_ALIGNED,,watulaney_mp3 watulaney_wav watulaney_eaf watulaney_xml watulaney_tsv,,600516,602823,nc	nc	pro.h:a_a	=rn	v:pred,,watulaney
watulaney_0179,mctondano,sapa kepaarana,sapa	#	ZERO	ka-pa'ar-an	=na,what	#	ZERO	STAT-like-LV	=3SG.GEN,what it is she wants.,en,MORPHEME_ALIGNED,,watulaney_mp3 watulaney_wav watulaney_eaf watulaney_xml watulaney_tsv,,602823,604253,np:p_a	#rc_rn	0:p_u	v:pred	=pro.h:a_u,,watulaney
watulaney_0180,mctondano,"ee, waki wanuaku kasi",#	ee	waki	wanua	=ku	kasi,#	HES	PREP3	village	=1SG.GEN	more,"Eh, as well in my village,",en,MORPHEME_ALIGNED,,watulaney_mp3 watulaney_wav watulaney_eaf watulaney_xml watulaney_tsv,,611221,614284,##	nc	adp	np:l	=rn_pro.1:poss	other,,watulaney
watulaney_0181,mctondano,ee,e,HES,"erh,",en,MORPHEME_ALIGNED,,watulaney_mp3 watulaney_wav watulaney_eaf watulaney_xml watulaney_tsv,,614444,615577,nc,,watulaney
watulaney_0182,mctondano,wewèan sèmepe'ayang,wewèan	#	sè=	ma-pa'ayang,EXIST	#	3PL.REL=	AV.DYN-work,there are those who work.,en,MORPHEME_ALIGNED,,watulaney_mp3 watulaney_wav watulaney_eaf watulaney_xml watulaney_tsv,,615857,619217,other:predex	#rc:s	=pro.h:s	v:pred,,watulaney
watulaney_0183,mctondano,masiwosiwo po'po',#	ZERO	ma-siwo-siwo	po'po',#	ZERO	AV.DYN-RDP-do	coconut,(They) are making coconut meat (copra).,en,MORPHEME_ALIGNED,,watulaney_mp3 watulaney_wav watulaney_eaf watulaney_xml watulaney_tsv,,619915,621626,##	0.h:a_a	v:pred	np:p_a,,watulaney
watulaney_0184,mctondano,"sèa wa, sèi sèa laker",#	sèa	wa	sèy	sèa	laker,#	HES	HES	who	3PL	many,"They, who, many of them",en,MORPHEME_ALIGNED,,watulaney_mp3 watulaney_wav watulaney_eaf watulaney_xml watulaney_tsv,,621990,624330,##	nc	nc	nc	pro.h:a_a	rn,,watulaney
watulaney_0185,mctondano,"timanem poong po'po', sèmasiwo po'po' kaa",t<im>anem	po'ong	po'po'	#	sè=	ma-siwo	po'po'	#	ka'a,<AV.PST>cultivate	tree	coconut	#	3PL.NOM=	AV.DYN-do	coconut	#	because,have cultivated coconut trees. They make coconuts (i.e copra).,en,MORPHEME_ALIGNED,,watulaney_mp3 watulaney_wav watulaney_eaf watulaney_xml watulaney_tsv,,624450,627860,v:pred	np:p_a	rn_np	##	=pro.h:a_a	v:pred	np:p_a	#ac	other,,watulaney
watulaney_0186,mctondano,ee kemaal,e	ka-ma'al,HES	very-expensive,Because very expensive,en,MORPHEME_ALIGNED,,watulaney_mp3 watulaney_wav watulaney_eaf watulaney_xml watulaney_tsv,,627860,629780,nc	other:pred,,watulaney
watulaney_0187,mctondano,"ee, po'po to'? jadi sèma",e	po'opo'	to	#	jadi	sè=	ma—,HES	coconut	PART	#	thus	3PL.NOM=	HES,"erh, are coconuts, right? So they",en,MORPHEME_ALIGNED,,watulaney_mp3 watulaney_wav watulaney_eaf watulaney_xml watulaney_tsv,,629811,633781,nc	np:s	nc	##	other	=pro.h:a_a	nc,,watulaney
watulaney_0188,mctondano,masiwo po'opo',ma-siwo	po'po',AV.DYN-do	coconut,make coconut (copra).,en,MORPHEME_ALIGNED,,watulaney_mp3 watulaney_wav watulaney_eaf watulaney_xml watulaney_tsv,,634311,635390,v:pred	np:p_a,,watulaney
watulaney_0189,mctondano,pasiwon kopra o pewangkèr waki bitung,#	pasiwo-en	ZERO	kopra	#	wo	ZERO	i-pa-wangkèr	ZERO	waki	Bitung,#	DYN-do-PV	ZERO	copra.	#	and	ZERO	CV.DYN-sell	ZERO	PREP3	PN,(They) make copra. And (they) sell (copra) in Bitung.,en,WORD_ALIGNED,,watulaney_mp3 watulaney_wav watulaney_eaf watulaney_xml watulaney_tsv,,635390,638460,##	v:pred	0.h:a_u	np:p_u	##	other	0:p_u	v:pred	0.h:a_u	adp	np:l,,watulaney
watulaney_0190,mctondano,sikaka niampitku,#	si=	kaka	ni=	ampit	=ku,#	AN.SG=	older.sibling	AN.SG.GEN=	spouse	=1SG.GEN,The older brother of my spouse/my spouse's older brother,en,MORPHEME_ALIGNED,,watulaney_mp3 watulaney_wav watulaney_eaf watulaney_xml watulaney_tsv,,639010,641300,##	=ln	np.h:dt_a_a	=rn	rn_np.h:poss	=rn_pro.1:poss,,watulaney
watulaney_0191,mctondano,"sima, mateles ee kopra",si=	ma—	ma-teles	e	kopra,3SG.NOM=	HES	AV.DYN-buy	HES	copra,he buys copra.,en,MORPHEME_ALIGNED,,watulaney_mp3 watulaney_wav watulaney_eaf watulaney_xml watulaney_tsv,,641300,644580,=pro.h:a_a	nc	v:pred	nc	np:p_a,,watulaney
watulaney_0192,mctondano,"jadi, si",#	jadi	si=,#	thus	HES,"So, the,",en,WORD_ALIGNED,,watulaney_mp3 watulaney_wav watulaney_eaf watulaney_xml watulaney_tsv,,644590,646870,##	other	nc,,watulaney
watulaney_0193,mctondano,siampitku sima,si=	ampit	=ku	#	si=	ma—,AN.SG=	spouse	=1SG.GEN	#	3SG.REL=	HES,my husband who,en,MORPHEME_ALIGNED,,watulaney_mp3 watulaney_wav watulaney_eaf watulaney_xml watulaney_tsv,,647311,649610,=ln	np.h:a_a	=rn_pro.1:poss	#rc_rn	=pro.h:s	nc,,watulaney
watulaney_0194,mctondano,mepa'ayangla waki sikakaku,ma-pa'ayang	=la	waki	si=	kaka	=ku,AV.DYN-work	=DIR.PROX	PREP3	AN.SG=	older.sibling	=1SG.GEN,works with my older brother,en,MORPHEME_ALIGNED,,watulaney_mp3 watulaney_wav watulaney_eaf watulaney_xml watulaney_tsv,,649700,652920,v:pred	=rv	adp	=ln	np.h:obl	=rn_pro.1:poss,,watulaney
watulaney_0195,mctondano,ma,ma—,HES,Uh...,en,MORPHEME_ALIGNED,,watulaney_mp3 watulaney_wav watulaney_eaf watulaney_xml watulaney_tsv,,653090,654630,nc,,watulaney
watulaney_0196,mctondano,"mewangkèr, ma mateles kopra paalin waki bitung maan otonèa","%	ma-wangkèr,	ZERO	#	ZERO	ma—	ma-teles	kopra	#	ZERO	pa-ali-en	ZERO	waki	Bitung	maan	oto	=nèa",%	AV.DYN-sell	ZERO	#	ZERO	HES	AV.DYN-buy	copra	#	ZERO	DYN-bring-PV	ZERO	PREP3	PN	with	car	=3PL.GEN,sells (copra). (They) buy the copra (and) bring it from Bitung in their car.,en,MORPHEME_ALIGNED,,watulaney_mp3 watulaney_wav watulaney_eaf watulaney_xml watulaney_tsv,,655140,660310,%	v:pred	0:p_a	##	0.h:a_a	nc	v:pred	np:p_a	##	0:p_u	v:pred	0.h:a_u	adp	np:l	ln	np:obl	=rn_pro.h:poss,,watulaney
watulaney_0197,mctondano,mm,#	mm,#	HES,Hmm,en,MORPHEME_ALIGNED,,watulaney_mp3 watulaney_wav watulaney_eaf watulaney_xml watulaney_tsv,,661540,663180,##	nc,,watulaney
watulaney_0198,mctondano,"ee, si, niaku kasi wewèanè",e	si=	niaku	kasi	wewèan	=pè',HES	HES	1SG	more	EXIST	=INCMP,"erh, I again still have",en,WORD_ALIGNED,,watulaney_mp3 watulaney_wav watulaney_eaf watulaney_xml watulaney_tsv,,663625,667150,nc	nc	pro.h:dt_s	rn	other:predex	=other,,watulaney
watulaney_0199,mctondano,"manuang, manuangku me, manuang wewènèmoukan kaa, simanuangku tuama siminatèmou",manuang	#	manuang	=ku	me	manuang	wewènè	=mowkan	#	ka'a	si=	manuang	=ku	tuama	si=	<im>patè	=mow,in.law	#	in.law	=1SG.GEN	HES	in-law	woman	=definitely	#	because	AN.SG=	in.law	=1SG.GEN	man	3SG.NOM=	<AV.PST>break	=CMP,"in laws. My in laws are only female in laws, because my father in law, he already died.",en,WORD_ALIGNED,,watulaney_mp3 watulaney_wav watulaney_eaf watulaney_xml watulaney_tsv,,667150,674080,np.h:s	##	np.h:s	=rn_pro.1:poss	nc	np.h:predex	rn_np.h	=rn	#ac	other	=ln	np.h:dt_s	=rn_pro.1:poss	rn_np.h	=pro.h:s	v:pred	=rv,,watulaney
watulaney_0200,mctondano,ee,e,HES,Eh...,en,MORPHEME_ALIGNED,,watulaney_mp3 watulaney_wav watulaney_eaf watulaney_xml watulaney_tsv,,674220,675420,nc,,watulaney
watulaney_0201,mctondano,ee,e,HES,"erh,",en,MORPHEME_ALIGNED,,watulaney_mp3 watulaney_wav watulaney_eaf watulaney_xml watulaney_tsv,,677160,678163,nc,,watulaney
watulaney_0202,mctondano,sisiampitku sèa sè,#	si=	si=	ampit	=ku	sèa	sè=,#	HES	AN.SG=	spouse	=1SG.GEN	3PL	AN.PL=,"My husband, they, they are",en,WORD_ALIGNED,,watulaney_mp3 watulaney_wav watulaney_eaf watulaney_xml watulaney_tsv,,680216,683611,##	nc	=ln	np.h:dt_s	=rn_pro.1:poss	pro.h:s	=ln,,watulaney
watulaney_0203,mctondano,"enem, enem matuari",enem	enem	matuari,HES	six	sibling,"six, six brothers.",en,MORPHEME_ALIGNED,,watulaney_mp3 watulaney_wav watulaney_eaf watulaney_xml watulaney_tsv,,685059,687430,nc	ln	np.h:pred,,watulaney
watulaney_0204,mctondano,ee,#	e,#	HES,"Erh,",en,MORPHEME_ALIGNED,,watulaney_mp3 watulaney_wav watulaney_eaf watulaney_xml watulaney_tsv,,688688,689848,##	nc,,watulaney
watulaney_0205,mctondano,siampitku sioki keenem,si=	ampit	=ku	si=	oki'	ka-enem,AN.SG=	spouse	=1SG.GEN	AN.SG=	small	ORD-six,my husband is the sixth child.,en,MORPHEME_ALIGNED,,watulaney_mp3 watulaney_wav watulaney_eaf watulaney_xml watulaney_tsv,,690004,692290,=ln	np.h:s	=rn_pro.1:poss	=ln	other:pred	rn,,watulaney
watulaney_0206,mctondano,si,#	si=,#	AN.SG=,The,en,MORPHEME_ALIGNED,,watulaney_mp3 watulaney_wav watulaney_eaf watulaney_xml watulaney_tsv,,695193,696627,##	=ln,,watulaney
watulaney_0207,mctondano,keluarganèa gèrungan tèndèan,keluarga	=nèa	Gèrungan	Tèndèan,family	=3PL.GEN	PN	PN,their family are the Gerungan-Tèndèans.,en,MORPHEME_ALIGNED,,watulaney_mp3 watulaney_wav watulaney_eaf watulaney_xml watulaney_tsv,,696731,699400,np:s	=rn_pro.h:poss	other:pred	rn_np,,watulaney
watulaney_0208,mctondano,jadi,#	jadi,#	thus,So,en,MORPHEME_ALIGNED,,watulaney_mp3 watulaney_wav watulaney_eaf watulaney_xml watulaney_tsv,,700872,701795,##	other,,watulaney
watulaney_0209,mctondano,kumawèngla niaku maan siampitku,k<um>awèng	=la	niaku	maan	si=	ampit	=ku,<AV>marry	=DIR.PROX	1SG	with	AN.SG=	spouse	=1SG.GEN,I am married to my husband.,en,MORPHEME_ALIGNED,,watulaney_mp3 watulaney_wav watulaney_eaf watulaney_xml watulaney_tsv,,701795,704715,v:pred	=rv	pro.1:s	ln	=ln	np.h:obl	=rn_pro.1:poss,,watulaney
watulaney_0210,mctondano,minamuwalila kèikeluarga,#	m<in>a-muali	=la	kèy=	keluarga,#	EV.STAT.PST-become	=DIR.PROX	1.PL.IN.NOM=	family,We have become the family,en,MORPHEME_ALIGNED,,watulaney_mp3 watulaney_wav watulaney_eaf watulaney_xml watulaney_tsv,,705383,707515,##	v:pred	=rv	=pro.1:s	np:other,,watulaney
watulaney_0211,mctondano,"Gèrungan tèn, gèrungan tulangi",Gèrungan	tèn	Gèrungan	Tulangi,PN	HES	PN	PN,"Gèrungan Tèn..., Gèrungan Tulangi",en,MORPHEME_ALIGNED,,watulaney_mp3 watulaney_wav watulaney_eaf watulaney_xml watulaney_tsv,,707515,709605,nc	nc	rn_np	rn_np,,watulaney
watulaney_0212,mctondano,a ye'in sioki'ku si,#	a	ye'i	si=	oki'	=ku	si=,#	HES	now	AN.SG=	small	=1SG.GEN	3SG.NOM=,"Ah, now my child, she",en,MORPHEME_ALIGNED,,watulaney_mp3 watulaney_wav watulaney_eaf watulaney_xml watulaney_tsv,,710939,713994,##	nc	other	=ln	np.h:dt_s	=rn_pro.1:poss	=pro.h:s,,watulaney
watulaney_0213,mctondano,ee umurna,e	umur	=na,HES	age	=3SG.GEN,"erh, is aged,",en,MORPHEME_ALIGNED,,watulaney_mp3 watulaney_wav watulaney_eaf watulaney_xml watulaney_tsv,,714799,717354,nc	other:pred	=rn_pro.h:poss,,watulaney
watulaney_0214,mctondano,tujuh belasou te'un,tujuh	belas	=mow	te'un,seven	tens	=CMP	year,seventeen years old already.,en,MORPHEME_ALIGNED,,watulaney_mp3 watulaney_wav watulaney_eaf watulaney_xml watulaney_tsv,,719410,721754,ln	ln	=rn	rn_np,,watulaney
watulaney_0215,mctondano,ee,e,HES,erh,en,MORPHEME_ALIGNED,,watulaney_mp3 watulaney_wav watulaney_eaf watulaney_xml watulaney_tsv,,723666,725055,nc,,watulaney
watulaney_0216,mctondano,te'un esa sisumekolamou tingkat ee,#	te'un	esa	si=	s<um>ekola	=mow	tingkat	e,#	year	esa	3SG.NOM=	<AV>school	=CMP	level	eh,(In) first year she will go to school in level eh.,en,MORPHEME_ALIGNED,,watulaney_mp3 watulaney_wav watulaney_eaf watulaney_xml watulaney_tsv,,728237,731470,##	np:other	rn	=pro.h:s	v:pred	=rv	np:obl	nc,,watulaney
watulaney_0217,mctondano,sisumekelamou,#	si=	s<um>ekola	=mow,#	3SG.NOM=	<AV>school	=CMP,She will go to school.,en,MORPHEME_ALIGNED,,watulaney_mp3 watulaney_wav watulaney_eaf watulaney_xml watulaney_tsv,,731470,733700,##	=pro.h:s	v:pred	=rv,,watulaney
watulaney_0218,mctondano,èkumuliamou waki unima,#	sè=	k<um>uliah	=mow	waki	UNIMA,#	3PL.NOM=	<AV>attend.university lecture	=CMP	PREP3	PN,They will attend Manado State University.,en,MORPHEME_ALIGNED,,watulaney_mp3 watulaney_wav watulaney_eaf watulaney_xml watulaney_tsv,,734020,736390,##	=pro.h:s	v:pred	=rv	adp	np:l,,watulaney
watulaney_0219,mctondano,ee,e,HES,"erh,",en,MORPHEME_ALIGNED,,watulaney_mp3 watulaney_wav watulaney_eaf watulaney_xml watulaney_tsv,,736955,738944,nc,,watulaney
watulaney_0220,mctondano,wewèan kasi sè,#	wewèan	kasi	sè=,#	EXIST	more	HES,There are still,en,WORD_ALIGNED,,watulaney_mp3 watulaney_wav watulaney_eaf watulaney_xml watulaney_tsv,,744344,746120,##	other:predex	other	nc,,watulaney
watulaney_0221,mctondano,sèpatuariku waki wanua sèkelaker karangan sèma,sè=	patuari	=ku	waki	wanua	#	sè=	ka-laker	karengan	#	sè=	ma—,AN.PL=	nuclear.family	=1SG.GEN	PREP3	village	#	3PL.NOM=	very-many	definitely	#	3PL.REL=	HES,"my family members in the village. They are definitely many, they",en,MORPHEME_ALIGNED,,watulaney_mp3 watulaney_wav watulaney_eaf watulaney_xml watulaney_tsv,,746120,750170,=ln	np:s	=rn_pro.1:poss	adp	np:l	##	=pro.h:s	other:pred	other	#rc	=pro.h:s	nc,,watulaney
watulaney_0222,mctondano,makulia waki unima,ma-kulia	waki	UNIMA,AV.DYN-university.lecture	PREP3	PN,attend university at Manado State University.,en,MORPHEME_ALIGNED,,watulaney_mp3 watulaney_wav watulaney_eaf watulaney_xml watulaney_tsv,,750230,752440,v:pred	adp	np:l,,watulaney
watulaney_0223,mctondano,"e waki wanuaku maan, maan wanua",#	e	waki	wanua	=ku	ma'an	ma'an	wanua,#	HES	PREP3	village	=1SG.GEN	HES	although	village,"In my village, although, although the village is",en,MORPHEME_ALIGNED,,watulaney_mp3 watulaney_wav watulaney_eaf watulaney_xml watulaney_tsv,,757851,761210,##	nc	nc	nc	nc	nc	other	np:s,,watulaney
watulaney_0224,mctondano,rou' waki,row'	waki,far	PREP3,far from,en,MORPHEME_ALIGNED,,watulaney_mp3 watulaney_wav watulaney_eaf watulaney_xml watulaney_tsv,,761210,762940,other:pred	adp,,watulaney
watulaney_0225,mctondano,karamèan ta'an,ka-ramè-an	#	ta'an,NR-noisy-NR	#	however,"the hustle and bustle [of the city]. But,",en,MORPHEME_ALIGNED,,watulaney_mp3 watulaney_wav watulaney_eaf watulaney_xml watulaney_tsv,,763510,765790,np:obl	##	other,,watulaney
watulaney_0226,mctondano,sè,sè=,HES,"they [the village people],",en,WORD_ALIGNED,,watulaney_mp3 watulaney_wav watulaney_eaf watulaney_xml watulaney_tsv,,767180,768340,nc,,watulaney
watulaney_0227,mctondano,sèdèi'mou,sè=	dèy'	=mow,3PL.NOM=	not	=CMP,they no longer,en,MORPHEME_ALIGNED,,watulaney_mp3 watulaney_wav watulaney_eaf watulaney_xml watulaney_tsv,,768450,770080,=pro.h:p_u	nc	nc,,watulaney
watulaney_0228,mctondano,"dèimou pèila'an, ee",dèy'	=mow	pa-lila'-an	ZERO	e,not	=CMP	DYN-tongue-LV	ZERO	HES,"no longer called [i.e. labelled],",en,MORPHEME_ALIGNED,,watulaney_mp3 watulaney_wav watulaney_eaf watulaney_xml watulaney_tsv,,770531,772711,neg	=other	v:pred	0.h:a_u	nc,,watulaney
watulaney_0229,mctondano,udik karna,udik	#	karena,backward	#	because,(as) backwards. Because,en,MORPHEME_ALIGNED,,watulaney_mp3 watulaney_wav watulaney_eaf watulaney_xml watulaney_tsv,,774810,776390,np:obl	#ac	other,,watulaney
watulaney_0230,mctondano,sèa,sèa,3PL,they [the villagers],en,MORPHEME_ALIGNED,,watulaney_mp3 watulaney_wav watulaney_eaf watulaney_xml watulaney_tsv,,776621,777510,pro.h:dt_p_u,,watulaney
watulaney_0231,mctondano,"sèwaya waya, pe",sè=	waya	waya	pe,3PL.NOM=	RDP	all	HES,they are all,en,MORPHEME_ALIGNED,,watulaney_mp3 watulaney_wav watulaney_eaf watulaney_xml watulaney_tsv,,777510,779890,=pro.h:p_u	other	rn	nc,,watulaney
watulaney_0232,mctondano,pesesiwonè' waki,pa-Ce-siwo-en	ZERO	=pè'	waki,DYN-IRR-do-PV	ZERO	=INCMP	PREP3,still made by [come from] from,en,MORPHEME_ALIGNED,,watulaney_mp3 watulaney_wav watulaney_eaf watulaney_xml watulaney_tsv,,779920,782010,v:pred	0.h:a_u	=rv	adp,,watulaney
watulaney_0233,mctondano,ee,e,HES,"erh,",en,MORPHEME_ALIGNED,,watulaney_mp3 watulaney_wav watulaney_eaf watulaney_xml watulaney_tsv,,782190,783230,nc,,watulaney
watulaney_0234,mctondano,"tou kota sèa sèa kasi, sèma, masiwomou tuana",tow	kota	#	sèa	sèa	kasi	sè=	ma—	ma-siwo	=mow	ZERO	tuana,person	city	#	HES	HES	more	3PL.NOM=	HES	AV.DYN-do	=CMP	ZERO	thus,"the city people [i.e. the rural people and the city people come from the same stock]. They, they still also they do this [things that people do in the city].",en,MORPHEME_ALIGNED,,watulaney_mp3 watulaney_wav watulaney_eaf watulaney_xml watulaney_tsv,,783703,789171,np.h:obl	rn_np	##	nc	nc	other	=pro.h:a_a	nc	v:pred	=rv	0:p_a	rv,,watulaney
watulaney_0235,mctondano,"masiwo, walè, masiwo mateles oto mateles",#	ZERO	ma-siwo	walè	#	ma-siwo	ZERO	ma-teles	oto	#	ZERO	ma-teles,#	ZERO	AV.DYN-do	house	#	HES	ZERO	AV.DYN-buy	car	#	ZERO	AV.DYN-buy,"(They) make houses, make. (They) buy cars. (They) buy",en,WORD_ALIGNED,,watulaney_mp3 watulaney_wav watulaney_eaf watulaney_xml watulaney_tsv,,789200,793650,##	0.h:a_a	v:pred	np:p_a	##	nc	0.h:a_a	v:pred	np:p_a	##	0.h:a_a	v:pred,,watulaney
watulaney_0236,mctondano,waya waya sè,ZERO	waya	waya	#	sè=,ZERO	RDP	all	#	HES,all (things).,en,WORD_ALIGNED,,watulaney_mp3 watulaney_wav watulaney_eaf watulaney_xml watulaney_tsv,,793650,795020,0:p_a	rn	rn	##	nc,,watulaney
watulaney_0237,mctondano,"sèwèan loit, sè",sè=	wewèan	loit	#	sè=,3PL=	EXIST	money	#	HES,"They have money. They,",en,WORD_ALIGNED,,watulaney_mp3 watulaney_wav watulaney_eaf watulaney_xml watulaney_tsv,,795070,797780,=pro.h:dt	other:predex	np:s	##	nc,,watulaney
watulaney_0238,mctondano,ee laker dang petelesenèa,e	laker	dang	ZERO	pa-teles-en	=nèa,HES	many	PART	ZERO	DYN-buy-PV	=3PL.GEN,they buy many (things).,en,MORPHEME_ALIGNED,,watulaney_mp3 watulaney_wav watulaney_eaf watulaney_xml watulaney_tsv,,798114,800024,nc	ln	nc	0:p_u	v:pred	=pro.h:a_u,,watulaney
watulaney_0239,mctondano,jadi,#	jadi,#	thus,"So,",en,MORPHEME_ALIGNED,,watulaney_mp3 watulaney_wav watulaney_eaf watulaney_xml watulaney_tsv,,800054,801004,##	other,,watulaney
watulaney_0240,mctondano,waki wanua,waki	wanua,PREP3	vilage,in the village,en,MORPHEME_ALIGNED,,watulaney_mp3 watulaney_wav watulaney_eaf watulaney_xml watulaney_tsv,,801024,802404,adp	np:l,,watulaney
watulaney_0241,mctondano,ee,ee,HES,"ehm,",en,MORPHEME_ALIGNED,,watulaney_mp3 watulaney_wav watulaney_eaf watulaney_xml watulaney_tsv,,803264,804304,nc,,watulaney
watulaney_0242,mctondano,sètou tou mana dang,sè=	tow	tow	mana	dang,AN.PL=	RDP	person	there	PART,the people there then,en,MORPHEME_ALIGNED,,watulaney_mp3 watulaney_wav watulaney_eaf watulaney_xml watulaney_tsv,,804544,806744,=ln	ln_np	np.h:dt_s	other	nc,,watulaney
watulaney_0243,mctondano,"sèma, masuatou waki",sè=	ma—	ma-suat	=mow	waki,3PL.NOM=	HES	STAT.EV-same	=CMP	HES,they are the same in,en,MORPHEME_ALIGNED,,watulaney_mp3 watulaney_wav watulaney_eaf watulaney_xml watulaney_tsv,,806880,810690,=pro.h:s	nc	v:pred	=rv	adp,,watulaney
watulaney_0244,mctondano,"waki kota, dèimou, dèimou kasa",waki	kota	#	rèy'	=mow	rèy'	=mow	kasa,PREP3	city	#	not	=CMP	NEG	=CMP	very,"in the city. (It) is no longer, no longer, very,",en,MORPHEME_ALIGNED,,watulaney_mp3 watulaney_wav watulaney_eaf watulaney_xml watulaney_tsv,,810928,815296,adp	np:l	#nc	nc	nc	nc	nc	nc,,watulaney
watulaney_0245,mctondano,ee wanua wanua,e	wanua	wanua,HES	RDP	village,"the villages,",en,MORPHEME_ALIGNED,,watulaney_mp3 watulaney_wav watulaney_eaf watulaney_xml watulaney_tsv,,815296,817740,nc	nc	nc,,watulaney
watulaney_0246,mctondano,ee,e,HES,eh,en,MORPHEME_ALIGNED,,watulaney_mp3 watulaney_wav watulaney_eaf watulaney_xml watulaney_tsv,,818147,819406,nc,,watulaney
watulaney_0247,mctondano,wanua yang dèipè',wanua	yang	rèy'	=pè',village	REL	not	=INCMP,village that is not yet [code switching to Bahasa Indonesia and Manado Malay],en,MORPHEME_ALIGNED,,watulaney_mp3 watulaney_wav watulaney_eaf watulaney_xml watulaney_tsv,,826072,828535,nc	nc	nc	nc,,watulaney
watulaney_0248,mctondano,"berkambang, dèipè' mina, minalo'lo' sè",berkambang	#	ZERO	rèy'	=pè'	mina	m<in>a-loo-'loo'	#	sè=,developed	#	ZERO	not	=INCMP	HES	AV.PST.DYN-RDP-see	#	HES,developed. (I) had not yet seen (that).,en,WORD_ALIGNED,,watulaney_mp3 watulaney_wav watulaney_eaf watulaney_xml watulaney_tsv,,828851,833388,nc	##	0.1:a_a	neg	=other	nc	v:pred	#cc:p_a	nc,,watulaney
watulaney_0249,mctondano,"sètou tou ma, mateles laker laker barang",sè=	tow	tow	ma—	ma-teles	laker	laker	barang,AN.PL=	RDP	person	HES	AV.DYN-buy	RDP	many	goods,the people buy lots and lots of things.,en,MORPHEME_ALIGNED,,watulaney_mp3 watulaney_wav watulaney_eaf watulaney_xml watulaney_tsv,,833795,837721,=ln	ln_np	np.h:a_a	nc	v:pred	ln	ln	np:p_a,,watulaney
watulaney_0250,mctondano,ta'an waki wanuaku ni'itu,#	ta'an	waki	wanua	=ku	ni'tu,#	however	PREP3	village	=1SG.GEN	DEM2,"But in this village of mine,",en,MORPHEME_ALIGNED,,watulaney_mp3 watulaney_wav watulaney_eaf watulaney_xml watulaney_tsv,,837906,840647,##	other	adp	np:l	=rn_pro.1:poss	rn,,watulaney
watulaney_0251,mctondano,sè,sè=,HES,they,en,WORD_ALIGNED,,watulaney_mp3 watulaney_wav watulaney_eaf watulaney_xml watulaney_tsv,,840692,841985,nc,,watulaney
watulaney_0252,mctondano,"sèlakerou, noi, sèsèla, sèla, sèlakerou sèma",sè=	laker	=mow	sè=	sè=	lak	sè=	laker	=mow	#	sè=	ma—,HES	all	HES	HES	HES	HES	3PL.NOM=	many	=CMP	#	3PL.REL=	HES,"they (are) many, they (are) many, they (are) many (who)",en,WORD_ALIGNED,,watulaney_mp3 watulaney_wav watulaney_eaf watulaney_xml watulaney_tsv,,842090,845800,nc	nc	nc	nc	nc	nc	=pro.h:a_a	rn	=other	#rc_rn	=pro.h:a_a	nc,,watulaney
watulaney_0253,mctondano,mateles to rupa rupa,ma-teles	=itè	rupa	rupa,AV.DYN-buy	=LIM	RDP	type,just buy all types (of things).,en,MORPHEME_ALIGNED,,watulaney_mp3 watulaney_wav watulaney_eaf watulaney_xml watulaney_tsv,,845800,847540,v:pred	=rv	ln_np	np:p_a,,watulaney
watulaney_0254,mctondano,"maan, mana kasi, ee",#	ma'an	mana	kasi	e,#	although	there	more	HES,"Although still there,",en,MORPHEME_ALIGNED,,watulaney_mp3 watulaney_wav watulaney_eaf watulaney_xml watulaney_tsv,,848147,851758,#ac	other	other	other	nc,,watulaney
watulaney_0255,mctondano,"tampa pa'ibadaan mana, enemou",tampa	pa-ibadah-an	mana	enem	=mow,place	DYN-pray-LV	there	six	=CMP,six prayer places are there.,en,MORPHEME_ALIGNED,,watulaney_mp3 watulaney_wav watulaney_eaf watulaney_xml watulaney_tsv,,852090,854990,ln_np	np:s	other	np:pred	=rn,,watulaney
watulaney_0256,mctondano,jadi enemou tampa pa'ibadahan,#	jadi	enem	=mow	tampa	pa-ibadah-an,#	thus	six	=CMP	place	DYN-pray-LV,So the prayer places are six.,en,MORPHEME_ALIGNED,,watulaney_mp3 watulaney_wav watulaney_eaf watulaney_xml watulaney_tsv,,856240,858890,##	other	np:pred	=rn	ln_np	np:s,,watulaney
watulaney_0257,mctondano,karna sètou mana sèlakerou,#	karèna	sè=	tow	mana	sè=	laker	=mow,#	because	AN.PL=	person	there	3PL.NOM=	all	=CMP,"Because the people there, they are many.",en,MORPHEME_ALIGNED,,watulaney_mp3 watulaney_wav watulaney_eaf watulaney_xml watulaney_tsv,,859030,861660,#ac	other	=ln	np.h:dt_s	other	=pro.h:s	other:pred	=other,,watulaney
watulaney_0258,mctondano,"waki wanuaku sètou mana, sè",#	waki	wanua	=ku	sè=	tow	mana	sè=,#	PREP3	village	=1SG.GEN	AN.PL=	person	there	HES,"In my village, the people there, they",en,WORD_ALIGNED,,watulaney_mp3 watulaney_wav watulaney_eaf watulaney_xml watulaney_tsv,,862290,865610,##	adp	np:l	=rn_pro.1:poss	=ln	np.h:dt_s	other	nc,,watulaney
watulaney_0259,mctondano,sè,sè=,3PL.NOM=,"they,",en,MORPHEME_ALIGNED,,watulaney_mp3 watulaney_wav watulaney_eaf watulaney_xml watulaney_tsv,,866011,867221,=pro.h:s,,watulaney
watulaney_0260,mctondano,ee,e,HES,"erh,",en,MORPHEME_ALIGNED,,watulaney_mp3 watulaney_wav watulaney_eaf watulaney_xml watulaney_tsv,,867221,868406,nc,,watulaney
watulaney_0261,mctondano,lakerou karengan sè,laker	=mow	karengan	#	sè=,many	=CMP	definitely	#	3PL.NOM=,"(are) definitely many. They,",en,MORPHEME_ALIGNED,,watulaney_mp3 watulaney_wav watulaney_eaf watulaney_xml watulaney_tsv,,868666,870966,other:pred	=rv	other	##	=pro.h:s,,watulaney
watulaney_0262,mctondano,"laker, soalnya sèlaker oki' sèlaeng, jadi sè",laker	#	soal	=nya	sè=	laker	oki'	sè=	laeng	#	jadi	sè=,many	#	issue	=3SG.GEN	AN.PL=	many	small	AN.PL=	other	#	thus	HES,"are many. Because they are many children, the others. So they",en,WORD_ALIGNED,,watulaney_mp3 watulaney_wav watulaney_eaf watulaney_xml watulaney_tsv,,873187,876907,other:pred	#ac	other	=rn_pro:poss	=ln	ln	np.h:s	=ln	other:pred	##	other	nc,,watulaney
watulaney_0263,mctondano,"wanua, ee masalahmou, masalahmou karengan wanua waki watulanèy",wanua	e	masalah	=mow	#	masalah	=mow	karengan	wanua	waki	Watulanèy,village	HES	problem	=CMP	#	problem	=CMP	definitely	village	PREP3	PN,"the village, erh, is trouble. Definitely trouble in the village of Watulaney.",en,MORPHEME_ALIGNED,,watulaney_mp3 watulaney_wav watulaney_eaf watulaney_xml watulaney_tsv,,876907,882036,np:s	nc	other:pred	=rn	##	np:s	=rn	other	np:pred	adp	np:l,,watulaney
watulaney_0264,mctondano,ee,ee,HES,"erh,",en,MORPHEME_ALIGNED,,watulaney_mp3 watulaney_wav watulaney_eaf watulaney_xml watulaney_tsv,,883382,884530,nc,,watulaney
watulaney_0265,mctondano,sè,sè=,HES,they,en,WORD_ALIGNED,,watulaney_mp3 watulaney_wav watulaney_eaf watulaney_xml watulaney_tsv,,888160,889730,nc,,watulaney
watulaney_0266,mctondano,sèmaki'iki'itou,#	sè=	ma-ki'it-ki'it	=mow,#	3PL.NOM=	AV.DYN-RDP-follow	=CMP,"They are following,",en,MORPHEME_ALIGNED,,watulaney_mp3 watulaney_wav watulaney_eaf watulaney_xml watulaney_tsv,,891456,893489,##	=pro.h:a_a	v:pred	=rv,,watulaney
watulaney_0267,mctondano,eem,eem,HES,"erm,",en,MORPHEME_ALIGNED,,watulaney_mp3 watulaney_wav watulaney_eaf watulaney_xml watulaney_tsv,,893605,894625,nc,,watulaney
watulaney_0268,mctondano,perkembangan waki kota,perkembangan	waki	kota,NR-flower-LV	PREP3	city,the developments [trends] from the city.,en,WORD_ALIGNED,,watulaney_mp3 watulaney_wav watulaney_eaf watulaney_xml watulaney_tsv,,897672,899725,np:p_a	adp	np:l,,watulaney
watulaney_0269,mctondano,"waki wanuaku sèlaker sèlaker karengan kasi sèmaskola, maskola pendèta",#	waki	wanua	=ku	sè=	laker	sè=	laker	karèngan	kasi	#	sè=	ma-sekola	ma-sekola	pendèta,#	PREP3	village	=1SG.GEN	HES	many	3PL.NOM=	many	definitely	more	#	3PL.REL=	HES	AV.DYN-school	priest,"In my village they are many, they're definitiely many who are still learning to be priests.",en,WORD_ALIGNED,,watulaney_mp3 watulaney_wav watulaney_eaf watulaney_xml watulaney_tsv,,900425,906610,##	adp	np:l	=rn_pro.1:poss	nc	nc	=pro.h:s	other:pred	other	other	#rc	=pro.h:s	nc	v:pred	rv,,watulaney
watulaney_0270,mctondano,jadi sè,#	jadi	sè=,#	so	HES,So the,en,WORD_ALIGNED,,watulaney_mp3 watulaney_wav watulaney_eaf watulaney_xml watulaney_tsv,,907146,908630,##	other	nc,,watulaney
watulaney_0271,mctondano,sèee,sè=	e,AN.PL=	HES,"the erm,",en,MORPHEME_ALIGNED,,watulaney_mp3 watulaney_wav watulaney_eaf watulaney_xml watulaney_tsv,,908630,910389,=ln	nc,,watulaney
watulaney_0272,mctondano,tou tou lèwo' tèmpo sèmakurakurangoula',tow	tow	lèwo'	tèmpo	sè=	ma-kurang-kurang	=mow	=la,RDP	person	bad	time	3PL.NOM=	EV.STAT-RDP-less	=CMP	=DIR.PROX,"bad time people [the people from the earlier bad times], they are far fewer.",en,MORPHEME_ALIGNED,,watulaney_mp3 watulaney_wav watulaney_eaf watulaney_xml watulaney_tsv,,911050,914999,ln_np	np.h:dt_s	rn	rn_np	=pro.h:s	v:pred	=rv	=rv,,watulaney
watulaney_0273,mctondano,e waktu te'un te'un limangkoila laker,#	e	waktu	te'un	te'un	l<im>angkoy	=la	laker,#	HES	time	RDP	year	<AV.PST>pass	=DIR.PROX	many,Eh in the times many years ago,en,MORPHEME_ALIGNED,,watulaney_mp3 watulaney_wav watulaney_eaf watulaney_xml watulaney_tsv,,915592,919536,##	nc	other	ln_np	np:other	rn	=other	other,,watulaney
watulaney_0274,mctondano,"sèkelaker karèngan sètou tou ma, mawunu' tou wewèan sèma",sè=	ka-laker	karèngan	#	sè=	tow	tow	ma	ma-wunu'	tow	#	wewèan	#	sè=	ma—,3PL.NOM=	very-many	definitely	#	AN.PL=	RDP	person	HES	AV.DYN-kill	person	#	EXIST	#	3PL.REL=	HES,they were definitely many. The people kill (other) people. There are (those who),en,MORPHEME_ALIGNED,,watulaney_mp3 watulaney_wav watulaney_eaf watulaney_xml watulaney_tsv,,919588,926388,=pro.h:s	other:pred	other	##	=ln	ln_np	np.h:a_a	nc	v:pred	np.h:p_a	##	other:predex	#rc:s	=pro.h:s	nc,,watulaney
watulaney_0275,mctondano,"ma, apa",ma—	apa,HES	what,"uhm, what,",en,MORPHEME_ALIGNED,,watulaney_mp3 watulaney_wav watulaney_eaf watulaney_xml watulaney_tsv,,927242,928570,nc	nc,,watulaney
watulaney_0276,mctondano,ma,ma—,HES,Uh...,en,MORPHEME_ALIGNED,,watulaney_mp3 watulaney_wav watulaney_eaf watulaney_xml watulaney_tsv,,929462,931037,nc,,watulaney
watulaney_0277,mctondano,"matokol ma, ma, matiboi, ee pepatil",ma-tokol	ma—	ma—	#	ZERO	ma-tiboy	e	pepatil,AV.DYN-fight	HES	HES	#	ZERO	AV.DYN-grasp	HES	machete,fight. (They) take machetes.,en,MORPHEME_ALIGNED,,watulaney_mp3 watulaney_wav watulaney_eaf watulaney_xml watulaney_tsv,,933755,938699,v:pred	nc	nc	##	0.h:a_a	v:pred	nc	np:p_a,,watulaney
watulaney_0278,mctondano,"ma, sèma pokonya sèmaketor tou ta'an ye'in",#	ma—	sè=	ma—	pokok	=nya	sè=	ma-ketor	tow	#	ta'an	ye'i,#	HES	HES	HES	primary	=3SG.GEN	3PL.NOM=	AV.DYN-slice	person	#	however	now,"They, primarily, they cut (other) people,. But now",en,WORD_ALIGNED,,watulaney_mp3 watulaney_wav watulaney_eaf watulaney_xml watulaney_tsv,,938981,942930,##	nc	nc	nc	other	=rn_pro:poss	=pro.h:a_a	v:pred	np.h:p_a	##	other	other,,watulaney
watulaney_0279,mctondano,"sèmakurangoula kaa sèmete'umou, mate'umou siopo' empung",sè=	ma-kurang	=mow	=la	#	ka'a	sè=	ma-te'u	=mow	ma-te'u	=mow	si=	Opo	Empung,3PL.NOM=	EV.STAT-less	=CMP	=DIR.PROX	#	because	3PL.NOM=	HES	=CMP	EV.STAT-know	=CMP	AN.SG=	elder	ancestor,"they are fewer, because they know, know (about) God.",en,WORD_ALIGNED,,watulaney_mp3 watulaney_wav watulaney_eaf watulaney_xml watulaney_tsv,,942930,949180,=pro.h:s	v:pred	=rv	=rv	#ac	other	=pro.h:a_a	nc	nc	v:pred	=rv	=ln	ln_np.h	np.h:p_a,,watulaney
watulaney_0280,mctondano,e,e,HES,"erh,",en,MORPHEME_ALIGNED,,watulaney_mp3 watulaney_wav watulaney_eaf watulaney_xml watulaney_tsv,,950168,951827,nc,,watulaney
watulaney_0281,mctondano,"mudamudahan beri, me, te'un te'un berikut sèsèdè'moula sètou tanu ni'itu",#	mudah-mudah-an	beri	me	te'un	te'un	berikut	sè=	sè=	rèy'	=mow	=la	sè=	tow	tanu	ni'tu,#	RDP-easy	HES	HES	RDP	year	following	HES	3PL=	not	=CMP	=DIR.PROX	AN.PL=	person	like	DEM2,"Luckily, in the following years,they, they, there are no longer people like that.",en,WORD_ALIGNED,,watulaney_mp3 watulaney_wav watulaney_eaf watulaney_xml watulaney_tsv,,958771,965976,##	other	nc	nc	ln_np	np:other	other	nc	=pro.h:dt_s	neg	=other	=rn	=ln	np.h:s	other:pred	other,,watulaney
watulaney_0282,mctondano,"supaya sèwaki wanua, wanuaku watulanèy, sèmusti pesesiwon supaya, ee",#	supaya	sè=	waki	wanua	wanua	=ku	Watulanèy	sè=	musti	pa-Ce-siwo-en	ZERO	#	supaya	e,#	so.that	3PL=	PREP3	HES	village	=1SG.GEN	PN	3PL.NOM=	AUX.must	DYN-IRR-do-PV	ZERO	#	so.that	HES,"So that those in the village, my village, Watulaney, they have to be made (to be nice -- by others), so that, erh,",en,MORPHEME_ALIGNED,,watulaney_mp3 watulaney_wav watulaney_eaf watulaney_xml watulaney_tsv,,966749,974772,#ac	other	=pro.h:dt_p_u	adp	nc	np:l	=rn_pro.1:poss	rn_np	=pro.h:p_u	aux	v:pred	0.h:a_u	#ac	other	nc,,watulaney
watulaney_0283,mctondano,"sèmete'u waya si siopo' , opo' wana natas",sè=	ma-te'u	waya	si=	si=	Opo	Opo	mana	N=	atas,3PL.NOM=	EV.STAT-know	all	HES	AN.SG=	HES	elder	PREP2	INAN=	above,"they all know the, the God up above.",en,WORD_ALIGNED,,watulaney_mp3 watulaney_wav watulaney_eaf watulaney_xml watulaney_tsv,,975022,979567,=pro.h:a_a	v:pred	rn	nc	=ln	nc	np.h:p_a	adp	=ln	np:l,,watulaney
watulaney_0284,mctondano,ye'in kasi,#	ye'i	kasi,#	now	more,Still nowadays,en,MORPHEME_ALIGNED,,watulaney_mp3 watulaney_wav watulaney_eaf watulaney_xml watulaney_tsv,,985680,986900,#ac	other	other,,watulaney
watulaney_0285,mctondano,karna sikapalamèi sikewangun,karena	si=	kepala	=mèy	si=	ka-wangun,because	AN.SG=	head	=1PL.EX.GEN	3SG.NOM=	very-good,"because our (village) head, he is very good.",en,MORPHEME_ALIGNED,,watulaney_mp3 watulaney_wav watulaney_eaf watulaney_xml watulaney_tsv,,986954,991431,other	=ln	np.h:dt_s	=rn_pro.1:poss	=pro.h:s	other:pred,,watulaney
watulaney_0286,mctondano,ee,e,HES,"erh,",en,MORPHEME_ALIGNED,,watulaney_mp3 watulaney_wav watulaney_eaf watulaney_xml watulaney_tsv,,991669,992872,nc,,watulaney
watulaney_0287,mctondano,"kelaker pere, pasiwon waki wanua",#	ka-laker	pere	ZERO	pa-siwo-en	ZERO	waki	wanua,#	very-many	HES	ZERO	DYN-do-PV	ZERO	PREP3	village,(He) does many things in the village.,en,MORPHEME_ALIGNED,,watulaney_mp3 watulaney_wav watulaney_eaf watulaney_xml watulaney_tsv,,993545,997249,##	ln	nc	0:p_u	v:pred	0.h:a_u	adp	np:l,,watulaney
watulaney_0288,mctondano,e pasiwon pewewangun wanua,#	e	ZERO	pa-siwo-en	ZERO	#	i-pa-Ce-wangun-en	ZERO	wanua,#	HES	ZERO	DYN-do-PV	ZERO	#	CV-DYN-IRR-good	ZERO	village,(He does (these things). (He) will improve the village [organise for these things to be done].,en,WORD_ALIGNED,,watulaney_mp3 watulaney_wav watulaney_eaf watulaney_xml watulaney_tsv,,997249,1000840,##	nc	0:p_u	v:pred	0.h:a_u	##	v:pred	0.h:a_u	np:p_u,,watulaney
watulaney_0289,mctondano,pasiwon lalan sèmasiwo,#	pa-siwo-en	ZERO	lalan	#	sè=	ma-siwo,#	DYN-do-PV	ZERO	road	#	3PL.NOM=	AV.DYN-do,"(They) make roads. They make,",en,MORPHEME_ALIGNED,,watulaney_mp3 watulaney_wav watulaney_eaf watulaney_xml watulaney_tsv,,1001045,1003749,##	v:pred	0.h:a_u	np:p_u	##	=pro.h:a_a	v:pred,,watulaney
watulaney_0290,mctondano,ee,ee,HES,"erh,",en,MORPHEME_ALIGNED,,watulaney_mp3 watulaney_wav watulaney_eaf watulaney_xml watulaney_tsv,,1003749,1004710,nc,,watulaney
watulaney_0291,mctondano,ee,ee,HES,"erh,",en,MORPHEME_ALIGNED,,watulaney_mp3 watulaney_wav watulaney_eaf watulaney_xml watulaney_tsv,,1005410,1006600,nc,,watulaney
watulaney_0292,mctondano,"got, got waki lalan, jadi",got	got	waki	lalan	#	jadi,RDP	drain	PREP3	road	#	thus,"drains on the road. So,",en,MORPHEME_ALIGNED,,watulaney_mp3 watulaney_wav watulaney_eaf watulaney_xml watulaney_tsv,,1006780,1009270,ln_np	np:p_a	adp	np:l	#ac	other,,watulaney
watulaney_0293,mctondano,"sa sèa dèpè' pernah, wak, mèa waki wanuamèi, genangnèa waki wanua, wanuaku",sa	sèa	rèy'	=pè'	pernah	wak	<um>èa	waki	wanua	=mèy	#	ZERO	ghènang	=nèa	waki	wanua	wanua	=ku,if	3PL	not	=INCMP	ever	HES	<AV>go	PREP3	village	=1PL.EX.GEN	#	ZERO	thought	=3PL.GEN	PREP3	HES	village	=1SG.GEN,if they have not yet ever been to our village. (This is) their opinion about my village.,en,MORPHEME_ALIGNED,,watulaney_mp3 watulaney_wav watulaney_eaf watulaney_xml watulaney_tsv,,1009749,1016476,other	pro.h:s	neg	=other	other	nc	v:pred	adp	np:l	=rn_pro.1:poss	##	0:s	np:pred	=rn_pro.h:poss	adp	nc	np:l	=rn_pro.1:poss,,watulaney
watulaney_0294,mctondano,"ee, kaa, dèi wangun karangan padahal sa sèa pernahmou mèa",#	e	ka'a	ZERO	rèy'	wangun	karangan	#	padahal	sa	sèa	pernah	=mow	<um>èa,#	HES	because	ZERO	not	good	definitely	#	actually	if	3PL	ever	=CMP	<AV>go,"Eh because (it) is not definitely a good place (they think), although if they would have ever been",en,MORPHEME_ALIGNED,,watulaney_mp3 watulaney_wav watulaney_eaf watulaney_xml watulaney_tsv,,1016703,1022362,#ac	nc	other	0:s	neg	other:pred	rn	#ac	other	other	pro.h:s	other	=other	v:pred,,watulaney
watulaney_0295,mctondano,waki wanuaku,waki	wanua	=ku,PREP3	village	=1SG.GEN,to my village.,en,MORPHEME_ALIGNED,,watulaney_mp3 watulaney_wav watulaney_eaf watulaney_xml watulaney_tsv,,1022528,1024008,adp	np:l	=rn_pro.1:poss,,watulaney
watulaney_0296,mctondano,"kewangun sebenar, kewangun karengan sa peleloo'n",#	ZERO	ka-wangun	sebenar	#	ZERO	ka-wangun	karengan	#	sa	ZERO	pa-Ce-loo'-en	ZERO,#	ZERO	very-good	actually	#	ZERO	very-good	definitely	#	if	ZERO	DYN-IRR-see-PV	ZERO,"(it's) very nice actually. (It's) very definitely very nice, if (they) will see (my village).",en,MORPHEME_ALIGNED,,watulaney_mp3 watulaney_wav watulaney_eaf watulaney_xml watulaney_tsv,,1024231,1027862,##	0:s	other:pred	other	##	0:s	other:pred	other	#ac	other	0:p_u	v:pred	0.h:a_u,,watulaney
watulaney_0297,mctondano,em,em,HES,"ehm,",en,MORPHEME_ALIGNED,,watulaney_mp3 watulaney_wav watulaney_eaf watulaney_xml watulaney_tsv,,1028017,1028896,nc,,watulaney
watulaney_0298,mctondano,"pemandangaana kawangun pokoknya, sètou tou kasi, sèsèkewangun waya",#	pemandangan	=na	ka-wangun	#	pokok	=nya	sè=	tow	tow	kasi	sè=	sè=	ka-wangun	waya,#	scenery	=3SG.GEN	very-good	#	primary	=3SG.GEN	AN.PL=	RDP	person	more	HES	3PL.NOM=	very-good	all,It's scenery is very nice. The main thing (is) the people again. They are all very nice.,en,WORD_ALIGNED,,watulaney_mp3 watulaney_wav watulaney_eaf watulaney_xml watulaney_tsv,,1030022,1036772,##	np:s	=rn_pro:poss	other:pred	##	other	=other	=ln	ln_np	np.h:dt_s	other	nc	=pro.h:s	other:pred	other,,watulaney
watulaney_0299,mctondano,"sèmalèolèosanou sèwa, sètou waki",#	sè=	ma-lè'os-lè'os-an	=mow	sè=	wa	sè=	tow	waki,#	3PL.NOM=	AV.DYN-RDP-good-MUT	=CMP	HES	HES	AN.PL=	person	PREP3,They are being good to each other the people in,en,WORD_ALIGNED,,watulaney_mp3 watulaney_wav watulaney_eaf watulaney_xml watulaney_tsv,,1038087,1042730,##	=pro.h:s	v:pred	=rv	nc	nc	=ln	np.h:dt_s	ln,,watulaney
watulaney_0300,mctondano,wanuaku,wanua	=ku,village	=1SG.GEN,my village.,en,MORPHEME_ALIGNED,,watulaney_mp3 watulaney_wav watulaney_eaf watulaney_xml watulaney_tsv,,1042730,1044410,np:l	=rn_pro.1:poss,,watulaney
watulaney_0301,mctondano,ee,e,HES,"ehm,",en,MORPHEME_ALIGNED,,watulaney_mp3 watulaney_wav watulaney_eaf watulaney_xml watulaney_tsv,,1045709,1046791,nc,,watulaney
watulaney_0302,mctondano,"kaayo ye'in sètou waki, waki wanuaku",#	i-ka-ayo'	ye'i	sè=	tow	waki	waki	wanua	=ku,#	CV-arrive	now	AN.PL=	person	HES	PREP3	village	=1SG.GEN,Until now the people in my village,en,WORD_ALIGNED,,watulaney_mp3 watulaney_wav watulaney_eaf watulaney_xml watulaney_tsv,,1050976,1056544,##	other	other	=ln	np.h:dt_s	nc	adp	np:l	=rn_pro.1:poss,,watulaney
watulaney_0303,mctondano,sè,sè=,3PL.NOM=,"they,",en,MORPHEME_ALIGNED,,watulaney_mp3 watulaney_wav watulaney_eaf watulaney_xml watulaney_tsv,,1057317,1059817,=pro.h:s,,watulaney
watulaney_0304,mctondano,malèolèosanou,ma-lè'os-lè'os-an	=mow,AV.DYN-RDP-good-MUT	=CMP,are being good to each other.,en,MORPHEME_ALIGNED,,watulaney_mp3 watulaney_wav watulaney_eaf watulaney_xml watulaney_tsv,,1060896,1062606,v:pred	=rv,,watulaney
watulaney_0305,mctondano,dèimou tanu ndulu dulu,#	ZERO	rèy'	=mow	tanu	N=	dulu	dulu,#	ZERO	not	=CMP	like	INAN=	early	early,(They) are no longer like the early times.,en,MORPHEME_ALIGNED,,watulaney_mp3 watulaney_wav watulaney_eaf watulaney_xml watulaney_tsv,,1063387,1065069,##	0.h:s	neg	=other	other:pred	=other	other	other,,watulaney
watulaney_0306,mctondano,"e, kaayopè' wia sesusuienkula",#	e	i-ka-ayo'	=pè'	wia	Ce-susui-en	=ku	=la,#	HES	CV-arrive	=INCMP	here	NR-talk-PV	=1SG.GEN	=DIR.PROX,"Erh, until here (this point) (is) my story",en,WORD_ALIGNED,,watulaney_mp3 watulaney_wav watulaney_eaf watulaney_xml watulaney_tsv,,1072749,1077545,##	nc	other	=rv	other	np:p_u	=rn_pro.1:poss	=rn,,watulaney
watulaney_0307,mctondano,e,e,HES,"erh,",en,MORPHEME_ALIGNED,,watulaney_mp3 watulaney_wav watulaney_eaf watulaney_xml watulaney_tsv,,1077545,1079249,nc,,watulaney
watulaney_0308,mctondano,sambungenoukan ee kasi,sambung-en	ZERO	=mowkan	e	kasi,continue-PV	ZERO	=definitely	HES	more,"(I) will continue (it), erh, again,",en,MORPHEME_ALIGNED,,watulaney_mp3 watulaney_wav watulaney_eaf watulaney_xml watulaney_tsv,,1080873,1083885,v:pred	0.1:a_u	=rv	nc	rv,,watulaney
watulaney_0309,mctondano,eem,eem,HES,"ehm,",en,MORPHEME_ALIGNED,,watulaney_mp3 watulaney_wav watulaney_eaf watulaney_xml watulaney_tsv,,1084047,1085620,nc,,watulaney
watulaney_0310,mctondano,berikut,berikut,following,another time following.,en,MORPHEME_ALIGNED,,watulaney_mp3 watulaney_wav watulaney_eaf watulaney_xml watulaney_tsv,,1088324,1088992,other,,watulaney
watulaney_0311,mctondano,"abisla ye'in mungkin abisla ye'in, mesesusui lèi",#	ZERO	abis	=la	ye'i	#	mungkin	ZERO	abis	=la	ye'i	#	ZERO	ma-Ce-susui	lèy,#	ZERO	finished	=DIR.PROX	now	#	maybe	ZERO	finished	=DIR.PROX	now	#	ZERO	AV.DYN-IRR-talk	more,"(It) is over now, maybe. (It) is over now. (I) will speak again.",en,MORPHEME_ALIGNED,,watulaney_mp3 watulaney_wav watulaney_eaf watulaney_xml watulaney_tsv,,1091636,1096454,##	0:s	other:pred	=other	other	##	other	0:s	other:pred	=other	other	##	0.1:s	v:pred	other,,watulaney
watulaney_0312,mctondano,"mesesusui ee, cerita laèng",#	ZERO	ma-Ce-susui	e	cerita	laèng,#	ZERO	AV.DYN-IRR-talk	HES	story	other,(I) will tell another story.,en,MORPHEME_ALIGNED,,watulaney_mp3 watulaney_wav watulaney_eaf watulaney_xml watulaney_tsv,,1096499,1099386,##	0.1:a_a	v:pred	nc	np:p_a	rn,,watulaney
